date,min,max,median,q1,q3,stdev,count
2022-02-01T00:00:00.000Z,29.1,45.2,35.4,33.29,37,2.638,400
2022-02-02T00:00:00.000Z,10.8,37.4,19.6,16.2,29.4,7.207,623
2022-02-03T00:00:00.000Z,18.7,86.7,39.2,35.75,42.95,7.899,600
2022-02-04T00:00:00.000Z,39.9,81.7,47.4,44.2,51.2,7.503,611
2022-02-05T00:00:00.000Z,47,128.4,77.4,52,91,21.452,605
2022-02-06T00:00:00.000Z,53.1,154.2,74.5,68,78.4,8.884,625
2022-02-07T00:00:00.000Z,31.8,133.2,70.9,60,94.9,20.703,608
2022-02-08T00:00:00.000Z,18.5,114.4,38.2,30.3,45.2,10.444,587
2022-02-09T00:00:00.000Z,22.6,84.8,34.1,31.3,39,5.668,598
2022-02-10T00:00:00.000Z,35.8,88.5,63.1,54.3,67.8,10.071,606
2022-02-11T00:00:00.000Z,32.8,133.1,54.5,47.7,85.1,22.743,615
2022-02-12T00:00:00.000Z,5.7,54.4,39.5,16.9,46,14.416,566
2022-02-13T00:00:00.000Z,5.5,44.9,24.5,14.6,34.4,10.64,567
2022-02-14T00:00:00.000Z,29.9,82.3,55.7,35.75,69.65,16.151,613
2022-02-15T00:00:00.000Z,43.6,161.7,57.8,50.65,71.9,15.825,620
2022-02-16T00:00:00.000Z,46.2,157,70.6,62.05,86.2,15.145,485
2022-02-17T00:00:00.000Z,28.7,169.5,71.9,57.5,96.05,24.764,560
2022-02-18T00:00:00.000Z,1.3,172.2,44.8,28.6,49.9,17.802,592
2022-02-19T00:00:00.000Z,3.5,82.4,10.6,7.2,15.4,7.322,597
2022-02-20T00:00:00.000Z,7.7,32.4,17.3,15.2,19.89,4.175,607
2022-02-21T00:00:00.000Z,17.1,53.7,22.3,20.39,24.6,4.145,628
2022-02-22T00:00:00.000Z,19.7,66.1,29.9,25.3,33.3,6.09,601
2022-02-23T00:00:00.000Z,25.7,94.1,43.4,36.79,55.1,14.805,603
2022-02-24T00:00:00.000Z,36.6,113.2,56.6,43.8,65.4,17.284,605
2022-02-25T00:00:00.000Z,50.8,145.4,74.8,68.05,96.6,21.287,581
2022-02-26T00:00:00.000Z,93.8,235.4,161.05,114.5,203.3,42.608,590
2022-02-27T00:00:00.000Z,70.3,318.7,159.4,129.55,190.2,41.25,621
2022-02-28T00:00:00.000Z,60.3,204.8,106.8,93,128.5,36.03,635
2022-03-01T00:00:00.000Z,68.4,203.5,135.8,95.3,150.25,33.393,597
2022-03-02T00:00:00.000Z,41.1,187,128.94,84.4,163.3,44.516,582
2022-03-03T00:00:00.000Z,38,166.4,49,46.6,58,28.454,605
2022-03-04T00:00:00.000Z,44.2,314.9,55.5,50.4,63.5,16.857,607
2022-03-05T00:00:00.000Z,42.1,214.1,54.6,51,61.4,14.287,587
2022-03-06T00:00:00.000Z,26.8,69.9,43.1,38.15,52.65,9.667,613
2022-03-07T00:00:00.000Z,39.7,279.2,68.6,45.6,95.6,48.636,613
2022-03-08T00:00:00.000Z,26.4,177.1,46.2,37.1,53.7,30.412,626
2022-03-09T00:00:00.000Z,42.5,143.1,53.2,50.7,58.8,7.937,590
2022-03-10T00:00:00.000Z,29.3,153.8,45,39.8,49.1,11.003,598
2022-03-11T00:00:00.000Z,41.9,108.3,50.3,46.9,52.5,6.891,215
2022-03-21T00:00:00.000Z,46.3,198.6,56.9,51.3,70.2,15.228,520
2022-03-22T00:00:00.000Z,6.9,313.3,55.9,46.1,72,28.81,619
2022-03-23T00:00:00.000Z,3.1,407,26.3,13.25,49.05,32.353,613
2022-03-24T00:00:00.000Z,42.5,134.9,58.1,53.95,62.85,8.628,592
2022-03-25T00:00:00.000Z,37.1,293.3,77.05,51.85,94,24.782,604
2022-03-26T00:00:00.000Z,39.7,266.6,68.3,52.2,84.3,24.691,611
2022-03-27T00:00:00.000Z,21.1,182.7,36.2,30.4,39.79,13.094,614
2022-03-28T00:00:00.000Z,29.4,204.3,57.1,38.5,71.5,21.755,611
2022-03-29T00:00:00.000Z,30.4,262.7,66.2,51.8,81.34,21.131,625
2022-03-30T00:00:00.000Z,26.2,217.2,52,38.85,90.85,31.844,601
2022-03-31T00:00:00.000Z,6.8,148.1,62.9,12.6,74.34,31.034,601
2022-04-01T00:00:00.000Z,8,84.1,17.64,14.3,21.6,6.604,606
2022-04-02T00:00:00.000Z,7.7,85,22.75,13.6,34.29,13.396,622
2022-04-03T00:00:00.000Z,12.4,88.9,39.75,26.7,44.3,14.528,602
2022-04-04T00:00:00.000Z,31.5,123.1,49.4,43.5,54.6,14.579,608
2022-04-05T00:00:00.000Z,41.2,218.6,62.5,51.05,81.25,24.902,629
2022-04-06T00:00:00.000Z,69.5,343.6,106.3,92.9,192.9,54.26,621
2022-04-07T00:00:00.000Z,38.7,223.6,89.35,56.65,129.94,44.948,612
2022-04-08T00:00:00.000Z,62.2,266.8,110.8,101.2,124.5,26.521,615
2022-04-09T00:00:00.000Z,40,276.7,57.3,49.3,73.3,21.264,582
2022-04-10T00:00:00.000Z,42.1,97,54.3,47.1,62.4,9.463,604
2022-04-11T00:00:00.000Z,46.3,147.7,57.15,50.6,64.05,10.19,472
2022-04-12T00:00:00.000Z,33.1,212.3,50.1,40.7,56.1,14.464,590
2022-04-13T00:00:00.000Z,46.2,242.2,61.7,56.1,73.34,17.096,501
2022-04-14T00:00:00.000Z,42.6,144.9,50.5,48.3,55.5,8.285,599
2022-04-15T00:00:00.000Z,44.6,77.2,58.3,50.2,63.6,7.414,613
2022-04-16T00:00:00.000Z,9,64.9,32.79,24.7,44.7,12.127,629
2022-04-17T00:00:00.000Z,1.7,116.6,13.3,8.7,24.1,12.174,607
2022-04-18T00:00:00.000Z,5.3,28.6,15.2,11.9,19.8,5.624,54
2022-04-27T00:00:00.000Z,34.3,85.9,43.8,42.5,45,4.36,379
2022-04-28T00:00:00.000Z,23.1,150.3,41.9,31.1,47.6,12.252,600
2022-04-29T00:00:00.000Z,34.7,97,47.7,44.2,50.5,4.644,599
2022-04-30T00:00:00.000Z,0.1,52.7,27.85,19.1,35.3,13.617,598
2022-05-01T00:00:00.000Z,3.3,108.8,15.45,8.85,20.2,11.332,600
2022-05-02T00:00:00.000Z,16,99.7,30.3,21.2,48.1,18.357,603
2022-05-03T00:00:00.000Z,16.4,84,38.8,22.7,45.4,15.715,602
2022-05-04T00:00:00.000Z,26.9,108.7,52.7,44,65.1,16.841,610
2022-05-05T00:00:00.000Z,38.6,159.3,48.8,44.65,51.5,13.101,601
2022-05-06T00:00:00.000Z,29.6,104.2,58.5,40.79,73.2,20.177,615
2022-05-07T00:00:00.000Z,8.9,61.1,34.7,26.95,40.8,10.989,613
2022-05-08T00:00:00.000Z,9.2,134.5,31.8,28.8,35.2,9.819,596
2022-05-09T00:00:00.000Z,19.4,117.6,32.3,30.3,35.1,5.888,611
2022-05-10T00:00:00.000Z,27.8,144.2,37.7,34.5,43.4,8.936,606
2022-05-11T00:00:00.000Z,22.5,233.2,44.9,34.2,49.3,17.074,623
2022-05-12T00:00:00.000Z,9.2,196.9,46.3,40.85,49.1,13.817,596
2022-05-13T00:00:00.000Z,11.5,77.2,30.7,22.1,42,12.535,595
2022-05-14T00:00:00.000Z,16.2,110.9,49.6,45.5,67.2,16.456,601
2022-05-15T00:00:00.000Z,5.3,97.1,16.5,11.3,26.2,12.996,607
2022-05-16T00:00:00.000Z,3.8,273.1,27.95,12.4,35.95,20.563,608
2022-05-17T00:00:00.000Z,23.4,95.6,39.7,36.7,44.35,6.206,584
2022-05-18T00:00:00.000Z,27.3,72.7,38.2,36.04,41.5,5.574,620
2022-05-19T00:00:00.000Z,32.8,135,41.9,39.1,44.8,7.925,615
2022-05-20T00:00:00.000Z,30.2,414.8,42.6,39.2,46,27.04,618
2022-05-21T00:00:00.000Z,38.3,90.5,50.2,44.7,56.3,9.372,611
2022-05-22T00:00:00.000Z,3.4,85,29.8,18.7,39.4,15.529,610
2022-05-23T00:00:00.000Z,1.5,53.7,19.5,12.6,26.2,9.315,618
2022-05-24T00:00:00.000Z,10.2,81.1,37.6,31.2,41.1,9.22,595
2022-05-25T00:00:00.000Z,35.9,240.9,49.6,45.95,53.7,11.021,604
2022-05-26T00:00:00.000Z,20.7,277.8,42.2,30,46.4,19.749,619
2022-05-27T00:00:00.000Z,34.9,58.8,47.55,42.2,54.9,7.077,82
2022-05-28T00:00:00.000Z,10.9,98,30.7,28.2,34.1,9.775,479
2022-05-29T00:00:00.000Z,11.6,86.5,37.2,31.3,42.5,9.19,647
2022-05-30T00:00:00.000Z,0.7,552.6,35.79,22.2,45.8,51.225,651
2022-05-31T00:00:00.000Z,25.3,396.4,44.1,40.4,47.5,27.241,649
2022-06-01T00:00:00.000Z,3.3,102.9,34.7,31.3,40.79,9.641,656
2022-06-02T00:00:00.000Z,5.5,344.4,31.6,22,35.7,17.306,647
2022-06-03T00:00:00.000Z,13,75.1,29.6,20,32.4,7.687,635
2022-06-04T00:00:00.000Z,16.1,59.6,36.95,26,42.1,9.418,608
2022-06-05T00:00:00.000Z,12.2,117.4,38.7,29.9,45.25,11.207,661
2022-06-06T00:00:00.000Z,2.7,196.3,24.15,10.85,32.04,14.609,656
2022-06-07T00:00:00.000Z,11.8,164.1,34.4,22.6,43.1,16.423,647
2022-06-08T00:00:00.000Z,2.1,305.9,38.29,27.6,44.7,17.999,639
2022-06-09T00:00:00.000Z,33.1,224.5,48.5,45.35,51.4,13.604,657
2022-06-10T00:00:00.000Z,20.9,104.9,39.7,35,46.3,13.293,655
2022-06-11T00:00:00.000Z,34.2,220.7,47.95,43.5,59.75,15.494,652
2022-06-12T00:00:00.000Z,16,64.7,41.9,34.54,45.25,10.801,648
2022-06-13T00:00:00.000Z,4,68.8,30.45,18,36.7,11.947,654
2022-06-14T00:00:00.000Z,5.5,48.5,22.7,18.8,28.8,7.422,609
2022-06-15T00:00:00.000Z,10.8,72.6,30.1,24.25,38,8.767,661
2022-06-16T00:00:00.000Z,6,89.8,19.39,14.3,26.4,12.163,646
2022-06-17T00:00:00.000Z,6.3,99.3,23.1,15.8,33.9,15.732,581
2022-06-18T00:00:00.000Z,5.5,69.7,18.75,11.5,33.3,15.113,658
2022-06-19T00:00:00.000Z,1.9,178.7,19.7,9.3,38.5,38.841,630
2022-06-20T00:00:00.000Z,3.5,143.2,26.4,12.4,36.25,30.144,665
2022-06-21T00:00:00.000Z,6.4,185.3,28.2,20,49.1,39.801,637
2022-06-22T00:00:00.000Z,5.7,119.7,39.5,30.45,61.55,24.184,569
2022-06-23T00:00:00.000Z,17,138.1,50.3,41.35,66.34,21.866,641
2022-06-24T00:00:00.000Z,13.2,340.4,29.2,23.9,35.85,18.125,625
2022-06-25T00:00:00.000Z,11.4,173.8,29.75,21.6,34.5,9.575,628
2022-06-26T00:00:00.000Z,13.4,213,32.29,30,35.9,9.745,640
2022-06-27T00:00:00.000Z,8.3,142.7,25.2,14,39.6,14.631,646
2022-06-28T00:00:00.000Z,15.4,76.7,33.2,28.9,41.7,11.061,644
2022-06-29T00:00:00.000Z,4.6,148.2,52,33.6,66.2,23.219,639
2022-06-30T00:00:00.000Z,12.4,86.9,44,32.3,58,16.219,662
2022-07-01T00:00:00.000Z,20.7,351.4,31.4,29.1,33.7,14.772,660
2022-07-02T00:00:00.000Z,6.2,71.3,22,15.4,29.4,8.952,663
2022-07-03T00:00:00.000Z,8.8,47.8,33.6,25.8,37.3,8.352,647
2022-07-04T00:00:00.000Z,17.6,195.5,42.9,30.85,47.6,13.794,645
2022-07-05T00:00:00.000Z,1.7,145.7,23.8,18.1,35.4,14.914,651
2022-07-06T00:00:00.000Z,8.3,201.2,45.2,15.5,63.7,28.9,646
2022-07-07T00:00:00.000Z,7.9,113.6,34.29,25.5,38.8,13.844,438
2022-07-08T00:00:00.000Z,17.2,430.2,41.7,33.7,47.5,23.217,623
2022-07-09T00:00:00.000Z,26,213.3,39.95,35.2,48.2,14.316,640
2022-07-10T00:00:00.000Z,14.5,57.8,36.5,32.1,40.5,7.431,611
2022-07-11T00:00:00.000Z,11.9,68,26.5,20.35,32.75,9.501,641
2022-07-12T00:00:00.000Z,2.8,68,23.6,15.5,33,12.559,651
2022-07-13T00:00:00.000Z,5.4,121.9,34.8,24.25,41.9,14.112,653
2022-07-14T00:00:00.000Z,2.2,304.3,17.6,12.4,27.8,19.815,653
2022-07-15T00:00:00.000Z,8.7,245,29.6,19.39,34.2,17.694,642
2022-07-16T00:00:00.000Z,8.8,247.8,26.5,20.9,30.6,13.733,668
2022-07-17T00:00:00.000Z,17,185.2,29.4,23.6,34.79,11.733,646
2022-07-18T00:00:00.000Z,1.6,49.5,31.3,13.5,41.1,14.684,643
2022-07-19T00:00:00.000Z,0.4,47.5,24.5,19.1,32.5,10.26,662
2022-07-20T00:00:00.000Z,12.3,109.4,27.6,23.05,37.04,12.653,544
2022-07-21T00:00:00.000Z,2.8,44.1,18.35,13,27.3,9.079,658
2022-07-22T00:00:00.000Z,7.4,80.8,25.1,16.39,35.5,12.517,679
2022-07-23T00:00:00.000Z,13.1,55.1,29,20.7,39.4,11.189,674
2022-07-24T00:00:00.000Z,8.8,76.1,26.2,18.89,30.7,8.664,650
2022-07-25T00:00:00.000Z,11.7,144.6,21.05,18,31.2,11.567,646
2022-07-26T00:00:00.000Z,13.2,45,28.4,24.2,32,5.907,663
2022-07-27T00:00:00.000Z,23.3,148.9,32.29,30.1,36.7,12.886,652
2022-07-28T00:00:00.000Z,29.7,277.9,43.4,38,46.1,12.993,651
2022-07-29T00:00:00.000Z,14.5,86.1,44.4,42.2,46.6,9.71,639
2022-07-30T00:00:00.000Z,13.2,68.5,37.95,27.3,45.1,10.732,658
2022-07-31T00:00:00.000Z,12.6,212.3,35.4,29.3,41.55,15.185,649
2022-08-01T00:00:00.000Z,11,226.6,36,29.85,43.8,14.936,609
2022-08-02T00:00:00.000Z,18.3,87.3,29,25,34.85,7.74,648
2022-08-03T00:00:00.000Z,15.5,90,32.2,28.2,39.7,9.118,658
2022-08-04T00:00:00.000Z,4,111.1,34.4,18.8,43.3,14.435,659
2022-08-05T00:00:00.000Z,3.3,134.7,35.04,27.8,45.3,13.856,668
2022-08-06T00:00:00.000Z,7.5,66,30.25,21.95,39.75,11.237,660
2022-08-07T00:00:00.000Z,10.7,52.9,36.79,28.2,41.3,9.772,671
2022-08-08T00:00:00.000Z,15.2,296.2,27.1,21.9,35.29,25.34,678
2022-08-09T00:00:00.000Z,9.3,208.6,41.6,27.2,46.1,14.365,667
2022-08-10T00:00:00.000Z,3.9,115.8,20.1,13.3,35,13.129,682
2022-08-11T00:00:00.000Z,0.4,46.6,18.7,12.1,27.5,10.669,673
2022-08-12T00:00:00.000Z,6.6,427.7,47.6,43.2,52.1,29.647,663
2022-08-13T00:00:00.000Z,18.1,65.4,39.2,32.2,44.5,8.205,574
2022-08-14T00:00:00.000Z,3.6,183.7,23.2,12.75,35.45,17.437,657
2022-08-15T00:00:00.000Z,14,86.5,34.85,27.65,38.6,8.968,652
2022-08-16T00:00:00.000Z,19.7,169.5,38.9,31.6,42.25,13.164,645
2022-08-17T00:00:00.000Z,25.8,51.8,35.4,33.2,39.29,4.959,633
2022-08-18T00:00:00.000Z,22.7,69.6,49.5,39.45,54,9.427,661
2022-08-19T00:00:00.000Z,2.7,102,48.65,36.7,61.1,19.389,664
2022-08-20T00:00:00.000Z,7.6,47.8,29.9,20.39,34.79,9.16,659
2022-08-21T00:00:00.000Z,2.4,786.9,23.6,12.65,31.6,52.559,564
2022-08-22T00:00:00.000Z,7.9,210.3,22.6,14.15,30.3,18.009,661
2022-08-23T00:00:00.000Z,23,272.4,43.2,39.29,49.4,35.428,655
2022-08-24T00:00:00.000Z,37.9,206,63.6,51.1,78.4,21.105,663
2022-08-25T00:00:00.000Z,2.2,114,16.8,12.2,28.05,13.366,637
2022-08-26T00:00:00.000Z,4.6,34.5,16.2,12.3,18.1,6.19,667
2022-08-27T00:00:00.000Z,8.1,43.8,21,18.6,24.2,5.968,673
2022-08-28T00:00:00.000Z,10.2,254.7,27.3,19.1,31.8,17.787,645
2022-08-29T00:00:00.000Z,11.7,137.2,28.9,19.2,32.1,14.339,623
2022-08-30T00:00:00.000Z,9.9,90.7,21.6,17.7,29.8,8.871,659
2022-08-31T00:00:00.000Z,26.7,97.4,37.5,34.5,42,15.48,671
2022-09-01T00:00:00.000Z,22.5,91.2,37.95,30,44.1,8.845,638
2022-09-02T00:00:00.000Z,27.7,93.1,42.4,35.3,51.1,9.196,653
2022-09-03T00:00:00.000Z,42.9,156.5,50.3,48.7,54.7,7.227,643
2022-09-04T00:00:00.000Z,21.1,127.4,29.6,27.3,35.3,6.97,665
2022-09-05T00:00:00.000Z,17.7,82.1,37.7,29.7,45.6,11.431,646
2022-09-06T00:00:00.000Z,26.8,244.5,44.9,39.2,54.2,23.173,646
2022-09-07T00:00:00.000Z,10.9,116.2,54.3,47.7,65.4,17.337,665
2022-09-08T00:00:00.000Z,5,146.5,29.85,21.6,36.2,14.06,642
2022-09-09T00:00:00.000Z,21,66.3,47.9,42.45,49.25,8.256,592
2022-09-10T00:00:00.000Z,21.9,217.4,44,40.04,48,14.476,624
2022-09-11T00:00:00.000Z,5.5,185.3,38.7,29.9,44.7,15.352,643
2022-09-12T00:00:00.000Z,30,67.3,45.85,36.2,49.4,7.428,586
2022-09-13T00:00:00.000Z,39.6,115.6,58.6,49.1,75.9,17.073,615
2022-09-14T00:00:00.000Z,40.9,103.7,49.7,46.8,84.1,19.939,639
2022-09-15T00:00:00.000Z,36.3,75.3,48.5,44.6,51,6.757,634
2022-09-16T00:00:00.000Z,14.8,81,40.29,37.8,43.5,6.144,323
2022-09-20T00:00:00.000Z,33.2,92.6,42.8,39.6,57.8,13.258,395
2022-09-21T00:00:00.000Z,37.4,113.5,49.6,44.7,54.4,9.67,651
2022-09-22T00:00:00.000Z,15.9,246.9,32.6,28.1,42.1,13.193,655
2022-09-23T00:00:00.000Z,29.3,126.6,44.1,36.9,46.8,7.177,664
2022-09-24T00:00:00.000Z,41.1,63.9,47.9,45.6,52.4,4.494,650
2022-09-25T00:00:00.000Z,34.2,159.6,48.3,42.55,51.4,8.092,660
2022-09-26T00:00:00.000Z,44.9,268.8,70.9,50,107,29.733,670
2022-09-27T00:00:00.000Z,45.9,345.8,76.8,56.55,95.5,28.208,644
2022-09-28T00:00:00.000Z,45,355.3,70.6,63.4,77.1,19.753,657
2022-09-29T00:00:00.000Z,27.8,230.8,45.4,40.5,50.1,22.311,641
2022-09-30T00:00:00.000Z,9.1,190.4,35.9,28.7,39.4,14.065,667
2022-10-01T00:00:00.000Z,1.5,46.4,22.8,15.8,31.5,10.638,665
2022-10-02T00:00:00.000Z,4.2,82.5,25.2,13.6,41.2,15.173,662
2022-10-03T00:00:00.000Z,17.1,73.2,46.65,31.7,56,14.069,666
2022-10-04T00:00:00.000Z,22.5,155,40.6,35.54,46.35,9.415,625
2022-10-05T00:00:00.000Z,31.2,142.6,42.7,39.1,50.4,18.047,672
2022-10-06T00:00:00.000Z,18.6,156.3,51,34.45,62.2,20.148,677
2022-10-07T00:00:00.000Z,13.9,186.3,43.1,33,47.6,18.975,636
2022-10-08T00:00:00.000Z,29.7,176.7,48.05,43.5,52.2,10.253,654
2022-10-09T00:00:00.000Z,7,73.5,16.2,12,46.8,16.686,657
2022-10-10T00:00:00.000Z,12.3,104.9,30.3,18.2,45,15.302,659
2022-10-11T00:00:00.000Z,16.4,145.3,41.2,29.5,68,30.976,651
2022-10-12T00:00:00.000Z,20.5,275.7,43.15,33.3,54.45,21.59,644
2022-10-13T00:00:00.000Z,44.7,89.8,50.8,48.2,57.1,7.842,135
2022-10-17T00:00:00.000Z,32.4,143.5,51.4,38.5,65.1,16.258,595
2022-10-18T00:00:00.000Z,41.3,165.8,48.7,44.4,65.2,20.018,470
2022-10-21T00:00:00.000Z,28.6,198.4,42.5,39.45,45.3,14.707,629
2022-10-22T00:00:00.000Z,26.2,111,46.8,37.79,72.6,23.638,639
2022-10-23T00:00:00.000Z,32.7,183.6,71.4,41.6,124,44.514,666
2022-10-24T00:00:00.000Z,37.7,159.4,66.34,54.2,95.75,28.125,656
2022-10-25T00:00:00.000Z,46.1,145,81.3,72.55,87.8,14.451,665
2022-10-26T00:00:00.000Z,34.2,219.8,79.4,51.4,105.4,29.697,661
2022-10-27T00:00:00.000Z,26.9,134.2,38.6,34.7,42.5,9.497,655
2022-10-28T00:00:00.000Z,31.2,125.4,70.59,48.9,104.2,29.316,675
2022-10-29T00:00:00.000Z,61.4,161.7,109.5,70.2,126.1,27.918,647
2022-10-30T00:00:00.000Z,30.5,119.5,54,43.95,68.95,20.71,633
2022-10-31T00:00:00.000Z,12.9,55.8,30.9,21.85,34.04,8.004,673
2022-11-01T00:00:00.000Z,12.1,108.6,48.65,26.6,72.4,25.969,650
2022-11-02T00:00:00.000Z,24.6,205,56.05,36.5,107.2,43.355,638
2022-11-03T00:00:00.000Z,26.1,202.6,102.6,69.5,116.75,35.776,652
2022-11-04T00:00:00.000Z,36.4,223.1,66.4,52.1,90.9,32.293,675
2022-11-05T00:00:00.000Z,41.2,129.9,60.1,50.2,77.4,20.94,666
2022-11-06T00:00:00.000Z,53.3,168.9,81.09,67.5,100.25,21.024,577
2022-11-07T00:00:00.000Z,42.1,176.2,93.6,69.5,120.8,30.991,498
2022-11-08T00:00:00.000Z,65.2,170.2,85.3,77,110.2,28.114,610
2022-11-09T00:00:00.000Z,25.3,167.4,68.65,42.9,82.8,32.426,670
2022-11-10T00:00:00.000Z,33.7,430.7,89.05,65.5,106.4,28.953,678
2022-11-11T00:00:00.000Z,30.8,88.9,46,36.4,51.7,12.725,662
2022-11-12T00:00:00.000Z,26.5,79.9,43.2,38.6,45.8,6.203,654
2022-11-13T00:00:00.000Z,30.7,109.1,49.05,45,58.7,15.087,660
2022-11-14T00:00:00.000Z,27.3,219,50,47.3,57.3,19.018,667
2022-11-15T00:00:00.000Z,26.1,244,38.4,32.9,46.8,20.743,663
2022-11-16T00:00:00.000Z,10,101.4,34.9,29.2,39.1,12.14,663
2022-11-17T00:00:00.000Z,8.7,185.8,34.4,27.3,40.4,14.426,653
2022-11-18T00:00:00.000Z,20.7,187.2,32.6,29.3,36.1,10.471,668
2022-11-19T00:00:00.000Z,24.6,63.3,36.4,32.8,42.1,6.157,660
2022-11-20T00:00:00.000Z,37.4,168.7,47.35,44.1,61.6,20.693,674
2022-11-21T00:00:00.000Z,34.3,166.5,72.7,46.2,92.65,24.19,665
2022-11-22T00:00:00.000Z,37.9,134.9,66.3,50.2,95.35,24.797,677
2022-11-23T00:00:00.000Z,27.2,109.8,49.7,43.3,63.35,13.9,672
2022-11-24T00:00:00.000Z,24.8,107.2,33.9,31.1,38.7,8.177,674
2022-11-25T00:00:00.000Z,30.5,145.6,50.35,45.3,64.15,14.184,656
2022-11-26T00:00:00.000Z,31.5,163.8,47.45,41.3,58.3,12.783,650
2022-11-27T00:00:00.000Z,13.7,116.2,22.3,19,30.3,8.773,661
2022-11-28T00:00:00.000Z,23.7,142.3,34.5,31.1,37.75,15.586,612
2022-11-29T00:00:00.000Z,25.7,210.1,41.8,35.1,49.1,26.388,515
2022-11-30T00:00:00.000Z,4.7,129.4,24.7,16.2,33.1,13.056,632
2022-12-01T00:00:00.000Z,4.3,168.3,18.7,15.1,24.5,19.358,610
2022-12-02T00:00:00.000Z,14.5,164.5,38.79,31.6,48.2,19.991,684
2022-12-03T00:00:00.000Z,31.1,135,60.5,45.7,73.7,18.546,663
2022-12-04T00:00:00.000Z,8.3,70.2,27.15,18.9,38.7,11.04,478
2022-12-05T00:00:00.000Z,12.3,117.1,43,22.1,48.5,14.77,667
2022-12-06T00:00:00.000Z,37.3,184.1,89.2,50.8,114.1,36.843,675
2022-12-07T00:00:00.000Z,55.7,152.4,71,64.7,82.5,12.068,655
2022-12-08T00:00:00.000Z,47.4,174.3,55.5,52.8,59.9,7.802,667
2022-12-09T00:00:00.000Z,49,222.7,76.4,54.5,87.7,20.448,669
2022-12-10T00:00:00.000Z,50.6,212.6,71.5,62.2,78.3,15.8,678
2022-12-11T00:00:00.000Z,52.5,219.9,69.4,58.7,92.65,20.267,688
2022-12-12T00:00:00.000Z,46.6,161.7,86.2,55.85,120,35.102,673
2022-12-13T00:00:00.000Z,51.2,180.5,84.2,59.6,104.5,24.919,683
2022-12-14T00:00:00.000Z,44.2,188,87.6,51.1,128.8,40.405,663
2022-12-15T00:00:00.000Z,50,238.9,103.7,86.2,135.8,39.684,667
2022-12-16T00:00:00.000Z,51.8,278.2,129.7,74.7,160.3,47.505,683
2022-12-17T00:00:00.000Z,28.3,76.7,43.7,34.1,50.9,10.527,661
2022-12-18T00:00:00.000Z,31.4,313.2,63.6,39.29,100,38.845,675
2022-12-19T00:00:00.000Z,51.7,201.5,83.6,65.34,100.85,27.798,668
2022-12-20T00:00:00.000Z,59,208.5,109.05,84.9,146.9,37.352,668
2022-12-21T00:00:00.000Z,56.8,218.1,109.1,82.85,141.55,37.152,653
2022-12-22T00:00:00.000Z,51.9,209.7,85.3,71.2,114.3,29.851,663
2022-12-23T00:00:00.000Z,35,182.6,54.7,48.65,62.8,32.165,660
2022-12-24T00:00:00.000Z,48.9,188.5,84.8,69.5,93.8,26.537,647
2022-12-25T00:00:00.000Z,41.4,209.1,63.7,49.9,86.7,37.694,647
2022-12-26T00:00:00.000Z,62.8,211.1,130.7,84.35,146.44,38.824,664
2022-12-27T00:00:00.000Z,37,146.4,59.3,52.5,66,11.545,661
2022-12-28T00:00:00.000Z,23.7,133.9,35.4,31.3,69.34,32.192,652
2022-12-29T00:00:00.000Z,39.5,190.8,45.8,43.8,48.8,7.686,505
2022-12-30T00:00:00.000Z,40.8,95.5,56.9,45.4,66.7,13.582,662
2022-12-31T00:00:00.000Z,49.4,143.4,68.4,57.4,103.5,27.685,663
2023-01-01T00:00:00.000Z,132.8,142.9,136.4,134.4,138.6,2.728,15
2023-01-02T00:00:00.000Z,47.7,147.4,69.4,63.4,82.3,20.018,633
2023-01-03T00:00:00.000Z,46.8,188.2,90.4,57.3,105.2,31.908,661
2023-01-04T00:00:00.000Z,52.4,191.1,92.05,83.8,102.9,23.22,670
2023-01-05T00:00:00.000Z,49,108.3,65.7,54.9,85.25,15.933,648
2023-01-06T00:00:00.000Z,42.3,88.1,52.6,48.35,58.75,7.2,645
2023-01-07T00:00:00.000Z,46.3,213,96,67.55,138.55,46.818,660
2023-01-08T00:00:00.000Z,62.9,163.8,106.7,93,126.1,22.789,680
2023-01-09T00:00:00.000Z,84.9,286.7,143.05,130.6,158.9,28.376,652
2023-01-10T00:00:00.000Z,65.2,203.8,102.2,79.75,131.75,35.021,653
2023-01-11T00:00:00.000Z,32.6,186.6,61.6,45.1,70.09,18.506,645
2023-01-12T00:00:00.000Z,35,101.1,50,46.3,53.8,6.797,631
2023-01-13T00:00:00.000Z,42.8,201.3,57.9,51.5,68.4,17.652,638
2023-01-14T00:00:00.000Z,43.6,265.6,67.09,57.6,118.5,41.867,643
2023-01-15T00:00:00.000Z,19.6,140.9,37.7,27.8,43.9,18.943,647
2023-01-16T00:00:00.000Z,23.7,71.2,45,39.79,49,9.628,642
2023-01-17T00:00:00.000Z,45,134.8,54.95,50.4,61,9.438,652
2023-01-18T00:00:00.000Z,44.9,157.2,89,49.6,109.8,33.471,663
2023-01-19T00:00:00.000Z,63.9,198.9,108.1,84.95,149,34.733,689
2023-01-20T00:00:00.000Z,81.5,201.9,155.6,135.6,166.1,20.812,667
2023-01-21T00:00:00.000Z,64.6,360.2,136.55,109.3,158.8,46.056,682
2023-01-22T00:00:00.000Z,62.7,185,120.6,90.05,143.44,30.339,684
2023-01-23T00:00:00.000Z,27.9,135.5,46.7,42.7,52.2,18.286,651
2023-01-24T00:00:00.000Z,30.1,122.3,42,38,47.3,8.029,655
2023-01-25T00:00:00.000Z,47.4,111.9,54.5,51.6,58.6,6.946,663
2023-01-26T00:00:00.000Z,44.1,110.3,70.7,58.95,82.75,16.471,605
2023-01-27T00:00:00.000Z,38.1,77.9,51.7,48,57.9,7.675,634
2023-01-28T00:00:00.000Z,36.2,113.2,58.55,41.3,71.34,16.689,652
2023-01-29T00:00:00.000Z,43.3,165.8,84.9,52.6,111.5,35.221,678
2023-01-30T00:00:00.000Z,58.6,142.9,105.7,80.4,115.8,22.162,668
2023-01-31T00:00:00.000Z,40.6,126.4,62.1,56.7,72.3,16.363,638
2023-02-01T00:00:00.000Z,39,128.6,57.95,48.7,77.4,16.862,630
2023-02-02T00:00:00.000Z,46.6,297.2,59.3,53.7,127.95,42.302,636
2023-02-03T00:00:00.000Z,20.8,108.3,35.6,32.25,43,8.376,661
2023-02-04T00:00:00.000Z,20.5,122,41.4,36.9,56.9,14.922,653
2023-02-05T00:00:00.000Z,8.8,93.2,35.4,30.5,37.6,8.784,680
2023-02-06T00:00:00.000Z,22.2,179.9,40.79,31.3,47.5,12.246,608
2023-02-07T00:00:00.000Z,16.6,117.2,36.79,31.8,47.5,11.715,644
2023-02-08T00:00:00.000Z,18.8,118.5,34.79,28,40.29,9.046,626
2023-02-09T00:00:00.000Z,26.1,91.4,35.54,31.25,40.15,6.57,616
2023-02-10T00:00:00.000Z,26.4,109.2,37.5,33.9,41.9,7.325,590
2023-02-11T00:00:00.000Z,31.5,47.3,40.1,38,41.9,2.963,644
2023-02-12T00:00:00.000Z,37.1,110.9,48,44.9,51.9,7.503,646
2023-02-13T00:00:00.000Z,30.3,100.2,48.2,41.9,55.8,9.597,621
2023-02-14T00:00:00.000Z,31.7,83,41.45,36.2,46.5,7.67,650
2023-02-15T00:00:00.000Z,36.7,120.9,46.1,42.9,50.65,14.603,656
2023-02-16T00:00:00.000Z,48.5,149.6,62.4,56.1,73.59,12.081,654
2023-02-17T00:00:00.000Z,44.2,155.1,89,61.4,107.8,27.064,613
2023-02-18T00:00:00.000Z,40.1,114.2,54.2,50.4,61.5,16.139,658
2023-02-19T00:00:00.000Z,37.5,104.1,53.7,41.4,80.45,20.411,632
2023-02-20T00:00:00.000Z,45,129.2,65.7,58.1,78,14.438,634
2023-02-21T00:00:00.000Z,33.7,143.6,62.8,46.25,75.25,16.645,660
2023-02-22T00:00:00.000Z,32,162.6,44.3,39.95,49.5,15.198,649
2023-02-23T00:00:00.000Z,35.8,155.1,43.9,40.5,50,11.616,658
2023-02-24T00:00:00.000Z,18.1,155.6,36,31.1,53.3,18.474,669
2023-02-25T00:00:00.000Z,19,86.1,41.5,27.5,49.3,15.589,598
2023-02-26T00:00:00.000Z,37.8,100.1,52.9,46.1,60.65,12.542,641
2023-02-27T00:00:00.000Z,50.4,151.9,69.9,63.6,75.5,11.38,670
2023-02-28T00:00:00.000Z,43.1,79.5,57.8,54.8,61.7,5.73,126
2023-03-01T00:00:00.000Z,68.4,73.3,68.7,68.4,73.3,2.243,3
2023-03-08T00:00:00.000Z,34.7,140.3,87.3,54,99.5,23.24,347
2023-03-09T00:00:00.000Z,48.3,234.1,93.9,60.2,142.1,38.344,651
2023-03-10T00:00:00.000Z,37.9,149.5,65.7,51.4,86.2,26.151,653
2023-03-11T00:00:00.000Z,41.6,112.4,57.3,51.95,63.45,10.12,536
2023-03-12T00:00:00.000Z,13.7,113.8,54.6,24.35,67.2,25.388,649
2023-03-13T00:00:00.000Z,24.2,145.1,46.2,33.79,59.3,16.744,662
2023-03-14T00:00:00.000Z,41.4,87,62,55.9,65.3,8.234,403
2023-03-15T00:00:00.000Z,38.2,266.1,53.95,43.8,61.6,16.411,658
2023-03-16T00:00:00.000Z,33.2,157.8,49.7,45.05,54.45,9.788,636
2023-03-17T00:00:00.000Z,44.4,110.6,54.3,50.95,57.6,6.619,673
2023-03-18T00:00:00.000Z,46,162.7,60.6,56.4,65.95,11.818,676
2023-03-19T00:00:00.000Z,35.9,156.6,44.9,41.7,50.9,10.132,656
2023-03-20T00:00:00.000Z,49.9,147.3,62.3,59.3,67.59,10.171,648
2023-03-21T00:00:00.000Z,58.9,165.7,82.9,77.4,93.75,13.368,672
2023-03-22T00:00:00.000Z,59.7,166.6,77.55,67.2,95.6,19.172,666
2023-03-23T00:00:00.000Z,62.9,188.8,88.95,77.09,102.9,16.839,678
2023-03-24T00:00:00.000Z,50.2,159,64,55.6,97.9,22.221,663
2023-03-25T00:00:00.000Z,28.8,125.6,62.4,48.25,70.7,18.332,680
2023-03-26T00:00:00.000Z,26.3,102.8,46.4,36.35,57.2,11.981,669
2023-03-27T00:00:00.000Z,20,127.4,41.2,30.45,46.4,11.41,648
2023-03-28T00:00:00.000Z,28.9,131.4,49.9,42.4,57.6,12.437,655
2023-03-29T00:00:00.000Z,34.1,172.3,54,48.15,60,13.737,668
2023-03-30T00:00:00.000Z,39.6,179.2,82.4,57.4,105.6,24.681,634
2023-03-31T00:00:00.000Z,39,219.5,80.05,55.35,105.7,27.95,668
2023-04-01T00:00:00.000Z,38,149.7,55.4,45.95,83.95,23.02,669
2023-04-02T00:00:00.000Z,42.3,146.5,55.65,50.3,63.55,11.922,680
2023-04-03T00:00:00.000Z,46.8,216.4,59.7,52.9,65.5,18.883,619
2023-04-04T00:00:00.000Z,51,220.1,72.95,60.05,84.1,15.761,416
2023-04-05T00:00:00.000Z,55.7,224.9,79.2,63.3,98.1,21.86,637
2023-04-06T00:00:00.000Z,36.5,222.3,75.2,64.2,117.8,32.279,511
2023-04-07T00:00:00.000Z,43.9,181.2,70.59,58.3,88.1,19.075,418
2023-04-08T00:00:00.000Z,45.8,78,56.6,51.65,60.5,6.66,440
2023-04-09T00:00:00.000Z,48.8,225.2,76.84,61.95,100.35,22.941,436
2023-04-10T00:00:00.000Z,56.9,266.5,95.2,81.45,116.85,24.841,613
2023-04-11T00:00:00.000Z,38.2,208.7,76.59,49.9,96.25,29.085,593
2023-04-12T00:00:00.000Z,42.7,203,63.15,55.35,73.15,20.226,648
2023-04-13T00:00:00.000Z,40.7,155.5,51.6,47.6,58.2,9.149,663
2023-04-14T00:00:00.000Z,48.3,155.9,68.09,58.15,77.9,16.613,668
2023-04-15T00:00:00.000Z,40.8,175.7,77.09,66.8,87.6,19.023,675
2023-04-16T00:00:00.000Z,43.7,139.2,69.5,58.3,83.6,15.334,685
2023-04-17T00:00:00.000Z,47.9,173.8,62.55,56.8,71,14.742,662
2023-04-18T00:00:00.000Z,46.4,178.6,61.2,55.6,70.3,14.317,643
2023-04-19T00:00:00.000Z,48.5,189.2,70.59,61.3,90,21.191,591
2023-04-20T00:00:00.000Z,57,216.2,76.2,63.2,89.6,20.118,647
2023-04-21T00:00:00.000Z,57.4,138.7,96.1,69.6,102.7,18.264,547
2023-04-22T00:00:00.000Z,49.2,86.5,58.7,54.7,63.4,6.044,655
2023-04-23T00:00:00.000Z,45.1,112,53.9,51,60.4,11.415,675
2023-04-24T00:00:00.000Z,34,253.7,48.3,44.1,52.4,15.881,670
2023-04-25T00:00:00.000Z,20.4,195.4,39,30.8,46.2,14.769,674
2023-04-26T00:00:00.000Z,27.3,227,53.3,41.1,83.65,26.576,660
2023-04-27T00:00:00.000Z,37.8,105.8,50.7,43.6,62.1,11.22,663
2023-04-28T00:00:00.000Z,32.7,68.4,41.7,38.65,46.3,6.81,636
2023-04-29T00:00:00.000Z,17.8,55.9,33.95,27.6,40.6,8.131,672
2023-04-30T00:00:00.000Z,25.7,60.9,39.2,32.2,47.1,8.849,650
2023-05-01T00:00:00.000Z,32.1,65.9,45.7,41.8,49.8,6.123,646
2023-05-02T00:00:00.000Z,30.1,65,44.7,37.4,49.5,8.324,653
2023-05-03T00:00:00.000Z,31,90.3,36.5,35.3,38.6,6.437,654
2023-05-04T00:00:00.000Z,42.2,160.9,48.5,46.6,51.1,8.996,673
2023-05-05T00:00:00.000Z,44.6,215.2,56.8,51.7,61.9,13.065,670
2023-05-06T00:00:00.000Z,48.6,105,61.4,55.7,69,9.735,688
2023-05-07T00:00:00.000Z,15.2,84.9,55.3,47.1,60.7,14.253,676
2023-05-08T00:00:00.000Z,34.4,245.8,45,41.9,48.8,15.41,642
2023-05-09T00:00:00.000Z,38,220.8,49.3,44.5,74.45,23.741,656
2023-05-10T00:00:00.000Z,27.7,113.8,40.2,36.6,44.9,9.195,619
2023-05-11T00:00:00.000Z,15.5,106.8,30.5,27,35.5,8.887,623
2023-05-12T00:00:00.000Z,21.6,149.5,29,26.7,33.5,10.591,643
2023-05-13T00:00:00.000Z,21.4,70.9,35.8,31.8,41.1,6.51,663
2023-05-14T00:00:00.000Z,33,120.4,47.2,41.1,51,7.483,655
2023-05-15T00:00:00.000Z,26.9,126.2,45.9,36.6,52.3,11.374,597
2023-05-16T00:00:00.000Z,35,155.6,60.4,47.25,68.5,15.242,621
2023-05-17T00:00:00.000Z,36.1,248.7,55.2,41.5,61.7,21.446,643
2023-05-18T00:00:00.000Z,41.1,183.2,59,54.1,66.2,14.976,651
2023-05-19T00:00:00.000Z,49,168.1,62.8,56.7,68.3,10.841,631
2023-05-20T00:00:00.000Z,49.4,79,57,54.05,61.5,5.188,644
2023-05-21T00:00:00.000Z,46.7,83.6,59,55.4,64.2,6.715,642
2023-05-22T00:00:00.000Z,45.7,176.1,59.6,54.3,68.3,12.215,671
2023-05-23T00:00:00.000Z,37,151.6,52.9,49,59.1,9.623,650
2023-05-24T00:00:00.000Z,20.8,110.1,57.1,42.45,63.8,14.479,641
2023-05-25T00:00:00.000Z,13.5,86.5,42.3,27.6,45.8,11.096,674
2023-05-26T00:00:00.000Z,14.8,92.6,40,34.5,48.2,10.787,652
2023-05-27T00:00:00.000Z,22,160.1,37.3,32.7,44.9,16.82,671
2023-05-28T00:00:00.000Z,20.6,45.5,34.2,27.4,36.6,5.553,662
2023-05-29T00:00:00.000Z,30.3,208.6,40.6,37.5,44.2,14.859,646
2023-05-30T00:00:00.000Z,30.2,89.9,45.95,38.1,52,12.428,640
2023-05-31T00:00:00.000Z,37,232.7,58.05,46.3,77.75,28.164,680
2023-06-01T00:00:00.000Z,35.7,90,50.3,46.65,55.65,9.15,664
2023-06-02T00:00:00.000Z,14.5,153.4,44.9,29.3,54.6,30.413,652
2023-06-03T00:00:00.000Z,26.6,149.3,45.1,41.65,51.15,15.007,648
2023-06-04T00:00:00.000Z,21.8,99.7,46.6,41.95,55.85,12.97,640
2023-06-05T00:00:00.000Z,29.4,127.5,43.3,39.04,52.05,11.045,625
2023-06-06T00:00:00.000Z,22.2,80.2,51,45.3,59.4,10.024,649
2023-06-07T00:00:00.000Z,29.6,202.3,57,38.6,70.2,31.669,622
2023-06-08T00:00:00.000Z,12.3,164.2,55.2,34.4,71.09,21.412,603
2023-06-09T00:00:00.000Z,27.3,76,39.29,35.75,45.5,9.435,628
2023-06-10T00:00:00.000Z,34.5,115.1,55.2,44,67.45,19.544,657
2023-06-11T00:00:00.000Z,42.4,332.2,56.35,48.1,69.7,22.268,634
2023-06-12T00:00:00.000Z,29.1,134,57.4,45.3,67.75,15.088,657
2023-06-13T00:00:00.000Z,13,113.3,41.5,32.45,46.95,11.845,656
2023-06-14T00:00:00.000Z,12.2,73.4,37.1,25.4,41,10.185,641
2023-06-15T00:00:00.000Z,16.9,152.3,37.8,30.8,44.1,12.768,647
2023-06-16T00:00:00.000Z,22.8,54,33.2,29.1,41.2,7.414,627
2023-06-17T00:00:00.000Z,20.2,54.4,35,31.55,38.5,5.627,672
2023-06-18T00:00:00.000Z,14.2,66.1,31.5,26.1,36.6,9.105,661
2023-06-19T00:00:00.000Z,27.9,109.7,38.7,35,46.3,11.826,616
2023-06-20T00:00:00.000Z,11.1,343.4,33.79,24.8,45.9,21.425,643
2023-06-21T00:00:00.000Z,13.3,100.8,42.65,30.5,56.8,16.996,638
2023-06-22T00:00:00.000Z,9.5,224.2,34.9,22.15,47,16.723,609
2023-06-23T00:00:00.000Z,9.4,64.3,32.65,22.3,39.6,10.45,638
2023-06-24T00:00:00.000Z,13.2,95.4,29.6,23.9,44.35,11.493,656
2023-06-25T00:00:00.000Z,17.7,64.6,35.7,25.6,44.4,10.179,663
2023-06-26T00:00:00.000Z,17.1,183,32.2,28.2,40.9,15.138,651
2023-06-27T00:00:00.000Z,17.3,92.5,29.3,25.35,35.75,9.392,633
2023-06-28T00:00:00.000Z,21.4,282.7,30,27.55,33.79,19.666,621
2023-06-29T00:00:00.000Z,25.3,121.7,36.8,34.2,38.4,5.549,642
2023-06-30T00:00:00.000Z,24.9,55,35.1,31.7,40.29,5.821,633
2023-07-01T00:00:00.000Z,20.2,67.9,37.5,28,42.8,9.609,646
2023-07-02T00:00:00.000Z,16.9,162.2,33.6,24.3,38.29,11.437,649
2023-07-03T00:00:00.000Z,12,128.4,38.95,30.6,44.3,12.29,638
2023-07-04T00:00:00.000Z,15.8,108.2,28.8,23.6,36.2,9.522,644
2023-07-05T00:00:00.000Z,15.1,109,35.2,29.5,40,7.852,630
2023-07-06T00:00:00.000Z,12.7,92.6,25.7,19,31.8,9.014,650
2023-07-07T00:00:00.000Z,15.6,148.8,27.95,23.7,31.1,8.801,662
2023-07-08T00:00:00.000Z,11.6,103.2,27.9,18.2,36.4,13.427,663
2023-07-09T00:00:00.000Z,13.3,58.4,29,22.8,39.9,9.826,647
2023-07-10T00:00:00.000Z,12.9,108.7,39.4,35.4,43.1,8.138,611
2023-07-11T00:00:00.000Z,18.4,54.3,37.54,28.45,40.95,7.676,648
2023-07-12T00:00:00.000Z,9.4,92,25.4,19.5,35.1,10.183,655
2023-07-13T00:00:00.000Z,16.7,126.9,32.7,29.1,42.3,10.188,668
2023-07-14T00:00:00.000Z,17.1,129.7,35.6,26.6,43.5,12.186,640
2023-07-15T00:00:00.000Z,29.7,78.5,38.9,36.35,43.7,8.431,640
2023-07-16T00:00:00.000Z,27,92.3,41.8,35.79,51.7,13.04,643
2023-07-17T00:00:00.000Z,20.4,155.2,45.8,29.5,74.95,24.352,656
2023-07-18T00:00:00.000Z,25,110.6,40.1,36.25,43.5,6.652,641
2023-07-19T00:00:00.000Z,35.4,187.6,55.6,51.1,59.8,12.201,666
2023-07-20T00:00:00.000Z,38.5,86.3,60.3,53.5,70.2,10.594,675
2023-07-21T00:00:00.000Z,16.9,78.6,47.5,37.1,55.2,13.033,647
2023-07-22T00:00:00.000Z,9.4,46.1,25.15,18.8,29.3,7.494,614
2023-07-23T00:00:00.000Z,13.7,38,22.2,19.2,27.05,5.699,648
2023-07-24T00:00:00.000Z,14.7,42.8,25.45,23,29,5.282,604
2023-07-25T00:00:00.000Z,12,79.7,25.6,22.1,29.7,7.103,651
2023-07-26T00:00:00.000Z,18.1,203.1,33.1,29.1,37.5,13.811,623
2023-07-27T00:00:00.000Z,26.4,79.9,46.6,39.6,50.1,7.4,638
2023-07-28T00:00:00.000Z,26.6,109.6,41.9,36.85,49,16.094,637
2023-07-29T00:00:00.000Z,34.4,86.4,54.9,49.75,58.75,10.062,649
2023-07-30T00:00:00.000Z,20.4,178.9,39.7,36.5,45.4,11.081,629
2023-07-31T00:00:00.000Z,25.7,76.7,38.7,34.15,41.2,6.61,208
2023-08-01T00:00:00.000Z,20.1,104.1,43.2,38.85,46.7,8.954,625
2023-08-02T00:00:00.000Z,30.6,115.5,47.7,44.2,51.8,12.078,654
2023-08-03T00:00:00.000Z,23,91.4,37.7,34.95,41.9,7.094,657
2023-08-04T00:00:00.000Z,21.3,118.3,39.5,34.65,43.8,8.48,656
2023-08-05T00:00:00.000Z,8.6,106.5,22.3,18.2,25.7,8.6,655
2023-08-06T00:00:00.000Z,7.6,69.9,27.75,21.1,32.3,8.249,636
2023-08-07T00:00:00.000Z,10.2,85.2,23.4,17.89,30.3,9.356,645
2023-08-08T00:00:00.000Z,11,210.1,27.7,16.7,33.9,16.229,619
2023-08-09T00:00:00.000Z,21.9,152,37.6,33.9,40.9,8.266,651
2023-08-10T00:00:00.000Z,38.4,172,65.2,49.8,97.95,24.155,645
2023-08-11T00:00:00.000Z,17.2,126.7,54.15,49.5,66.25,24.43,672
2023-08-12T00:00:00.000Z,9.9,325.9,46,30.55,58.5,21.313,665
2023-08-13T00:00:00.000Z,21,151.5,40.79,37.29,43.8,12.23,671
2023-08-14T00:00:00.000Z,16.2,48.4,31.6,25.4,36.75,6.344,673
2023-08-15T00:00:00.000Z,35.9,175.1,50.1,44.55,55.7,10.776,645
2023-08-16T00:00:00.000Z,29.5,102.9,43.5,40.45,53.7,11.752,628
2023-08-17T00:00:00.000Z,37.3,123.9,48.3,44,52.5,7.356,637
2023-08-18T00:00:00.000Z,12.7,102,44.5,34.1,49.6,13.105,639
2023-08-19T00:00:00.000Z,38.1,104.9,56.65,49.8,77.4,17.37,670
2023-08-20T00:00:00.000Z,11.8,153.4,37.2,27.1,42.5,15.361,655
2023-08-21T00:00:00.000Z,26.7,86.6,37.1,32.7,40.95,6.891,624
2023-08-22T00:00:00.000Z,26.3,101.6,43.1,38.7,47.85,10.035,641
2023-08-23T00:00:00.000Z,11.8,114.8,37.4,27.7,43.9,10.63,655
2023-08-24T00:00:00.000Z,27.6,154.2,43.9,37.1,48.5,15.186,630
2023-08-25T00:00:00.000Z,19.3,503,43,35.4,50.5,23.486,638
2023-08-26T00:00:00.000Z,10.5,107.4,42.5,33.15,48.65,13.648,641
2023-08-27T00:00:00.000Z,7.9,67.3,36.7,26.4,45.2,13.207,655
2023-08-28T00:00:00.000Z,17.6,228.8,35.4,26.2,40.6,12.646,655
2023-08-29T00:00:00.000Z,17.4,262.3,31.8,27.8,36.29,15.343,638
2023-08-30T00:00:00.000Z,24.7,77.4,38.1,30.6,45.9,12.247,643
2023-08-31T00:00:00.000Z,24.9,178.6,45.4,34.04,62.9,18.54,632
2023-09-01T00:00:00.000Z,35.3,120.6,53.6,42.2,63.5,18.267,653
2023-09-02T00:00:00.000Z,30.2,98.3,44.55,39.4,51.45,16.142,624
2023-09-03T00:00:00.000Z,19.2,70,39.9,35.35,44.9,8.166,633
2023-09-04T00:00:00.000Z,18.4,53.5,37.2,32.25,41.3,6.801,645
2023-09-05T00:00:00.000Z,24.8,115.4,42.55,36.79,57.5,20.014,666
2023-09-06T00:00:00.000Z,29.3,115.5,48.4,39.04,59.55,14.288,637
2023-09-07T00:00:00.000Z,23.3,162.4,49.7,40.5,77,24.001,633
2023-09-08T00:00:00.000Z,18.5,105.3,36.6,32.29,43.7,8.941,662
2023-09-09T00:00:00.000Z,25,103.9,51.7,42.8,66,15.452,639
2023-09-10T00:00:00.000Z,25.5,152.5,60.05,48.5,71.59,18.712,654
2023-09-11T00:00:00.000Z,28.8,219.8,57.2,45.3,66.1,24.82,663
2023-09-12T00:00:00.000Z,10.1,258.4,61.7,47.9,86.4,36.992,654
2023-09-13T00:00:00.000Z,17.2,123.6,29,24.4,32.8,15.852,670
2023-09-14T00:00:00.000Z,19.3,178.9,35.6,32.8,39.4,20,663
2023-09-15T00:00:00.000Z,31.6,111.3,40,38,42.9,8.348,667
2023-09-16T00:00:00.000Z,24.8,182.5,48.1,42.4,56.3,17.196,658
2023-09-17T00:00:00.000Z,8,77.4,43.3,34.1,49.6,13.333,639
2023-09-18T00:00:00.000Z,22.3,233.7,40,33.15,61.2,32.326,656
2023-09-19T00:00:00.000Z,20.1,251.1,35.5,28.85,40.9,15.782,637
2023-09-20T00:00:00.000Z,18.6,134.7,33.79,29.75,43.85,13.844,637
2023-09-21T00:00:00.000Z,20.9,246.2,36,30.9,40.7,16.971,629
2023-09-22T00:00:00.000Z,15.4,72.4,36.75,29.6,43.9,9.894,624
2023-09-23T00:00:00.000Z,20.5,81.6,34.1,29.4,39.7,9.673,659
2023-09-24T00:00:00.000Z,31.5,111.4,48.7,42.65,54.8,10.391,689
2023-09-25T00:00:00.000Z,17.4,109.3,50.9,40.79,56.8,12.994,626
2023-09-26T00:00:00.000Z,27.8,166.4,41.3,36.75,46.9,11.657,616
2023-09-27T00:00:00.000Z,16.7,158.1,32.85,28.6,38.1,10.433,668
2023-09-28T00:00:00.000Z,9.7,265.9,39.1,33.7,44.8,19.838,637
2023-09-29T00:00:00.000Z,36.7,236.9,54.2,50.8,59.9,13.697,651
2023-09-30T00:00:00.000Z,41.9,91.8,52.6,49.7,59.1,9.267,632
2023-10-01T00:00:00.000Z,23.7,128.6,41.4,38.1,46.65,9.953,624
2023-10-02T00:00:00.000Z,32.2,170.1,45.5,41.7,48.1,8.115,677
2023-10-03T00:00:00.000Z,39.3,211.6,50.75,46.9,57.6,17.238,670
2023-10-04T00:00:00.000Z,25.9,221.3,48.3,42.9,63.4,20.135,642
2023-10-05T00:00:00.000Z,17.4,236.2,48.85,41.4,51.05,18.484,672
2023-10-06T00:00:00.000Z,28.4,130.2,45.8,39.6,50.5,9.621,634
2023-10-07T00:00:00.000Z,16.7,71.9,27,24.6,42.1,10.97,643
2023-10-08T00:00:00.000Z,16.8,89.2,32.79,25.3,40.6,12.53,653
2023-10-09T00:00:00.000Z,20.8,129.2,34.29,26,41.5,15.828,675
2023-10-10T00:00:00.000Z,23.4,186.2,33,29.1,37.5,12.614,646
2023-10-11T00:00:00.000Z,24.9,138.6,42.2,34.5,47.4,11.404,654
2023-10-12T00:00:00.000Z,31.2,116.4,39.79,37.2,42.7,7.266,660
2023-10-13T00:00:00.000Z,36.7,116.8,55,46,64.2,12.941,646
2023-10-14T00:00:00.000Z,22.6,88.6,38.54,32.2,61.1,16.101,648
2023-10-15T00:00:00.000Z,22.4,155.3,42.9,34.5,51.8,23.107,647
2023-10-16T00:00:00.000Z,34.6,175,67.25,45.6,97.6,29.886,658
2023-10-17T00:00:00.000Z,40.7,206.5,78.9,47.4,131.1,41.213,667
2023-10-18T00:00:00.000Z,31.3,278.8,115.6,48.2,153.6,52.037,659
2023-10-19T00:00:00.000Z,14.8,303.1,38.9,34.6,52.9,30.377,647
2023-10-20T00:00:00.000Z,18.9,186.2,36.29,27.5,42.9,14.346,651
2023-10-21T00:00:00.000Z,21.4,80.2,35.4,28.6,53.3,13.807,609
2023-10-22T00:00:00.000Z,33.5,136.3,55.6,37.5,83.8,27.96,651
2023-10-23T00:00:00.000Z,37.2,181.2,59.95,48.8,96.7,29.795,656
2023-10-24T00:00:00.000Z,40.9,171.4,107.75,49.6,124.4,38.912,672
2023-10-25T00:00:00.000Z,39.9,206.2,69.9,55.7,89.8,26.118,671
2023-10-26T00:00:00.000Z,35,183.1,64.5,48.5,78,35.511,673
2023-10-27T00:00:00.000Z,29.5,236.3,71.65,47.8,89.35,31.778,652
2023-10-28T00:00:00.000Z,40.4,83.8,48.1,45.2,51.6,9.135,650
2023-10-29T00:00:00.000Z,11.9,97.1,40.1,23.7,47.6,13.389,659
2023-10-30T00:00:00.000Z,22.4,118.7,48.1,32.6,67,19.58,666
2023-10-31T00:00:00.000Z,32.7,204.8,54.9,43.45,80.05,25.912,661
2023-11-01T00:00:00.000Z,41.5,226,79.2,60.25,96.35,23.319,677
2023-11-02T00:00:00.000Z,48.9,162.6,73.9,67,83.95,21.966,680
2023-11-03T00:00:00.000Z,34.4,174.1,47.8,45.15,55.15,13.793,657
2023-11-04T00:00:00.000Z,22.4,59.4,37.65,33,43.35,8.05,624
2023-11-05T00:00:00.000Z,23.3,107.3,40.5,34.1,50.2,10.103,635
2023-11-06T00:00:00.000Z,22.4,243.6,37.2,30,41.8,13.598,654
2023-11-07T00:00:00.000Z,31.1,194.4,49.7,39.6,54.6,15.081,657
2023-11-08T00:00:00.000Z,39,256.5,63.2,53.4,75.95,19.399,649
2023-11-09T00:00:00.000Z,31.8,163.4,47.7,40.8,53.1,11.103,587
2023-11-10T00:00:00.000Z,21.3,121.1,44.8,41.1,48.7,8.622,636
2023-11-11T00:00:00.000Z,29.1,70,41.6,37,47.95,7.85,620
2023-11-12T00:00:00.000Z,16.6,72.2,36.7,28.4,44.2,11.682,403
2023-11-13T00:00:00.000Z,11.3,119.7,23.1,19.9,32.15,15.168,612
2023-11-14T00:00:00.000Z,20.1,119.1,39.7,34,43.1,10.603,635
2023-11-15T00:00:00.000Z,15.7,140.5,58.4,46.7,95.45,30.928,657
2023-11-16T00:00:00.000Z,21.3,101.3,27.95,25.5,32.5,8.147,654
2023-11-17T00:00:00.000Z,21,124.6,49.15,34.2,67.2,25.657,650
2023-11-18T00:00:00.000Z,29.7,191.4,77.7,40.9,122.8,46.111,674
2023-11-19T00:00:00.000Z,33.2,214.1,94.4,56.2,128,42.999,691
2023-11-20T00:00:00.000Z,49.1,302.6,124.7,87.15,143.45,48.98,681
