,địa điểm trạm đo,date,pm25,pm10,o3,no2,so2,co,aqi,mức độ ô nhiễm
0,Bắc Từ Liêm,2020-08-22,0,52,1,22,3,11,52,Vừa Phải
1,Bắc Từ Liêm,2020-08-23,74,60,0,19,4,10,74,Vừa Phải
2,Bắc Từ Liêm,2020-08-24,76,49,1,15,1,9,76,Vừa Phải
3,Bắc Từ Liêm,2020-08-25,54,52,1,16,2,10,54,Vừa Phải
4,Bắc Từ Liêm,2020-08-26,66,70,1,30,2,10,70,Vừa Phải
5,Bắc Từ Liêm,2020-08-27,99,58,1,26,2,11,99,Vừa Phải
6,Bắc Từ Liêm,2020-08-28,75,57,1,23,1,11,75,Vừa Phải
7,Bắc Từ Liêm,2020-08-29,74,62,1,25,1,11,74,Vừa Phải
8,Bắc Từ Liêm,2020-08-30,79,62,1,22,3,10,79,Vừa Phải
9,Bắc Từ Liêm,2020-08-31,80,58,1,13,3,10,80,Vừa Phải
10,Bắc Từ Liêm,2020-09-01,79,82,1,20,4,8,82,Vừa Phải
11,Bắc Từ Liêm,2020-09-02,127,73,1,17,1,12,127,Không tốt cho người nhạy cảm
12,Bắc Từ Liêm,2020-09-03,99,71,1,14,3,11,99,Vừa Phải
13,Bắc Từ Liêm,2020-09-04,104,70,0,16,2,12,104,Không tốt cho người nhạy cảm
14,Bắc Từ Liêm,2020-09-05,96,0,0,0,0,0,96,Vừa Phải
15,Bắc Từ Liêm,2020-09-06,0,47,0,21,2,11,47,Tốt
16,Bắc Từ Liêm,2020-09-07,54,65,1,29,1,12,65,Vừa Phải
17,Bắc Từ Liêm,2020-09-08,87,59,1,27,1,11,87,Vừa Phải
18,Bắc Từ Liêm,2020-09-09,70,63,1,37,1,14,70,Vừa Phải
19,Bắc Từ Liêm,2020-09-10,63,60,1,36,1,12,63,Vừa Phải
20,Bắc Từ Liêm,2020-09-11,66,63,1,42,4,12,66,Vừa Phải
21,Bắc Từ Liêm,2020-09-12,73,52,1,27,1,9,73,Vừa Phải
22,Bắc Từ Liêm,2020-09-13,61,50,1,25,1,12,61,Vừa Phải
23,Bắc Từ Liêm,2020-09-14,51,63,2,32,2,12,63,Vừa Phải
24,Bắc Từ Liêm,2020-09-15,66,61,0,26,3,11,66,Vừa Phải
25,Bắc Từ Liêm,2020-09-16,69,71,1,31,3,8,71,Vừa Phải
26,Bắc Từ Liêm,2020-09-17,85,33,0,25,2,3,85,Vừa Phải
27,Bắc Từ Liêm,2020-09-18,40,39,0,18,1,7,40,Tốt
28,Bắc Từ Liêm,2020-09-19,44,58,0,20,1,12,58,Vừa Phải
29,Bắc Từ Liêm,2020-09-20,70,77,0,33,3,13,77,Vừa Phải
30,Bắc Từ Liêm,2020-09-21,105,57,1,44,1,15,105,Không tốt cho người nhạy cảm
31,Bắc Từ Liêm,2020-09-22,56,58,0,29,1,14,58,Vừa Phải
32,Bắc Từ Liêm,2020-09-23,60,40,0,26,2,8,60,Vừa Phải
33,Bắc Từ Liêm,2020-09-24,46,63,1,35,2,11,63,Vừa Phải
34,Bắc Từ Liêm,2020-09-25,78,46,0,50,1,10,78,Vừa Phải
35,Bắc Từ Liêm,2020-09-26,41,45,1,31,1,8,45,Tốt
36,Bắc Từ Liêm,2020-09-27,41,62,1,38,3,11,62,Vừa Phải
37,Bắc Từ Liêm,2020-09-28,72,66,1,45,2,11,72,Vừa Phải
38,Bắc Từ Liêm,2020-09-29,86,59,1,46,1,12,86,Vừa Phải
39,Bắc Từ Liêm,2020-09-30,74,51,1,26,3,13,74,Vừa Phải
40,Bắc Từ Liêm,2020-10-01,60,58,1,18,1,11,60,Vừa Phải
41,Bắc Từ Liêm,2020-10-02,75,59,0,23,1,11,75,Vừa Phải
42,Bắc Từ Liêm,2020-10-03,78,59,0,20,2,10,78,Vừa Phải
43,Bắc Từ Liêm,2020-10-04,71,54,1,16,2,12,71,Vừa Phải
44,Bắc Từ Liêm,2020-10-05,64,52,1,20,1,5,64,Vừa Phải
45,Bắc Từ Liêm,2020-10-06,57,31,1,20,3,4,57,Vừa Phải
46,Bắc Từ Liêm,2020-10-07,38,34,1,10,1,3,38,Tốt
47,Bắc Từ Liêm,2020-10-08,45,32,1,12,2,3,45,Tốt
48,Bắc Từ Liêm,2020-10-09,43,35,1,17,2,3,43,Tốt
49,Bắc Từ Liêm,2020-10-10,48,43,1,14,2,4,48,Tốt
50,Bắc Từ Liêm,2020-10-11,57,57,1,17,1,6,57,Vừa Phải
51,Bắc Từ Liêm,2020-10-12,87,68,1,19,1,7,87,Vừa Phải
52,Bắc Từ Liêm,2020-10-13,104,49,1,12,1,4,104,Không tốt cho người nhạy cảm
53,Bắc Từ Liêm,2020-10-14,69,26,1,9,2,7,69,Vừa Phải
54,Bắc Từ Liêm,2020-10-15,31,28,1,10,2,5,31,Tốt
55,Bắc Từ Liêm,2020-10-16,33,23,1,7,1,5,33,Tốt
56,Bắc Từ Liêm,2020-10-17,32,31,1,7,1,7,32,Tốt
57,Bắc Từ Liêm,2020-10-18,40,33,2,8,2,6,40,Tốt
58,Bắc Từ Liêm,2020-10-19,43,38,1,9,1,5,43,Tốt
59,Bắc Từ Liêm,2020-10-20,54,43,1,10,1,5,54,Vừa Phải
60,Bắc Từ Liêm,2020-10-21,59,67,1,19,1,10,67,Vừa Phải
61,Bắc Từ Liêm,2020-10-22,102,79,2,17,1,13,102,Không tốt cho người nhạy cảm
62,Bắc Từ Liêm,2020-10-23,113,76,1,19,1,13,113,Không tốt cho người nhạy cảm
63,Bắc Từ Liêm,2020-10-24,106,79,1,15,1,7,106,Không tốt cho người nhạy cảm
64,Bắc Từ Liêm,2020-10-25,113,57,1,13,1,7,113,Không tốt cho người nhạy cảm
65,Bắc Từ Liêm,2020-10-26,84,56,1,14,2,9,84,Vừa Phải
66,Bắc Từ Liêm,2020-10-27,77,63,0,18,1,8,77,Vừa Phải
67,Bắc Từ Liêm,2020-10-28,94,37,0,16,1,6,94,Vừa Phải
68,Bắc Từ Liêm,2020-10-29,55,23,1,13,1,8,55,Vừa Phải
69,Bắc Từ Liêm,2020-10-30,34,42,1,14,1,12,42,Tốt
70,Bắc Từ Liêm,2020-10-31,54,77,1,13,1,16,77,Vừa Phải
71,Bắc Từ Liêm,2020-11-01,114,67,1,15,1,9,114,Không tốt cho người nhạy cảm
72,Bắc Từ Liêm,2020-11-02,97,31,1,15,1,5,97,Vừa Phải
73,Bắc Từ Liêm,2020-11-03,43,55,1,13,1,7,55,Vừa Phải
74,Bắc Từ Liêm,2020-11-04,82,78,1,18,1,12,82,Vừa Phải
75,Bắc Từ Liêm,2020-11-05,103,91,1,21,1,10,103,Không tốt cho người nhạy cảm
76,Bắc Từ Liêm,2020-11-06,137,68,1,22,1,10,137,Không tốt cho người nhạy cảm
77,Bắc Từ Liêm,2020-11-07,97,61,2,26,1,8,97,Vừa Phải
78,Bắc Từ Liêm,2020-11-08,88,69,2,35,1,7,88,Vừa Phải
79,Bắc Từ Liêm,2020-11-09,109,75,2,34,1,8,109,Không tốt cho người nhạy cảm
80,Bắc Từ Liêm,2020-11-10,103,80,2,37,1,10,103,Không tốt cho người nhạy cảm
81,Bắc Từ Liêm,2020-11-11,121,81,3,32,1,11,121,Không tốt cho người nhạy cảm
82,Bắc Từ Liêm,2020-11-12,112,88,3,31,1,9,112,Không tốt cho người nhạy cảm
83,Bắc Từ Liêm,2020-11-13,130,73,4,30,1,7,130,Không tốt cho người nhạy cảm
84,Bắc Từ Liêm,2020-11-14,107,48,2,29,1,7,107,Không tốt cho người nhạy cảm
85,Bắc Từ Liêm,2020-11-15,80,51,2,26,1,10,80,Vừa Phải
86,Bắc Từ Liêm,2020-11-16,69,55,3,27,1,15,69,Vừa Phải
87,Bắc Từ Liêm,2020-11-17,81,69,3,29,1,13,81,Vừa Phải
88,Bắc Từ Liêm,2020-11-18,91,76,2,35,1,15,91,Vừa Phải
89,Bắc Từ Liêm,2020-11-19,89,70,1,24,1,14,89,Vừa Phải
90,Bắc Từ Liêm,2020-11-20,83,63,1,21,1,13,83,Vừa Phải
91,Bắc Từ Liêm,2020-11-21,74,57,1,23,1,11,74,Vừa Phải
92,Bắc Từ Liêm,2020-11-22,64,58,1,21,1,13,64,Vừa Phải
93,Bắc Từ Liêm,2020-11-23,67,65,1,21,1,13,67,Vừa Phải
94,Bắc Từ Liêm,2020-11-24,85,71,1,16,1,14,85,Vừa Phải
95,Bắc Từ Liêm,2020-11-25,96,65,2,14,1,10,96,Vừa Phải
96,Bắc Từ Liêm,2020-11-26,85,71,2,13,1,6,85,Vừa Phải
97,Bắc Từ Liêm,2020-11-27,98,44,2,12,1,4,98,Vừa Phải
98,Bắc Từ Liêm,2020-11-28,62,37,3,13,1,4,62,Vừa Phải
99,Bắc Từ Liêm,2020-11-29,50,45,3,15,1,6,50,Tốt
100,Bắc Từ Liêm,2020-11-30,65,57,2,17,1,6,65,Vừa Phải
101,Bắc Từ Liêm,2020-12-01,96,71,2,20,1,10,96,Vừa Phải
102,Bắc Từ Liêm,2020-12-02,116,68,2,16,1,6,116,Không tốt cho người nhạy cảm
103,Bắc Từ Liêm,2020-12-03,96,40,2,17,1,6,96,Vừa Phải
104,Bắc Từ Liêm,2020-12-04,50,46,2,19,1,7,50,Tốt
105,Bắc Từ Liêm,2020-12-05,67,66,2,25,1,10,67,Vừa Phải
106,Bắc Từ Liêm,2020-12-06,103,76,3,22,1,7,103,Không tốt cho người nhạy cảm
107,Bắc Từ Liêm,2020-12-07,120,67,2,23,1,8,120,Không tốt cho người nhạy cảm
108,Bắc Từ Liêm,2020-12-08,109,89,2,26,1,10,109,Không tốt cho người nhạy cảm
109,Bắc Từ Liêm,2020-12-09,128,90,2,25,1,12,128,Không tốt cho người nhạy cảm
110,Bắc Từ Liêm,2020-12-10,138,103,2,27,1,13,138,Không tốt cho người nhạy cảm
111,Bắc Từ Liêm,2020-12-11,163,72,2,22,1,10,163,Không tốt
112,Bắc Từ Liêm,2020-12-12,116,83,1,21,1,13,116,Không tốt cho người nhạy cảm
113,Bắc Từ Liêm,2020-12-13,126,68,2,19,1,10,126,Không tốt cho người nhạy cảm
114,Bắc Từ Liêm,2020-12-14,102,27,3,18,1,4,102,Không tốt cho người nhạy cảm
115,Bắc Từ Liêm,2020-12-15,36,23,2,20,1,4,36,Tốt
116,Bắc Từ Liêm,2020-12-16,28,27,2,21,1,4,28,Tốt
117,Bắc Từ Liêm,2020-12-17,40,33,1,21,1,4,40,Tốt
118,Bắc Từ Liêm,2020-12-18,47,47,1,21,1,4,47,Tốt
119,Bắc Từ Liêm,2020-12-19,72,51,1,21,1,4,72,Vừa Phải
120,Bắc Từ Liêm,2020-12-20,78,58,1,22,1,5,78,Vừa Phải
121,Bắc Từ Liêm,2020-12-21,97,79,3,25,1,8,97,Vừa Phải
122,Bắc Từ Liêm,2020-12-22,137,84,1,26,1,7,137,Không tốt cho người nhạy cảm
123,Bắc Từ Liêm,2020-12-23,139,60,1,27,1,9,139,Không tốt cho người nhạy cảm
124,Bắc Từ Liêm,2020-12-24,103,94,1,31,1,15,103,Không tốt cho người nhạy cảm
125,Bắc Từ Liêm,2020-12-25,138,94,2,33,1,11,138,Không tốt cho người nhạy cảm
126,Bắc Từ Liêm,2020-12-26,144,110,0,27,2,12,144,Không tốt cho người nhạy cảm
127,Bắc Từ Liêm,2020-12-27,167,74,0,25,2,14,167,Không tốt
128,Bắc Từ Liêm,2020-12-28,110,54,1,22,2,8,110,Không tốt cho người nhạy cảm
129,Bắc Từ Liêm,2020-12-29,71,54,0,16,1,5,71,Vừa Phải
130,Bắc Từ Liêm,2020-12-30,90,51,0,13,1,4,90,Vừa Phải
131,Bắc Từ Liêm,2020-12-31,85,0,0,0,0,0,85,Vừa Phải
132,Bắc Từ Liêm,2021-01-03,0,101,0,30,1,8,101,Không tốt cho người nhạy cảm
133,Bắc Từ Liêm,2021-01-04,164,156,0,59,1,14,164,Không tốt
134,Bắc Từ Liêm,2021-01-05,218,105,0,54,1,6,218,Rất không tốt
135,Bắc Từ Liêm,2021-01-06,160,99,0,47,1,5,160,Không tốt
136,Bắc Từ Liêm,2021-01-07,152,34,0,39,1,4,152,Không tốt
137,Bắc Từ Liêm,2021-01-08,50,40,1,39,1,3,50,Tốt
138,Bắc Từ Liêm,2021-01-09,56,58,1,44,1,4,58,Vừa Phải
139,Bắc Từ Liêm,2021-01-10,85,68,2,39,1,4,85,Vừa Phải
140,Bắc Từ Liêm,2021-01-11,106,74,2,44,1,8,106,Không tốt cho người nhạy cảm
141,Bắc Từ Liêm,2021-01-12,113,116,1,56,1,13,116,Không tốt cho người nhạy cảm
142,Bắc Từ Liêm,2021-01-13,166,109,1,51,1,11,166,Không tốt
143,Bắc Từ Liêm,2021-01-14,162,124,1,56,1,15,162,Không tốt
144,Bắc Từ Liêm,2021-01-15,180,121,4,53,1,10,180,Không tốt
145,Bắc Từ Liêm,2021-01-16,182,100,2,42,1,6,182,Không tốt
146,Bắc Từ Liêm,2021-01-17,148,69,1,39,1,8,148,Không tốt cho người nhạy cảm
147,Bắc Từ Liêm,2021-01-18,116,100,5,42,1,12,116,Không tốt cho người nhạy cảm
148,Bắc Từ Liêm,2021-01-19,155,119,5,48,1,13,155,Không tốt
149,Bắc Từ Liêm,2021-01-20,171,165,5,48,1,11,171,Không tốt
150,Bắc Từ Liêm,2021-01-21,207,163,2,46,1,14,207,Rất không tốt
151,Bắc Từ Liêm,2021-01-22,207,132,3,39,1,16,207,Rất không tốt
152,Bắc Từ Liêm,2021-01-23,178,104,1,29,1,12,178,Không tốt
153,Bắc Từ Liêm,2021-01-24,165,101,1,21,1,16,165,Không tốt
154,Bắc Từ Liêm,2021-01-25,156,83,1,21,1,14,156,Không tốt
155,Bắc Từ Liêm,2021-01-26,113,74,2,19,1,12,113,Không tốt cho người nhạy cảm
156,Bắc Từ Liêm,2021-01-27,104,73,4,19,1,6,104,Không tốt cho người nhạy cảm
157,Bắc Từ Liêm,2021-01-28,101,97,2,24,1,11,101,Không tốt cho người nhạy cảm
158,Bắc Từ Liêm,2021-01-29,142,132,2,26,1,11,142,Không tốt cho người nhạy cảm
159,Bắc Từ Liêm,2021-01-30,179,145,1,27,1,13,179,Không tốt
160,Bắc Từ Liêm,2021-01-31,188,108,1,24,1,13,188,Không tốt
161,Bắc Từ Liêm,2021-02-01,144,75,1,20,1,11,144,Không tốt cho người nhạy cảm
162,Bắc Từ Liêm,2021-02-02,110,82,1,23,1,10,110,Không tốt cho người nhạy cảm
163,Bắc Từ Liêm,2021-02-03,125,76,1,22,1,11,125,Không tốt cho người nhạy cảm
164,Bắc Từ Liêm,2021-02-04,114,93,2,22,1,11,114,Không tốt cho người nhạy cảm
165,Bắc Từ Liêm,2021-02-05,134,85,2,23,1,10,134,Không tốt cho người nhạy cảm
166,Bắc Từ Liêm,2021-02-06,130,84,2,22,1,9,130,Không tốt cho người nhạy cảm
167,Bắc Từ Liêm,2021-02-07,138,87,1,20,1,7,138,Không tốt cho người nhạy cảm
168,Bắc Từ Liêm,2021-02-08,130,38,1,24,1,5,130,Không tốt cho người nhạy cảm
169,Bắc Từ Liêm,2021-02-09,50,62,3,30,1,10,62,Vừa Phải
170,Bắc Từ Liêm,2021-02-10,113,57,3,28,1,8,113,Không tốt cho người nhạy cảm
171,Bắc Từ Liêm,2021-02-11,92,33,3,20,1,5,92,Vừa Phải
172,Bắc Từ Liêm,2021-02-12,55,40,3,26,1,6,55,Vừa Phải
173,Bắc Từ Liêm,2021-02-13,63,62,2,22,1,5,63,Vừa Phải
174,Bắc Từ Liêm,2021-02-14,82,67,17,25,1,6,82,Vừa Phải
175,Bắc Từ Liêm,2021-02-15,103,76,1,20,1,5,103,Không tốt cho người nhạy cảm
176,Bắc Từ Liêm,2021-02-16,108,61,1,22,1,6,108,Không tốt cho người nhạy cảm
177,Bắc Từ Liêm,2021-02-17,89,69,1,26,1,7,89,Vừa Phải
178,Bắc Từ Liêm,2021-02-18,105,95,2,38,2,9,105,Không tốt cho người nhạy cảm
179,Bắc Từ Liêm,2021-02-19,154,78,2,70,1,9,154,Không tốt
180,Bắc Từ Liêm,2021-02-20,142,67,1,70,1,7,142,Không tốt cho người nhạy cảm
181,Bắc Từ Liêm,2021-02-21,113,63,2,52,1,7,113,Không tốt cho người nhạy cảm
182,Bắc Từ Liêm,2021-02-22,100,68,1,51,1,8,100,Vừa Phải
183,Bắc Từ Liêm,2021-02-23,108,67,1,48,1,8,108,Không tốt cho người nhạy cảm
184,Bắc Từ Liêm,2021-02-24,102,57,1,56,1,7,102,Không tốt cho người nhạy cảm
185,Bắc Từ Liêm,2021-02-25,85,36,1,46,1,7,85,Vừa Phải
186,Bắc Từ Liêm,2021-02-26,47,0,0,0,0,0,47,Tốt
187,Bắc Từ Liêm,2021-07-03,0,55,2,22,4,4,55,Vừa Phải
188,Bắc Từ Liêm,2021-07-04,69,57,5,17,2,4,69,Vừa Phải
189,Bắc Từ Liêm,2021-07-05,53,0,0,0,0,0,53,Vừa Phải
190,Bắc Từ Liêm,2021-07-09,0,51,4,20,2,5,51,Vừa Phải
191,Bắc Từ Liêm,2021-07-10,52,56,4,24,3,4,56,Vừa Phải
192,Bắc Từ Liêm,2021-07-11,54,50,5,26,4,5,54,Vừa Phải
193,Bắc Từ Liêm,2021-07-12,49,58,4,20,6,5,58,Vừa Phải
194,Bắc Từ Liêm,2021-07-13,67,55,4,20,6,4,67,Vừa Phải
195,Bắc Từ Liêm,2021-07-14,54,54,0,0,5,0,54,Vừa Phải
196,Bắc Từ Liêm,2021-07-15,54,56,1,0,0,10,56,Vừa Phải
197,Bắc Từ Liêm,2021-07-16,58,63,4,0,0,7,63,Vừa Phải
198,Bắc Từ Liêm,2021-07-17,66,57,2,0,0,5,66,Vừa Phải
199,Bắc Từ Liêm,2021-07-18,58,62,3,0,0,5,62,Vừa Phải
200,Bắc Từ Liêm,2021-07-19,78,60,2,0,0,6,78,Vừa Phải
201,Bắc Từ Liêm,2021-07-20,73,46,2,0,0,5,73,Vừa Phải
202,Bắc Từ Liêm,2021-07-21,50,59,1,0,0,7,59,Vừa Phải
203,Bắc Từ Liêm,2021-07-22,70,34,1,0,0,7,70,Vừa Phải
204,Bắc Từ Liêm,2021-07-23,34,42,1,0,0,4,42,Tốt
205,Bắc Từ Liêm,2021-07-24,48,52,2,0,0,3,52,Vừa Phải
206,Bắc Từ Liêm,2021-07-25,60,37,1,0,0,3,60,Vừa Phải
207,Bắc Từ Liêm,2021-07-26,47,33,1,0,0,3,47,Tốt
208,Bắc Từ Liêm,2021-07-27,34,35,1,0,0,2,35,Tốt
209,Bắc Từ Liêm,2021-07-28,41,50,1,0,0,3,50,Tốt
210,Bắc Từ Liêm,2021-07-29,67,56,1,0,0,2,67,Vừa Phải
211,Bắc Từ Liêm,2021-07-30,73,44,2,0,0,2,73,Vừa Phải
212,Bắc Từ Liêm,2021-07-31,54,24,1,0,0,2,54,Vừa Phải
213,Bắc Từ Liêm,2021-08-01,32,45,2,0,0,3,45,Tốt
214,Bắc Từ Liêm,2021-08-02,44,47,2,0,3,2,47,Tốt
215,Bắc Từ Liêm,2021-08-03,61,63,2,0,3,3,63,Vừa Phải
216,Bắc Từ Liêm,2021-08-04,87,54,1,0,0,3,87,Vừa Phải
217,Bắc Từ Liêm,2021-08-05,72,54,1,0,0,3,72,Vừa Phải
218,Bắc Từ Liêm,2021-08-06,82,40,1,0,0,3,82,Vừa Phải
219,Bắc Từ Liêm,2021-08-07,43,64,1,0,0,3,64,Vừa Phải
220,Bắc Từ Liêm,2021-08-08,79,71,1,0,0,4,79,Vừa Phải
221,Bắc Từ Liêm,2021-08-09,91,37,1,0,0,3,91,Vừa Phải
222,Bắc Từ Liêm,2021-08-10,40,36,1,0,0,3,40,Tốt
223,Bắc Từ Liêm,2021-08-11,33,35,1,0,0,3,35,Tốt
224,Bắc Từ Liêm,2021-08-12,36,32,1,0,0,3,36,Tốt
225,Bắc Từ Liêm,2021-08-13,37,37,1,0,0,3,37,Tốt
226,Bắc Từ Liêm,2021-08-14,38,14,1,0,0,2,38,Tốt
227,Bắc Từ Liêm,2021-08-15,29,0,0,0,0,0,29,Tốt
228,Bắc Từ Liêm,2021-09-26,0,0,1,0,0,15,15,Tốt
229,Bắc Từ Liêm,2021-09-27,0,0,1,0,0,8,8,Tốt
230,Bắc Từ Liêm,2021-09-28,0,0,2,0,0,6,6,Tốt
231,Bắc Từ Liêm,2021-09-29,0,0,2,0,0,8,8,Tốt
232,Bắc Từ Liêm,2021-09-30,0,0,1,0,0,6,6,Tốt
233,Bắc Từ Liêm,2021-10-01,0,0,1,0,0,6,6,Tốt
234,Bắc Từ Liêm,2021-10-02,0,0,2,0,0,5,5,Tốt
235,Bắc Từ Liêm,2021-10-03,0,0,2,0,0,6,6,Tốt
236,Bắc Từ Liêm,2021-10-04,0,0,1,0,0,5,5,Tốt
237,Bắc Từ Liêm,2021-10-05,0,0,2,0,0,8,8,Tốt
238,Bắc Từ Liêm,2021-10-06,0,0,2,0,0,6,6,Tốt
239,Bắc Từ Liêm,2022-12-19,0,57,7,22,1,5,57,Vừa Phải
240,Bắc Từ Liêm,2022-12-20,93,55,8,21,1,3,93,Vừa Phải
241,Bắc Từ Liêm,2022-12-21,89,78,2,25,1,8,89,Vừa Phải
242,Bắc Từ Liêm,2022-12-22,136,100,1,27,1,8,136,Không tốt cho người nhạy cảm
243,Bắc Từ Liêm,2022-12-23,152,0,0,0,0,0,152,Không tốt
244,Bắc Từ Liêm,2022-12-24,0,98,1,32,1,16,98,Vừa Phải
245,Bắc Từ Liêm,2022-12-25,145,94,2,33,1,11,145,Không tốt cho người nhạy cảm
246,Bắc Từ Liêm,2022-12-26,144,97,0,27,2,12,144,Không tốt cho người nhạy cảm
247,Bắc Từ Liêm,2022-12-27,145,106,1,27,1,13,145,Không tốt cho người nhạy cảm
248,Bắc Từ Liêm,2022-12-28,157,62,1,22,1,8,157,Không tốt
249,Bắc Từ Liêm,2022-12-29,81,63,0,20,1,5,81,Vừa Phải
250,Bắc Từ Liêm,2022-12-30,101,0,0,0,0,0,101,Không tốt cho người nhạy cảm
251,Bắc Từ Liêm,2023-01-01,0,107,0,22,1,9,107,Không tốt cho người nhạy cảm
252,Bắc Từ Liêm,2023-01-02,155,104,0,26,1,7,155,Không tốt
253,Bắc Từ Liêm,2023-01-03,167,101,0,30,1,8,167,Không tốt
254,Bắc Từ Liêm,2023-01-04,161,97,0,58,1,14,161,Không tốt
255,Bắc Từ Liêm,2023-01-05,157,69,0,53,1,6,157,Không tốt
256,Bắc Từ Liêm,2023-01-06,102,0,0,0,0,0,102,Không tốt cho người nhạy cảm
257,Bắc Từ Liêm,2023-01-07,0,83,0,39,1,4,83,Vừa Phải
258,Bắc Từ Liêm,2023-01-08,136,105,1,39,1,3,136,Không tốt cho người nhạy cảm
259,Bắc Từ Liêm,2023-01-09,168,97,1,44,1,4,168,Không tốt
260,Bắc Từ Liêm,2023-01-10,159,70,1,40,1,5,159,Không tốt
261,Bắc Từ Liêm,2023-01-11,109,58,1,45,1,8,109,Không tốt cho người nhạy cảm
262,Bắc Từ Liêm,2023-01-12,73,56,1,65,1,6,73,Vừa Phải
263,Bắc Từ Liêm,2023-01-13,57,0,0,0,0,0,57,Vừa Phải
264,Bắc Từ Liêm,2023-01-14,0,59,1,43,1,16,59,Vừa Phải
265,Bắc Từ Liêm,2023-01-15,91,61,1,38,1,10,91,Vừa Phải
266,Bắc Từ Liêm,2023-01-16,88,65,1,42,1,6,88,Vừa Phải
267,Bắc Từ Liêm,2023-01-17,106,72,1,39,1,8,106,Không tốt cho người nhạy cảm
268,Bắc Từ Liêm,2023-01-18,109,94,1,42,1,12,109,Không tốt cho người nhạy cảm
269,Bắc Từ Liêm,2023-01-19,136,109,1,48,1,13,136,Không tốt cho người nhạy cảm
270,Bắc Từ Liêm,2023-01-20,165,113,1,49,1,11,165,Không tốt
271,Bắc Từ Liêm,2023-01-21,175,153,1,45,1,14,175,Không tốt
272,Bắc Từ Liêm,2023-01-22,199,110,1,39,1,16,199,Không tốt
273,Bắc Từ Liêm,2023-01-23,145,53,1,29,1,12,145,Không tốt cho người nhạy cảm
274,Bắc Từ Liêm,2023-01-24,71,79,1,21,1,16,79,Vừa Phải
275,Bắc Từ Liêm,2023-01-25,122,92,1,21,1,14,122,Không tốt cho người nhạy cảm
276,Bắc Từ Liêm,2023-01-26,129,89,1,18,1,8,129,Không tốt cho người nhạy cảm
277,Bắc Từ Liêm,2023-01-27,138,0,0,0,0,0,138,Không tốt cho người nhạy cảm
278,Bắc Từ Liêm,2023-01-28,0,112,2,24,1,14,112,Không tốt cho người nhạy cảm
279,Bắc Từ Liêm,2023-01-29,151,123,2,26,1,11,151,Không tốt
280,Bắc Từ Liêm,2023-01-30,170,104,2,27,1,13,170,Không tốt
281,Bắc Từ Liêm,2023-01-31,155,87,1,24,1,9,155,Không tốt
282,Bắc Từ Liêm,2023-02-01,106,64,1,17,1,6,106,Không tốt cho người nhạy cảm
283,Bắc Từ Liêm,2023-02-02,67,0,0,0,0,0,67,Vừa Phải
284,Bắc Từ Liêm,2023-02-09,0,58,0,0,14,11,58,Vừa Phải
285,Bắc Từ Liêm,2023-02-10,52,49,0,0,5,7,52,Vừa Phải
286,Bắc Từ Liêm,2023-02-11,51,72,0,0,1,5,72,Vừa Phải
287,Bắc Từ Liêm,2023-02-12,88,64,0,0,1,6,88,Vừa Phải
288,Bắc Từ Liêm,2023-02-13,83,47,0,0,14,1,83,Vừa Phải
289,Bắc Từ Liêm,2023-02-14,63,50,0,0,12,2,63,Vừa Phải
290,Bắc Từ Liêm,2023-02-15,67,60,0,0,13,3,67,Vừa Phải
291,Bắc Từ Liêm,2023-02-16,92,92,5,0,24,5,92,Vừa Phải
292,Bắc Từ Liêm,2023-02-17,138,76,0,0,0,2,138,Không tốt cho người nhạy cảm
293,Bắc Từ Liêm,2023-02-18,107,80,0,0,0,1,107,Không tốt cho người nhạy cảm
294,Bắc Từ Liêm,2023-02-19,126,55,1,0,18,8,126,Không tốt cho người nhạy cảm
295,Bắc Từ Liêm,2023-02-20,80,84,9,0,25,14,84,Vừa Phải
296,Bắc Từ Liêm,2023-02-21,109,72,7,0,15,9,109,Không tốt cho người nhạy cảm
297,Bắc Từ Liêm,2023-02-22,89,74,5,0,0,8,89,Vừa Phải
298,Bắc Từ Liêm,2023-02-23,83,52,5,0,0,5,83,Vừa Phải
299,Bắc Từ Liêm,2023-02-24,56,39,19,0,0,4,56,Vừa Phải
300,Bắc Từ Liêm,2023-02-25,59,77,21,0,0,12,77,Vừa Phải
301,Bắc Từ Liêm,2023-02-26,118,82,21,0,0,12,118,Không tốt cho người nhạy cảm
302,Bắc Từ Liêm,2023-02-27,121,90,0,0,0,13,121,Không tốt cho người nhạy cảm
303,Bắc Từ Liêm,2023-02-28,119,87,0,0,0,8,119,Không tốt cho người nhạy cảm
304,Bắc Từ Liêm,2023-03-01,109,117,0,0,0,3,117,Không tốt cho người nhạy cảm
305,Bắc Từ Liêm,2023-03-02,156,0,0,0,0,0,156,Không tốt
306,Bắc Từ Liêm,2023-03-09,0,102,10,0,0,11,102,Không tốt cho người nhạy cảm
307,Bắc Từ Liêm,2023-03-10,106,75,5,0,1,10,106,Không tốt cho người nhạy cảm
308,Bắc Từ Liêm,2023-03-11,58,92,10,0,1,9,92,Vừa Phải
309,Bắc Từ Liêm,2023-03-12,82,67,13,0,1,5,82,Vừa Phải
310,Bắc Từ Liêm,2023-03-13,55,105,15,0,1,9,105,Không tốt cho người nhạy cảm
311,Bắc Từ Liêm,2023-03-14,94,103,7,0,1,10,103,Không tốt cho người nhạy cảm
312,Bắc Từ Liêm,2023-03-15,85,69,6,0,1,11,85,Vừa Phải
313,Bắc Từ Liêm,2023-03-16,41,66,4,0,1,10,66,Vừa Phải
314,Bắc Từ Liêm,2023-03-17,36,62,5,0,3,8,62,Vừa Phải
315,Bắc Từ Liêm,2023-03-18,42,59,6,0,0,8,59,Vừa Phải
316,Bắc Từ Liêm,2023-03-19,34,68,6,0,1,9,68,Vừa Phải
317,Bắc Từ Liêm,2023-03-20,38,80,8,0,1,10,80,Vừa Phải
318,Bắc Từ Liêm,2023-03-21,54,109,11,0,1,10,109,Không tốt cho người nhạy cảm
319,Bắc Từ Liêm,2023-03-22,88,95,8,0,1,9,95,Vừa Phải
320,Bắc Từ Liêm,2023-03-23,78,84,8,0,5,5,84,Vừa Phải
321,Bắc Từ Liêm,2023-03-24,73,71,9,0,2,9,73,Vừa Phải
322,Bắc Từ Liêm,2023-03-25,45,30,5,0,22,5,45,Tốt
323,Bắc Từ Liêm,2023-03-26,15,20,5,0,0,2,20,Tốt
324,Bắc Từ Liêm,2023-03-27,9,36,7,0,0,3,36,Tốt
325,Bắc Từ Liêm,2023-03-28,18,35,6,0,0,6,35,Tốt
326,Bắc Từ Liêm,2023-03-29,21,46,4,0,0,5,46,Tốt
327,Bắc Từ Liêm,2023-03-30,30,77,6,0,0,8,77,Vừa Phải
328,Bắc Từ Liêm,2023-03-31,75,64,5,0,0,11,75,Vừa Phải
329,Bắc Từ Liêm,2023-04-01,64,57,5,0,0,13,64,Vừa Phải
330,Bắc Từ Liêm,2023-04-02,53,58,7,0,0,10,58,Vừa Phải
331,Bắc Từ Liêm,2023-04-03,51,70,9,0,0,9,70,Vừa Phải
332,Bắc Từ Liêm,2023-04-04,70,73,12,0,0,9,73,Vừa Phải
333,Bắc Từ Liêm,2023-04-05,80,74,13,0,0,7,80,Vừa Phải
334,Bắc Từ Liêm,2023-04-06,87,56,9,0,0,3,87,Vừa Phải
335,Bắc Từ Liêm,2023-04-07,56,82,6,0,0,3,82,Vừa Phải
336,Bắc Từ Liêm,2023-04-08,84,0,0,0,0,0,84,Vừa Phải
337,Bắc Từ Liêm,2023-05-02,0,51,8,0,0,6,51,Vừa Phải
338,Bắc Từ Liêm,2023-05-03,40,53,10,0,0,7,53,Vừa Phải
339,Bắc Từ Liêm,2023-05-04,45,0,0,0,0,0,45,Tốt
340,Bắc Từ Liêm,2023-05-10,0,43,10,0,0,6,43,Tốt
341,Bắc Từ Liêm,2023-05-11,21,21,17,0,0,4,21,Tốt
342,Bắc Từ Liêm,2023-05-12,23,0,0,0,0,0,23,Tốt
343,Bắc Từ Liêm,2023-05-19,0,68,8,0,0,12,68,Vừa Phải
344,Bắc Từ Liêm,2023-05-20,42,68,19,0,0,9,68,Vừa Phải
345,Bắc Từ Liêm,2023-05-21,43,65,20,0,0,7,65,Vừa Phải
346,Bắc Từ Liêm,2023-05-22,48,65,23,0,0,4,65,Vừa Phải
347,Bắc Từ Liêm,2023-05-23,43,0,0,0,0,0,43,Tốt
348,Bắc Từ Liêm,2023-05-24,0,51,11,0,0,11,51,Vừa Phải
349,Bắc Từ Liêm,2023-05-25,43,47,8,0,0,8,47,Tốt
350,Bắc Từ Liêm,2023-05-26,24,0,0,0,0,0,24,Tốt
351,Bắc Từ Liêm,2023-05-29,0,56,24,0,0,11,56,Vừa Phải
352,Bắc Từ Liêm,2023-05-30,37,63,24,0,0,7,63,Vừa Phải
353,Bắc Từ Liêm,2023-05-31,48,75,24,0,0,8,75,Vừa Phải
354,Bắc Từ Liêm,2023-06-01,58,59,23,0,0,8,59,Vừa Phải
355,Bắc Từ Liêm,2023-06-02,43,50,27,0,0,7,50,Tốt
356,Bắc Từ Liêm,2023-06-03,30,54,21,0,0,7,54,Vừa Phải
357,Bắc Từ Liêm,2023-06-04,35,58,21,0,0,8,58,Vừa Phải
358,Bắc Từ Liêm,2023-06-05,38,55,12,0,0,7,55,Vừa Phải
359,Bắc Từ Liêm,2023-06-06,33,60,18,0,0,9,60,Vừa Phải
360,Bắc Từ Liêm,2023-06-07,33,76,9,0,0,5,76,Vừa Phải
361,Bắc Từ Liêm,2023-06-08,52,45,12,0,0,16,52,Vừa Phải
362,Bắc Từ Liêm,2023-06-09,33,67,19,0,0,11,67,Vừa Phải
363,Bắc Từ Liêm,2023-06-10,44,71,21,0,0,5,71,Vừa Phải
364,Bắc Từ Liêm,2023-06-11,48,64,20,0,0,8,64,Vừa Phải
365,Bắc Từ Liêm,2023-06-12,42,0,0,0,0,0,42,Tốt
366,Bắc Từ Liêm,2023-06-14,0,51,12,0,0,12,51,Vừa Phải
367,Bắc Từ Liêm,2023-06-15,31,53,18,0,0,8,53,Vừa Phải
368,Bắc Từ Liêm,2023-06-16,26,56,16,0,0,7,56,Vừa Phải
369,Bắc Từ Liêm,2023-06-17,29,0,0,0,0,0,29,Tốt
370,Bắc Từ Liêm,2023-06-19,0,50,12,0,0,9,50,Tốt
371,Bắc Từ Liêm,2023-06-20,31,40,19,0,0,5,40,Tốt
372,Bắc Từ Liêm,2023-06-21,24,55,12,0,0,9,55,Vừa Phải
373,Bắc Từ Liêm,2023-06-22,34,35,16,0,0,3,35,Tốt
374,Bắc Từ Liêm,2023-06-23,25,38,9,0,0,8,38,Tốt
375,Bắc Từ Liêm,2023-06-24,25,15,8,0,0,7,25,Tốt
376,Bắc Từ Liêm,2023-06-25,15,46,19,0,0,8,46,Tốt
377,Bắc Từ Liêm,2023-06-26,26,44,21,0,0,7,44,Tốt
378,Bắc Từ Liêm,2023-06-27,25,33,10,0,0,7,33,Tốt
379,Bắc Từ Liêm,2023-06-28,24,44,14,0,0,7,44,Tốt
380,Bắc Từ Liêm,2023-06-29,28,48,17,0,0,7,48,Tốt
381,Bắc Từ Liêm,2023-06-30,29,51,19,0,0,5,51,Vừa Phải
382,Bắc Từ Liêm,2023-07-01,24,48,15,0,0,5,48,Tốt
383,Bắc Từ Liêm,2023-07-02,19,0,0,0,0,0,19,Tốt
384,Bắc Từ Liêm,2023-07-04,0,43,6,0,0,9,43,Tốt
385,Bắc Từ Liêm,2023-07-05,14,46,12,0,0,6,46,Tốt
386,Bắc Từ Liêm,2023-07-06,20,44,13,0,0,4,44,Tốt
387,Bắc Từ Liêm,2023-07-07,13,41,11,0,0,8,41,Tốt
388,Bắc Từ Liêm,2023-07-08,25,41,20,0,0,6,41,Tốt
389,Bắc Từ Liêm,2023-07-09,18,42,20,0,0,7,42,Tốt
390,Bắc Từ Liêm,2023-07-10,22,49,16,0,0,7,49,Tốt
391,Bắc Từ Liêm,2023-07-11,21,51,11,0,0,6,51,Vừa Phải
392,Bắc Từ Liêm,2023-07-12,27,52,14,0,0,9,52,Vừa Phải
393,Bắc Từ Liêm,2023-07-13,23,46,18,0,0,5,46,Tốt
394,Bắc Từ Liêm,2023-07-14,22,49,19,0,0,8,49,Tốt
395,Bắc Từ Liêm,2023-07-15,26,63,17,0,0,7,63,Vừa Phải
396,Bắc Từ Liêm,2023-07-16,34,0,0,0,0,0,34,Tốt
