,địa điểm trạm đo,date,pm25,pm10,o3,no2,so2,co,aqi,mức độ ô nhiễm
0,Thái Nguyên,2020-06-20,0,51,0,0,0,0,51,Vừa Phải
1,Thái Nguyên,2020-06-21,63,48,0,0,0,0,63,Vừa Phải
2,Thái Nguyên,2020-06-22,52,42,0,0,0,0,52,Vừa Phải
3,Thái Nguyên,2020-06-23,50,50,0,0,0,0,50,Tốt
4,Thái Nguyên,2020-06-24,59,47,0,0,0,0,59,Vừa Phải
5,Thái Nguyên,2020-06-25,59,44,0,0,0,0,59,Vừa Phải
6,Thái Nguyên,2020-06-26,52,43,0,0,0,0,52,Vừa Phải
7,Thái Nguyên,2020-06-27,44,49,0,0,0,0,49,Tốt
8,Thái Nguyên,2020-06-28,59,46,0,0,0,0,59,Vừa Phải
9,Thái Nguyên,2020-06-29,50,53,0,0,0,0,53,Vừa Phải
10,Thái Nguyên,2020-06-30,66,51,0,0,0,0,66,Vừa Phải
11,Thái Nguyên,2020-07-01,68,53,0,0,0,0,68,Vừa Phải
12,Thái Nguyên,2020-07-02,77,39,0,0,0,0,77,Vừa Phải
13,Thái Nguyên,2020-07-03,50,24,0,0,0,0,50,Tốt
14,Thái Nguyên,2020-07-04,32,32,0,0,0,0,32,Tốt
15,Thái Nguyên,2020-07-05,38,40,0,0,0,0,40,Tốt
16,Thái Nguyên,2020-07-06,39,43,0,0,0,0,43,Tốt
17,Thái Nguyên,2020-07-07,47,43,0,0,0,0,47,Tốt
18,Thái Nguyên,2020-07-08,48,49,0,0,0,0,49,Tốt
19,Thái Nguyên,2020-07-09,59,52,0,0,0,0,59,Vừa Phải
20,Thái Nguyên,2020-07-10,69,52,0,0,0,0,69,Vừa Phải
21,Thái Nguyên,2020-07-11,68,54,0,0,0,0,68,Vừa Phải
22,Thái Nguyên,2020-07-12,74,51,0,0,0,0,74,Vừa Phải
23,Thái Nguyên,2020-07-13,65,52,0,0,0,0,65,Vừa Phải
24,Thái Nguyên,2020-07-14,72,51,0,0,0,0,72,Vừa Phải
25,Thái Nguyên,2020-07-15,74,43,0,0,0,0,74,Vừa Phải
26,Thái Nguyên,2020-07-16,51,47,0,0,0,0,51,Vừa Phải
27,Thái Nguyên,2020-07-17,55,46,0,0,0,0,55,Vừa Phải
28,Thái Nguyên,2020-07-18,52,53,0,0,0,0,53,Vừa Phải
29,Thái Nguyên,2020-07-19,70,41,0,0,0,0,70,Vừa Phải
30,Thái Nguyên,2020-07-20,49,36,0,0,0,0,49,Tốt
31,Thái Nguyên,2020-07-21,40,38,0,0,0,0,40,Tốt
32,Thái Nguyên,2020-07-22,43,36,0,0,0,0,43,Tốt
33,Thái Nguyên,2020-07-23,44,44,0,0,0,0,44,Tốt
34,Thái Nguyên,2020-07-24,68,43,0,0,0,0,68,Vừa Phải
35,Thái Nguyên,2020-07-25,57,43,0,0,0,0,57,Vừa Phải
36,Thái Nguyên,2020-07-26,53,56,0,0,0,0,56,Vừa Phải
37,Thái Nguyên,2020-07-27,88,65,0,0,0,0,88,Vừa Phải
38,Thái Nguyên,2020-07-28,108,54,0,0,0,0,108,Không tốt cho người nhạy cảm
39,Thái Nguyên,2020-07-29,85,47,0,0,0,0,85,Vừa Phải
40,Thái Nguyên,2020-07-30,72,40,0,0,0,0,72,Vừa Phải
41,Thái Nguyên,2020-07-31,58,40,0,0,0,0,58,Vừa Phải
42,Thái Nguyên,2020-08-01,52,21,0,0,0,0,52,Vừa Phải
43,Thái Nguyên,2020-08-02,28,17,0,0,0,0,28,Tốt
44,Thái Nguyên,2020-08-03,22,32,0,0,0,0,32,Tốt
45,Thái Nguyên,2020-08-04,41,38,0,0,0,0,41,Tốt
46,Thái Nguyên,2020-08-05,37,0,0,0,0,0,37,Tốt
47,Thái Nguyên,2020-08-09,0,44,0,0,0,0,44,Tốt
48,Thái Nguyên,2020-08-10,64,36,0,0,0,0,64,Vừa Phải
49,Thái Nguyên,2020-08-11,47,37,0,0,0,0,47,Tốt
50,Thái Nguyên,2020-08-12,45,30,0,0,0,0,45,Tốt
51,Thái Nguyên,2020-08-13,38,26,0,0,0,0,38,Tốt
52,Thái Nguyên,2020-08-14,32,31,0,0,0,0,32,Tốt
53,Thái Nguyên,2020-08-15,32,17,0,0,0,0,32,Tốt
54,Thái Nguyên,2020-08-16,15,17,0,0,0,0,17,Tốt
55,Thái Nguyên,2020-08-17,21,12,0,0,0,0,21,Tốt
56,Thái Nguyên,2020-08-18,17,40,0,0,0,0,40,Tốt
57,Thái Nguyên,2020-08-19,60,38,0,0,0,0,60,Vừa Phải
58,Thái Nguyên,2020-08-20,45,36,0,0,0,0,45,Tốt
59,Thái Nguyên,2020-08-21,46,42,0,0,0,0,46,Tốt
60,Thái Nguyên,2020-08-22,56,45,0,0,0,0,56,Vừa Phải
61,Thái Nguyên,2020-08-23,63,39,0,0,0,0,63,Vừa Phải
62,Thái Nguyên,2020-08-24,54,33,0,0,0,0,54,Vừa Phải
63,Thái Nguyên,2020-08-25,41,39,0,0,0,0,41,Tốt
64,Thái Nguyên,2020-08-26,68,67,0,0,0,0,68,Vừa Phải
65,Thái Nguyên,2020-08-27,106,56,0,0,0,0,106,Không tốt cho người nhạy cảm
66,Thái Nguyên,2020-08-28,86,53,0,0,0,0,86,Vừa Phải
67,Thái Nguyên,2020-08-29,74,58,0,0,0,0,74,Vừa Phải
68,Thái Nguyên,2020-08-30,98,56,0,0,0,0,98,Vừa Phải
69,Thái Nguyên,2020-08-31,81,59,0,0,0,0,81,Vừa Phải
70,Thái Nguyên,2020-09-01,93,65,0,0,0,0,93,Vừa Phải
71,Thái Nguyên,2020-09-02,115,72,0,0,0,0,115,Không tốt cho người nhạy cảm
72,Thái Nguyên,2020-09-03,130,62,0,0,0,0,130,Không tốt cho người nhạy cảm
73,Thái Nguyên,2020-09-04,108,51,0,0,0,0,108,Không tốt cho người nhạy cảm
74,Thái Nguyên,2020-09-05,79,47,0,0,0,0,79,Vừa Phải
75,Thái Nguyên,2020-09-06,72,35,0,0,0,0,72,Vừa Phải
76,Thái Nguyên,2020-09-07,52,45,0,0,0,0,52,Vừa Phải
77,Thái Nguyên,2020-09-08,56,40,0,0,0,0,56,Vừa Phải
78,Thái Nguyên,2020-09-09,45,41,0,0,0,0,45,Tốt
79,Thái Nguyên,2020-09-10,53,47,0,0,0,0,53,Vừa Phải
80,Thái Nguyên,2020-09-11,66,34,0,0,0,0,66,Vừa Phải
81,Thái Nguyên,2020-09-12,41,44,0,0,0,0,44,Tốt
82,Thái Nguyên,2020-09-13,49,35,0,0,0,0,49,Tốt
83,Thái Nguyên,2020-09-14,47,44,0,0,0,0,47,Tốt
84,Thái Nguyên,2020-09-15,56,38,0,0,0,0,56,Vừa Phải
85,Thái Nguyên,2020-09-16,47,40,0,0,0,0,47,Tốt
86,Thái Nguyên,2020-09-17,55,28,0,0,0,0,55,Vừa Phải
87,Thái Nguyên,2020-09-18,30,17,0,0,0,0,30,Tốt
88,Thái Nguyên,2020-09-19,19,28,0,0,0,0,28,Tốt
89,Thái Nguyên,2020-09-20,35,41,0,0,0,0,41,Tốt
90,Thái Nguyên,2020-09-21,46,29,0,0,0,0,46,Tốt
91,Thái Nguyên,2020-09-22,31,27,0,0,0,0,31,Tốt
92,Thái Nguyên,2020-09-23,34,18,0,0,0,0,34,Tốt
93,Thái Nguyên,2020-09-24,19,47,0,10,0,4,47,Tốt
94,Thái Nguyên,2020-09-25,59,55,0,9,0,6,59,Vừa Phải
95,Thái Nguyên,2020-09-26,92,21,0,6,0,5,92,Vừa Phải
96,Thái Nguyên,2020-09-27,22,23,0,6,0,6,23,Tốt
97,Thái Nguyên,2020-09-28,27,41,0,6,0,6,41,Tốt
98,Thái Nguyên,2020-09-29,58,31,0,5,0,5,58,Vừa Phải
99,Thái Nguyên,2020-09-30,42,35,0,8,0,6,42,Tốt
100,Thái Nguyên,2020-10-01,46,45,0,11,0,6,46,Tốt
101,Thái Nguyên,2020-10-02,63,25,0,7,0,9,63,Vừa Phải
102,Thái Nguyên,2020-10-03,32,46,0,5,0,4,46,Tốt
103,Thái Nguyên,2020-10-04,64,41,0,4,0,2,64,Vừa Phải
104,Thái Nguyên,2020-10-05,61,19,0,3,0,8,61,Vừa Phải
105,Thái Nguyên,2020-10-06,23,21,0,5,0,5,23,Tốt
106,Thái Nguyên,2020-10-07,24,26,0,6,0,6,26,Tốt
107,Thái Nguyên,2020-10-08,32,24,0,4,0,6,32,Tốt
108,Thái Nguyên,2020-10-09,29,27,0,7,0,13,29,Tốt
109,Thái Nguyên,2020-10-10,35,30,0,7,0,5,35,Tốt
110,Thái Nguyên,2020-10-11,43,59,0,11,0,6,59,Vừa Phải
111,Thái Nguyên,2020-10-12,97,69,0,8,0,6,97,Vừa Phải
112,Thái Nguyên,2020-10-13,127,28,0,5,0,5,127,Không tốt cho người nhạy cảm
113,Thái Nguyên,2020-10-14,43,20,0,8,0,7,43,Tốt
114,Thái Nguyên,2020-10-15,25,24,0,6,0,5,25,Tốt
115,Thái Nguyên,2020-10-16,30,25,0,7,0,5,30,Tốt
116,Thái Nguyên,2020-10-17,27,35,0,10,0,5,35,Tốt
117,Thái Nguyên,2020-10-18,46,34,0,10,0,5,46,Tốt
118,Thái Nguyên,2020-10-19,44,39,0,9,0,5,44,Tốt
119,Thái Nguyên,2020-10-20,49,48,0,10,0,6,49,Tốt
120,Thái Nguyên,2020-10-21,74,59,0,13,0,6,74,Vừa Phải
121,Thái Nguyên,2020-10-22,89,68,0,13,0,6,89,Vừa Phải
122,Thái Nguyên,2020-10-23,91,73,0,16,0,9,91,Vừa Phải
123,Thái Nguyên,2020-10-24,112,82,0,6,0,26,112,Không tốt cho người nhạy cảm
124,Thái Nguyên,2020-10-25,126,61,0,11,0,5,126,Không tốt cho người nhạy cảm
125,Thái Nguyên,2020-10-26,102,48,0,10,0,8,102,Không tốt cho người nhạy cảm
126,Thái Nguyên,2020-10-27,72,53,0,9,0,6,72,Vừa Phải
127,Thái Nguyên,2020-10-28,74,29,0,5,0,5,74,Vừa Phải
128,Thái Nguyên,2020-10-29,44,21,0,9,0,6,44,Tốt
129,Thái Nguyên,2020-10-30,32,32,0,10,0,7,32,Tốt
130,Thái Nguyên,2020-10-31,44,73,0,13,0,9,73,Vừa Phải
131,Thái Nguyên,2020-11-01,124,59,0,10,0,6,124,Không tốt cho người nhạy cảm
132,Thái Nguyên,2020-11-02,102,33,0,6,0,5,102,Không tốt cho người nhạy cảm
133,Thái Nguyên,2020-11-03,43,60,0,12,0,6,60,Vừa Phải
134,Thái Nguyên,2020-11-04,91,82,0,13,0,7,91,Vừa Phải
135,Thái Nguyên,2020-11-05,141,83,0,15,0,9,141,Không tốt cho người nhạy cảm
136,Thái Nguyên,2020-11-06,150,0,0,0,0,0,150,Không tốt cho người nhạy cảm
137,Thái Nguyên,2020-11-07,0,61,0,14,0,5,61,Vừa Phải
138,Thái Nguyên,2020-11-08,95,73,0,15,0,6,95,Vừa Phải
139,Thái Nguyên,2020-11-09,116,78,0,18,0,6,116,Không tốt cho người nhạy cảm
140,Thái Nguyên,2020-11-10,113,69,0,14,0,5,113,Không tốt cho người nhạy cảm
141,Thái Nguyên,2020-11-11,101,77,0,16,0,6,101,Không tốt cho người nhạy cảm
142,Thái Nguyên,2020-11-12,119,76,0,16,0,6,119,Không tốt cho người nhạy cảm
143,Thái Nguyên,2020-11-13,120,65,0,12,0,5,120,Không tốt cho người nhạy cảm
144,Thái Nguyên,2020-11-14,102,46,0,3,0,4,102,Không tốt cho người nhạy cảm
145,Thái Nguyên,2020-11-15,67,38,0,8,0,6,67,Vừa Phải
146,Thái Nguyên,2020-11-16,62,55,0,13,0,7,62,Vừa Phải
147,Thái Nguyên,2020-11-17,93,55,0,12,0,6,93,Vừa Phải
148,Thái Nguyên,2020-11-18,69,56,0,22,0,11,69,Vừa Phải
149,Thái Nguyên,2020-11-19,81,54,0,10,0,6,81,Vừa Phải
150,Thái Nguyên,2020-11-20,77,49,0,7,0,6,77,Vừa Phải
151,Thái Nguyên,2020-11-21,71,49,0,9,0,6,71,Vừa Phải
152,Thái Nguyên,2020-11-22,74,60,0,10,0,7,74,Vừa Phải
153,Thái Nguyên,2020-11-23,98,45,0,5,0,4,98,Vừa Phải
154,Thái Nguyên,2020-11-24,71,47,0,9,0,8,71,Vừa Phải
155,Thái Nguyên,2020-11-25,74,44,0,14,0,8,74,Vừa Phải
156,Thái Nguyên,2020-11-26,63,34,0,8,0,6,63,Vừa Phải
157,Thái Nguyên,2020-11-27,51,17,0,5,0,5,51,Vừa Phải
158,Thái Nguyên,2020-11-28,25,14,0,4,0,6,25,Tốt
159,Thái Nguyên,2020-11-29,19,34,0,5,0,6,34,Tốt
160,Thái Nguyên,2020-11-30,47,59,0,6,0,7,59,Vừa Phải
161,Thái Nguyên,2020-12-01,100,65,0,6,0,7,100,Vừa Phải
162,Thái Nguyên,2020-12-02,111,52,0,6,0,9,111,Không tốt cho người nhạy cảm
163,Thái Nguyên,2020-12-03,82,32,0,4,0,6,82,Vừa Phải
164,Thái Nguyên,2020-12-04,42,40,0,7,0,6,42,Tốt
165,Thái Nguyên,2020-12-05,59,71,0,13,0,13,71,Vừa Phải
166,Thái Nguyên,2020-12-06,118,72,0,8,0,7,118,Không tốt cho người nhạy cảm
167,Thái Nguyên,2020-12-07,126,64,0,13,0,9,126,Không tốt cho người nhạy cảm
168,Thái Nguyên,2020-12-08,108,80,0,13,0,8,108,Không tốt cho người nhạy cảm
169,Thái Nguyên,2020-12-09,145,92,0,17,0,8,145,Không tốt cho người nhạy cảm
170,Thái Nguyên,2020-12-10,150,0,0,17,0,9,150,Không tốt cho người nhạy cảm
171,Thái Nguyên,2020-12-11,191,0,0,0,0,0,191,Không tốt
172,Thái Nguyên,2020-12-12,0,0,0,11,0,6,11,Tốt
173,Thái Nguyên,2020-12-13,0,0,0,10,0,7,10,Tốt
174,Thái Nguyên,2020-12-14,92,0,0,5,0,6,92,Vừa Phải
175,Thái Nguyên,2020-12-15,17,0,0,3,0,0,17,Tốt
176,Thái Nguyên,2020-12-16,16,0,0,3,0,0,16,Tốt
177,Thái Nguyên,2020-12-17,24,0,0,8,0,0,24,Tốt
178,Thái Nguyên,2020-12-18,37,0,0,9,0,0,37,Tốt
179,Thái Nguyên,2020-12-19,61,60,0,9,2,87,87,Vừa Phải
180,Thái Nguyên,2020-12-20,82,64,0,11,7,6,82,Vừa Phải
181,Thái Nguyên,2020-12-21,108,74,0,13,9,6,108,Không tốt cho người nhạy cảm
182,Thái Nguyên,2020-12-22,135,91,0,15,14,8,135,Không tốt cho người nhạy cảm
183,Thái Nguyên,2020-12-23,160,73,0,13,3,5,160,Không tốt
184,Thái Nguyên,2020-12-24,124,76,0,12,8,8,124,Không tốt cho người nhạy cảm
185,Thái Nguyên,2020-12-25,136,0,0,0,0,0,136,Không tốt cho người nhạy cảm
186,Thái Nguyên,2020-12-26,0,116,0,25,2,8,116,Không tốt cho người nhạy cảm
187,Thái Nguyên,2020-12-27,205,93,0,23,7,8,205,Rất không tốt
188,Thái Nguyên,2020-12-28,170,61,0,17,6,9,170,Không tốt
189,Thái Nguyên,2020-12-29,90,48,0,11,5,9,90,Vừa Phải
190,Thái Nguyên,2020-12-30,68,46,0,9,5,8,68,Vừa Phải
191,Thái Nguyên,2020-12-31,72,83,0,13,10,11,83,Vừa Phải
192,Thái Nguyên,2021-01-01,151,89,0,16,8,7,151,Không tốt
193,Thái Nguyên,2021-01-02,153,85,0,13,7,4,153,Không tốt
194,Thái Nguyên,2021-01-03,149,98,0,16,10,8,149,Không tốt cho người nhạy cảm
195,Thái Nguyên,2021-01-04,176,119,0,15,10,7,176,Không tốt
196,Thái Nguyên,2021-01-05,192,104,0,14,3,5,192,Không tốt
197,Thái Nguyên,2021-01-06,178,79,0,7,2,5,178,Không tốt
198,Thái Nguyên,2021-01-07,135,22,0,5,1,4,135,Không tốt cho người nhạy cảm
199,Thái Nguyên,2021-01-08,27,28,0,2,1,3,28,Tốt
200,Thái Nguyên,2021-01-09,40,61,0,9,3,3,61,Vừa Phải
201,Thái Nguyên,2021-01-10,93,63,0,6,2,3,93,Vừa Phải
202,Thái Nguyên,2021-01-11,100,70,0,11,4,4,100,Vừa Phải
203,Thái Nguyên,2021-01-12,112,103,0,15,7,6,112,Không tốt cho người nhạy cảm
204,Thái Nguyên,2021-01-13,167,107,0,16,7,6,167,Không tốt
205,Thái Nguyên,2021-01-14,179,129,0,14,6,7,179,Không tốt
206,Thái Nguyên,2021-01-15,209,146,0,18,7,7,209,Rất không tốt
207,Thái Nguyên,2021-01-16,236,80,0,11,2,5,236,Rất không tốt
208,Thái Nguyên,2021-01-17,137,70,0,12,3,6,137,Không tốt cho người nhạy cảm
209,Thái Nguyên,2021-01-18,126,109,0,19,6,8,126,Không tốt cho người nhạy cảm
210,Thái Nguyên,2021-01-19,180,132,0,19,8,9,180,Không tốt
211,Thái Nguyên,2021-01-20,202,150,0,21,5,10,202,Rất không tốt
212,Thái Nguyên,2021-01-21,244,137,0,17,5,8,244,Rất không tốt
213,Thái Nguyên,2021-01-22,228,112,0,16,3,10,228,Rất không tốt
214,Thái Nguyên,2021-01-23,194,123,0,13,5,8,194,Không tốt
215,Thái Nguyên,2021-01-24,208,109,0,17,4,9,208,Rất không tốt
216,Thái Nguyên,2021-01-25,194,112,0,21,7,9,194,Không tốt
217,Thái Nguyên,2021-01-26,185,94,0,14,5,8,185,Không tốt
218,Thái Nguyên,2021-01-27,165,65,0,18,5,8,165,Không tốt
219,Thái Nguyên,2021-01-28,103,71,0,12,3,9,103,Không tốt cho người nhạy cảm
220,Thái Nguyên,2021-01-29,122,100,0,20,6,10,122,Không tốt cho người nhạy cảm
221,Thái Nguyên,2021-01-30,170,115,0,14,1,7,170,Không tốt
222,Thái Nguyên,2021-01-31,187,97,0,14,1,7,187,Không tốt
223,Thái Nguyên,2021-02-01,162,70,0,14,9,8,162,Không tốt
224,Thái Nguyên,2021-02-02,110,84,0,18,11,9,110,Không tốt cho người nhạy cảm
225,Thái Nguyên,2021-02-03,144,69,0,15,8,7,144,Không tốt cho người nhạy cảm
226,Thái Nguyên,2021-02-04,107,81,0,14,8,8,107,Không tốt cho người nhạy cảm
227,Thái Nguyên,2021-02-05,137,76,0,19,8,8,137,Không tốt cho người nhạy cảm
228,Thái Nguyên,2021-02-06,127,76,0,16,8,8,127,Không tốt cho người nhạy cảm
229,Thái Nguyên,2021-02-07,124,75,0,26,21,13,124,Không tốt cho người nhạy cảm
230,Thái Nguyên,2021-02-08,125,19,0,7,7,6,125,Không tốt cho người nhạy cảm
231,Thái Nguyên,2021-02-09,37,37,0,9,7,8,37,Tốt
232,Thái Nguyên,2021-02-10,60,55,0,11,6,9,60,Vừa Phải
233,Thái Nguyên,2021-02-11,98,52,0,6,7,6,98,Vừa Phải
234,Thái Nguyên,2021-02-12,87,55,0,10,8,7,87,Vừa Phải
235,Thái Nguyên,2021-02-13,92,50,0,9,6,6,92,Vừa Phải
236,Thái Nguyên,2021-02-14,82,55,0,9,11,6,82,Vừa Phải
237,Thái Nguyên,2021-02-15,93,38,0,9,6,6,93,Vừa Phải
238,Thái Nguyên,2021-02-16,59,27,0,9,6,5,59,Vừa Phải
239,Thái Nguyên,2021-02-17,37,49,0,10,7,6,49,Tốt
240,Thái Nguyên,2021-02-18,73,71,0,11,7,8,73,Vừa Phải
241,Thái Nguyên,2021-02-19,129,76,0,11,7,7,129,Không tốt cho người nhạy cảm
242,Thái Nguyên,2021-02-20,136,63,0,8,6,6,136,Không tốt cho người nhạy cảm
243,Thái Nguyên,2021-02-21,96,56,0,11,7,7,96,Vừa Phải
244,Thái Nguyên,2021-02-22,84,55,0,10,2,6,84,Vừa Phải
245,Thái Nguyên,2021-02-23,83,53,0,9,2,6,83,Vừa Phải
246,Thái Nguyên,2021-02-24,79,34,0,9,1,5,79,Vừa Phải
247,Thái Nguyên,2021-02-25,45,42,0,13,3,6,45,Tốt
248,Thái Nguyên,2021-02-26,58,30,0,6,1,5,58,Vừa Phải
249,Thái Nguyên,2021-02-27,38,21,0,11,1,6,38,Tốt
250,Thái Nguyên,2021-02-28,33,30,0,17,1,10,33,Tốt
251,Thái Nguyên,2021-03-01,47,24,0,10,1,6,47,Tốt
252,Thái Nguyên,2021-03-02,30,45,0,11,1,7,45,Tốt
253,Thái Nguyên,2021-03-03,62,40,0,10,1,7,62,Vừa Phải
254,Thái Nguyên,2021-03-04,58,48,0,17,1,10,58,Vừa Phải
255,Thái Nguyên,2021-03-05,77,44,0,12,5,10,77,Vừa Phải
256,Thái Nguyên,2021-03-06,67,42,0,10,2,8,67,Vừa Phải
257,Thái Nguyên,2021-03-07,59,71,0,17,2,9,71,Vừa Phải
258,Thái Nguyên,2021-03-08,123,40,0,12,2,7,123,Không tốt cho người nhạy cảm
259,Thái Nguyên,2021-03-09,51,47,0,10,5,7,51,Vừa Phải
260,Thái Nguyên,2021-03-10,57,43,0,14,2,8,57,Vừa Phải
261,Thái Nguyên,2021-03-11,54,64,0,16,6,8,64,Vừa Phải
262,Thái Nguyên,2021-03-12,90,56,0,16,4,7,90,Vừa Phải
263,Thái Nguyên,2021-03-13,78,67,0,13,5,8,78,Vừa Phải
264,Thái Nguyên,2021-03-14,109,55,0,12,3,7,109,Không tốt cho người nhạy cảm
265,Thái Nguyên,2021-03-15,74,38,0,11,2,8,74,Vừa Phải
266,Thái Nguyên,2021-03-16,51,41,0,11,7,6,51,Vừa Phải
267,Thái Nguyên,2021-03-17,49,44,0,12,5,6,49,Tốt
268,Thái Nguyên,2021-03-18,56,38,0,13,6,6,56,Vừa Phải
269,Thái Nguyên,2021-03-19,44,28,0,13,5,6,44,Tốt
270,Thái Nguyên,2021-03-20,34,22,0,9,8,5,34,Tốt
271,Thái Nguyên,2021-03-21,27,44,0,6,6,5,44,Tốt
272,Thái Nguyên,2021-03-22,40,92,0,11,7,6,92,Vừa Phải
273,Thái Nguyên,2021-03-23,95,98,0,17,13,7,98,Vừa Phải
274,Thái Nguyên,2021-03-24,138,76,0,21,4,7,138,Không tốt cho người nhạy cảm
275,Thái Nguyên,2021-03-25,122,37,0,15,2,6,122,Không tốt cho người nhạy cảm
276,Thái Nguyên,2021-03-26,60,20,0,8,3,5,60,Vừa Phải
277,Thái Nguyên,2021-03-27,29,28,0,11,2,3,29,Tốt
278,Thái Nguyên,2021-03-28,40,48,0,10,2,6,48,Tốt
279,Thái Nguyên,2021-03-29,67,46,0,12,3,6,67,Vừa Phải
280,Thái Nguyên,2021-03-30,57,54,0,18,4,8,57,Vừa Phải
281,Thái Nguyên,2021-03-31,69,46,0,12,3,4,69,Vừa Phải
282,Thái Nguyên,2021-04-01,58,32,0,11,2,5,58,Vừa Phải
283,Thái Nguyên,2021-04-02,44,36,0,15,2,6,44,Tốt
284,Thái Nguyên,2021-04-03,43,45,0,13,10,5,45,Tốt
285,Thái Nguyên,2021-04-04,62,23,0,6,4,5,62,Vừa Phải
286,Thái Nguyên,2021-04-05,23,48,0,8,6,5,48,Tốt
287,Thái Nguyên,2021-04-06,67,55,0,9,5,6,67,Vừa Phải
288,Thái Nguyên,2021-04-07,76,46,0,8,4,4,76,Vừa Phải
289,Thái Nguyên,2021-04-08,56,24,0,4,3,4,56,Vừa Phải
290,Thái Nguyên,2021-04-09,23,24,0,7,3,5,24,Tốt
291,Thái Nguyên,2021-04-10,29,34,0,4,5,5,34,Tốt
292,Thái Nguyên,2021-04-11,42,40,0,7,4,5,42,Tốt
293,Thái Nguyên,2021-04-12,40,37,0,7,2,4,40,Tốt
294,Thái Nguyên,2021-04-13,35,41,0,7,5,4,41,Tốt
295,Thái Nguyên,2021-04-14,42,38,0,9,5,4,42,Tốt
296,Thái Nguyên,2021-04-15,34,35,0,7,4,4,35,Tốt
297,Thái Nguyên,2021-04-16,36,20,0,4,6,4,36,Tốt
298,Thái Nguyên,2021-04-17,18,19,0,4,5,4,19,Tốt
299,Thái Nguyên,2021-04-18,17,39,0,4,4,6,39,Tốt
300,Thái Nguyên,2021-04-19,49,36,0,5,5,5,49,Tốt
301,Thái Nguyên,2021-04-20,39,39,0,4,3,4,39,Tốt
302,Thái Nguyên,2021-04-21,42,39,0,6,4,4,42,Tốt
303,Thái Nguyên,2021-04-22,38,32,0,6,3,3,38,Tốt
304,Thái Nguyên,2021-04-23,32,34,0,6,4,3,34,Tốt
305,Thái Nguyên,2021-04-24,40,34,0,7,4,3,40,Tốt
306,Thái Nguyên,2021-04-25,41,23,0,6,5,4,41,Tốt
307,Thái Nguyên,2021-04-26,24,19,0,4,5,4,24,Tốt
308,Thái Nguyên,2021-04-27,22,34,0,5,5,4,34,Tốt
309,Thái Nguyên,2021-04-28,41,27,0,3,7,3,41,Tốt
310,Thái Nguyên,2021-04-29,31,0,0,0,0,0,31,Tốt
311,Thái Nguyên,2021-05-02,0,49,0,2,5,4,49,Tốt
312,Thái Nguyên,2021-05-03,54,39,0,3,6,4,54,Vừa Phải
313,Thái Nguyên,2021-05-04,49,28,0,4,5,3,49,Tốt
314,Thái Nguyên,2021-05-05,39,54,0,3,4,5,54,Vừa Phải
315,Thái Nguyên,2021-05-06,82,48,0,3,4,4,82,Vừa Phải
316,Thái Nguyên,2021-05-07,70,47,0,3,4,4,70,Vừa Phải
317,Thái Nguyên,2021-05-08,67,42,0,4,4,3,67,Vừa Phải
318,Thái Nguyên,2021-05-09,50,47,0,3,5,3,50,Tốt
319,Thái Nguyên,2021-05-10,61,50,0,6,6,5,61,Vừa Phải
320,Thái Nguyên,2021-05-11,74,53,0,7,4,4,74,Vừa Phải
321,Thái Nguyên,2021-05-12,80,45,0,8,8,4,80,Vừa Phải
322,Thái Nguyên,2021-05-13,58,49,0,8,9,4,58,Vừa Phải
323,Thái Nguyên,2021-05-14,67,40,0,4,5,4,67,Vừa Phải
324,Thái Nguyên,2021-05-15,52,45,0,5,5,4,52,Vừa Phải
325,Thái Nguyên,2021-05-16,55,41,0,5,5,4,55,Vừa Phải
326,Thái Nguyên,2021-05-17,45,39,0,5,6,4,45,Tốt
327,Thái Nguyên,2021-05-18,45,40,0,5,7,5,45,Tốt
328,Thái Nguyên,2021-05-19,44,42,0,4,9,23,44,Tốt
329,Thái Nguyên,2021-05-20,56,41,0,6,2,48,56,Vừa Phải
330,Thái Nguyên,2021-05-21,52,44,0,5,2,55,55,Vừa Phải
331,Thái Nguyên,2021-05-22,50,44,0,8,2,54,54,Vừa Phải
332,Thái Nguyên,2021-05-23,54,32,0,4,2,25,54,Vừa Phải
333,Thái Nguyên,2021-05-24,41,26,0,5,2,2,41,Tốt
334,Thái Nguyên,2021-05-25,32,44,0,5,2,2,44,Tốt
335,Thái Nguyên,2021-05-26,55,34,0,5,2,3,55,Vừa Phải
336,Thái Nguyên,2021-05-27,44,36,0,4,2,3,44,Tốt
337,Thái Nguyên,2021-05-28,56,41,0,5,2,3,56,Vừa Phải
338,Thái Nguyên,2021-05-29,52,44,0,6,2,3,52,Vừa Phải
339,Thái Nguyên,2021-05-30,59,53,0,8,3,4,59,Vừa Phải
340,Thái Nguyên,2021-05-31,76,52,0,10,5,3,76,Vừa Phải
341,Thái Nguyên,2021-06-01,70,52,0,8,4,4,70,Vừa Phải
342,Thái Nguyên,2021-06-02,73,48,0,8,4,3,73,Vừa Phải
343,Thái Nguyên,2021-06-03,64,30,0,9,3,3,64,Vừa Phải
344,Thái Nguyên,2021-06-04,32,50,0,8,3,4,50,Tốt
345,Thái Nguyên,2021-06-05,68,77,0,10,4,6,77,Vừa Phải
346,Thái Nguyên,2021-06-06,138,75,0,7,5,4,138,Không tốt cho người nhạy cảm
347,Thái Nguyên,2021-06-07,135,65,0,9,4,5,135,Không tốt cho người nhạy cảm
348,Thái Nguyên,2021-06-08,113,46,0,6,4,5,113,Không tốt cho người nhạy cảm
349,Thái Nguyên,2021-06-09,71,41,0,7,5,4,71,Vừa Phải
350,Thái Nguyên,2021-06-10,54,34,0,4,3,4,54,Vừa Phải
351,Thái Nguyên,2021-06-11,50,36,0,5,4,4,50,Tốt
352,Thái Nguyên,2021-06-12,51,22,0,3,3,4,51,Vừa Phải
353,Thái Nguyên,2021-06-13,24,29,0,4,3,4,29,Tốt
354,Thái Nguyên,2021-06-14,33,39,0,7,5,4,39,Tốt
355,Thái Nguyên,2021-06-15,53,51,0,8,6,4,53,Vừa Phải
356,Thái Nguyên,2021-06-16,74,45,0,8,7,4,74,Vừa Phải
357,Thái Nguyên,2021-06-17,65,49,0,8,7,5,65,Vừa Phải
358,Thái Nguyên,2021-06-18,68,54,0,7,4,5,68,Vừa Phải
359,Thái Nguyên,2021-06-19,72,60,0,10,7,5,72,Vừa Phải
360,Thái Nguyên,2021-06-20,90,65,0,10,11,5,90,Vừa Phải
361,Thái Nguyên,2021-06-21,100,56,0,6,4,4,100,Vừa Phải
362,Thái Nguyên,2021-06-22,85,56,0,7,7,5,85,Vừa Phải
363,Thái Nguyên,2021-06-23,97,46,0,8,5,5,97,Vừa Phải
364,Thái Nguyên,2021-06-24,69,46,0,10,6,5,69,Vừa Phải
365,Thái Nguyên,2021-06-25,56,38,0,5,5,5,56,Vừa Phải
366,Thái Nguyên,2021-06-26,53,43,0,6,4,5,53,Vừa Phải
367,Thái Nguyên,2021-06-27,55,50,0,8,5,5,55,Vừa Phải
368,Thái Nguyên,2021-06-28,67,57,0,9,7,5,67,Vừa Phải
369,Thái Nguyên,2021-06-29,84,50,0,8,6,5,84,Vừa Phải
370,Thái Nguyên,2021-06-30,65,45,0,9,5,5,65,Vừa Phải
371,Thái Nguyên,2021-07-01,49,49,0,9,5,5,49,Tốt
372,Thái Nguyên,2021-07-02,63,57,0,10,8,6,63,Vừa Phải
373,Thái Nguyên,2021-07-03,85,55,0,9,8,5,85,Vừa Phải
374,Thái Nguyên,2021-07-04,81,48,0,8,7,5,81,Vừa Phải
375,Thái Nguyên,2021-07-05,64,53,0,8,6,5,64,Vừa Phải
376,Thái Nguyên,2021-07-06,80,49,0,7,7,5,80,Vừa Phải
377,Thái Nguyên,2021-07-07,77,24,0,4,3,5,77,Vừa Phải
378,Thái Nguyên,2021-07-08,31,44,0,8,4,6,44,Tốt
379,Thái Nguyên,2021-07-09,58,49,0,6,4,6,58,Vừa Phải
380,Thái Nguyên,2021-07-10,68,44,0,5,4,5,68,Vừa Phải
381,Thái Nguyên,2021-07-11,65,42,0,5,4,5,65,Vừa Phải
382,Thái Nguyên,2021-07-12,64,44,0,5,4,5,64,Vừa Phải
383,Thái Nguyên,2021-07-13,64,44,0,4,4,6,64,Vừa Phải
384,Thái Nguyên,2021-07-14,61,47,0,5,4,6,61,Vừa Phải
385,Thái Nguyên,2021-07-15,71,41,0,6,4,6,71,Vừa Phải
386,Thái Nguyên,2021-07-16,59,0,0,0,0,0,59,Vừa Phải
387,Thái Nguyên,2021-07-19,0,0,0,7,0,0,7,Tốt
388,Thái Nguyên,2021-07-20,0,39,0,5,4,6,39,Tốt
389,Thái Nguyên,2021-07-21,55,0,0,0,0,0,55,Vừa Phải
390,Thái Nguyên,2021-07-22,0,25,0,6,1,4,25,Tốt
391,Thái Nguyên,2021-07-23,34,43,0,11,4,4,43,Tốt
392,Thái Nguyên,2021-07-24,57,44,0,5,2,4,57,Vừa Phải
393,Thái Nguyên,2021-07-25,64,41,0,6,6,4,64,Vừa Phải
394,Thái Nguyên,2021-07-26,57,58,0,0,5,5,58,Vừa Phải
395,Thái Nguyên,2021-07-27,101,47,0,0,4,4,101,Không tốt cho người nhạy cảm
396,Thái Nguyên,2021-07-28,67,46,0,0,3,3,67,Vừa Phải
397,Thái Nguyên,2021-07-29,61,0,0,0,0,0,61,Vừa Phải
398,Thái Nguyên,2021-08-16,0,52,0,0,2,7,52,Vừa Phải
399,Thái Nguyên,2021-08-17,71,42,0,0,2,7,71,Vừa Phải
400,Thái Nguyên,2021-08-18,61,39,0,0,2,6,61,Vừa Phải
401,Thái Nguyên,2021-08-19,52,43,0,0,2,6,52,Vừa Phải
402,Thái Nguyên,2021-08-20,62,42,0,0,2,7,62,Vừa Phải
403,Thái Nguyên,2021-08-21,57,42,0,0,2,7,57,Vừa Phải
404,Thái Nguyên,2021-08-22,58,32,0,0,2,7,58,Vừa Phải
405,Thái Nguyên,2021-08-23,41,57,0,0,3,7,57,Vừa Phải
406,Thái Nguyên,2021-08-24,75,46,0,0,3,7,75,Vừa Phải
407,Thái Nguyên,2021-08-25,70,39,0,0,3,7,70,Vừa Phải
408,Thái Nguyên,2021-08-26,53,36,0,0,3,7,53,Vừa Phải
409,Thái Nguyên,2021-08-27,46,30,0,0,3,7,46,Tốt
410,Thái Nguyên,2021-08-28,33,43,0,0,4,7,43,Tốt
411,Thái Nguyên,2021-08-29,57,46,0,0,5,7,57,Vừa Phải
412,Thái Nguyên,2021-08-30,56,0,0,0,0,0,56,Vừa Phải
413,Thái Nguyên,2021-08-31,0,50,0,0,4,8,50,Tốt
414,Thái Nguyên,2021-09-01,67,31,0,0,1,7,67,Vừa Phải
415,Thái Nguyên,2021-09-02,45,32,0,0,1,7,45,Tốt
416,Thái Nguyên,2021-09-03,46,42,0,0,1,7,46,Tốt
417,Thái Nguyên,2021-09-04,70,31,0,0,1,7,70,Vừa Phải
418,Thái Nguyên,2021-09-05,43,46,0,0,1,7,46,Tốt
419,Thái Nguyên,2021-09-06,72,51,0,0,2,7,72,Vừa Phải
420,Thái Nguyên,2021-09-07,83,43,0,0,3,7,83,Vừa Phải
421,Thái Nguyên,2021-09-08,60,43,0,0,3,7,60,Vừa Phải
422,Thái Nguyên,2021-09-09,57,40,0,0,4,7,57,Vừa Phải
423,Thái Nguyên,2021-09-10,52,52,0,0,4,8,52,Vừa Phải
424,Thái Nguyên,2021-09-11,78,64,0,0,4,8,78,Vừa Phải
425,Thái Nguyên,2021-09-12,113,59,0,0,2,8,113,Không tốt cho người nhạy cảm
426,Thái Nguyên,2021-09-13,97,36,0,0,3,8,97,Vừa Phải
427,Thái Nguyên,2021-09-14,50,32,0,0,4,8,50,Tốt
428,Thái Nguyên,2021-09-15,39,33,0,0,3,8,39,Tốt
429,Thái Nguyên,2021-09-16,44,31,0,0,4,8,44,Tốt
430,Thái Nguyên,2021-09-17,42,51,0,0,4,8,51,Vừa Phải
431,Thái Nguyên,2021-09-18,77,44,0,0,5,8,77,Vừa Phải
432,Thái Nguyên,2021-09-19,62,52,0,0,6,8,62,Vừa Phải
433,Thái Nguyên,2021-09-20,74,59,0,0,6,9,74,Vừa Phải
434,Thái Nguyên,2021-09-21,87,50,0,0,4,9,87,Vừa Phải
435,Thái Nguyên,2021-09-22,73,47,0,0,6,8,73,Vừa Phải
436,Thái Nguyên,2021-09-23,71,44,0,0,4,9,71,Vừa Phải
437,Thái Nguyên,2021-09-24,63,36,0,0,4,9,63,Vừa Phải
438,Thái Nguyên,2021-09-25,43,35,0,0,4,9,43,Tốt
439,Thái Nguyên,2021-09-26,45,37,0,0,5,9,45,Tốt
440,Thái Nguyên,2021-09-27,42,56,0,0,6,9,56,Vừa Phải
441,Thái Nguyên,2021-09-28,86,67,0,0,5,10,86,Vừa Phải
442,Thái Nguyên,2021-09-29,124,65,0,0,4,10,124,Không tốt cho người nhạy cảm
443,Thái Nguyên,2021-09-30,115,55,0,0,4,10,115,Không tốt cho người nhạy cảm
444,Thái Nguyên,2021-10-01,88,46,0,0,4,9,88,Vừa Phải
445,Thái Nguyên,2021-10-02,67,59,0,0,4,11,67,Vừa Phải
446,Thái Nguyên,2021-10-03,97,52,0,0,4,10,97,Vừa Phải
447,Thái Nguyên,2021-10-04,83,58,0,0,5,10,83,Vừa Phải
448,Thái Nguyên,2021-10-05,92,69,0,0,6,10,92,Vừa Phải
449,Thái Nguyên,2021-10-06,116,71,0,0,6,10,116,Không tốt cho người nhạy cảm
450,Thái Nguyên,2021-10-07,122,63,0,0,6,10,122,Không tốt cho người nhạy cảm
451,Thái Nguyên,2021-10-08,108,51,0,0,5,10,108,Không tốt cho người nhạy cảm
452,Thái Nguyên,2021-10-09,87,19,0,0,4,10,87,Vừa Phải
453,Thái Nguyên,2021-10-10,23,16,0,0,3,10,23,Tốt
454,Thái Nguyên,2021-10-11,22,24,0,0,4,10,24,Tốt
455,Thái Nguyên,2021-10-12,27,33,0,0,4,10,33,Tốt
456,Thái Nguyên,2021-10-13,42,16,0,0,3,10,42,Tốt
457,Thái Nguyên,2021-10-14,18,13,0,8,6,14,18,Tốt
458,Thái Nguyên,2021-10-15,18,14,0,0,3,14,18,Tốt
459,Thái Nguyên,2021-10-16,17,16,0,7,3,12,17,Tốt
460,Thái Nguyên,2021-10-17,16,14,0,7,4,9,16,Tốt
461,Thái Nguyên,2021-10-18,18,36,0,4,4,5,36,Tốt
462,Thái Nguyên,2021-10-19,53,57,0,0,5,7,57,Vừa Phải
463,Thái Nguyên,2021-10-20,94,36,0,5,4,5,94,Vừa Phải
464,Thái Nguyên,2021-10-21,46,16,0,4,3,4,46,Tốt
465,Thái Nguyên,2021-10-22,18,27,0,6,3,4,27,Tốt
466,Thái Nguyên,2021-10-23,36,48,0,7,5,5,48,Tốt
467,Thái Nguyên,2021-10-24,75,63,0,12,5,7,75,Vừa Phải
468,Thái Nguyên,2021-10-25,106,79,0,10,7,7,106,Không tốt cho người nhạy cảm
469,Thái Nguyên,2021-10-26,139,86,0,10,5,7,139,Không tốt cho người nhạy cảm
470,Thái Nguyên,2021-10-27,147,73,0,7,9,6,147,Không tốt cho người nhạy cảm
471,Thái Nguyên,2021-10-28,130,23,0,7,1,4,130,Không tốt cho người nhạy cảm
472,Thái Nguyên,2021-10-29,44,13,0,6,1,4,44,Tốt
473,Thái Nguyên,2021-10-30,19,28,0,6,1,4,28,Tốt
474,Thái Nguyên,2021-10-31,41,19,0,6,1,5,41,Tốt
475,Thái Nguyên,2021-11-01,28,26,0,6,1,5,28,Tốt
476,Thái Nguyên,2021-11-02,40,34,0,8,1,6,40,Tốt
477,Thái Nguyên,2021-11-03,44,52,0,6,1,5,52,Vừa Phải
478,Thái Nguyên,2021-11-04,79,50,0,8,1,5,79,Vừa Phải
479,Thái Nguyên,2021-11-05,68,42,0,6,1,4,68,Vừa Phải
480,Thái Nguyên,2021-11-06,52,43,0,5,1,4,52,Vừa Phải
481,Thái Nguyên,2021-11-07,54,27,0,5,1,4,54,Vừa Phải
482,Thái Nguyên,2021-11-08,25,49,0,9,1,4,49,Tốt
483,Thái Nguyên,2021-11-09,44,0,0,8,3,4,44,Tốt
484,Thái Nguyên,2021-11-10,62,54,0,10,3,5,62,Vừa Phải
485,Thái Nguyên,2021-11-11,95,80,0,10,6,5,95,Vừa Phải
486,Thái Nguyên,2021-11-12,144,82,0,13,3,6,144,Không tốt cho người nhạy cảm
487,Thái Nguyên,2021-11-13,153,76,0,9,4,6,153,Không tốt
488,Thái Nguyên,2021-11-14,137,80,0,8,3,6,137,Không tốt cho người nhạy cảm
489,Thái Nguyên,2021-11-15,147,85,0,10,2,7,147,Không tốt cho người nhạy cảm
490,Thái Nguyên,2021-11-16,162,52,0,7,1,6,162,Không tốt
491,Thái Nguyên,2021-11-17,93,43,0,11,2,7,93,Vừa Phải
492,Thái Nguyên,2021-11-18,61,70,0,10,5,9,70,Vừa Phải
493,Thái Nguyên,2021-11-19,125,82,0,13,2,11,125,Không tốt cho người nhạy cảm
494,Thái Nguyên,2021-11-20,153,53,0,8,1,8,153,Không tốt
495,Thái Nguyên,2021-11-21,87,25,0,6,1,7,87,Vừa Phải
496,Thái Nguyên,2021-11-22,24,31,0,8,1,6,31,Tốt
497,Thái Nguyên,2021-11-23,36,53,0,7,2,7,53,Vừa Phải
498,Thái Nguyên,2021-11-24,82,54,0,7,2,7,82,Vừa Phải
499,Thái Nguyên,2021-11-25,91,69,0,10,3,8,91,Vừa Phải
500,Thái Nguyên,2021-11-26,115,69,0,10,3,8,115,Không tốt cho người nhạy cảm
501,Thái Nguyên,2021-11-27,111,77,0,11,5,9,111,Không tốt cho người nhạy cảm
502,Thái Nguyên,2021-11-28,130,81,0,13,5,9,130,Không tốt cho người nhạy cảm
503,Thái Nguyên,2021-11-29,142,68,0,10,3,8,142,Không tốt cho người nhạy cảm
504,Thái Nguyên,2021-11-30,113,67,0,12,3,8,113,Không tốt cho người nhạy cảm
505,Thái Nguyên,2021-12-01,109,75,0,12,4,9,109,Không tốt cho người nhạy cảm
506,Thái Nguyên,2021-12-02,127,0,0,0,0,0,127,Không tốt cho người nhạy cảm
507,Thái Nguyên,2021-12-03,0,75,0,14,4,9,75,Vừa Phải
508,Thái Nguyên,2021-12-04,132,90,0,14,5,10,132,Không tốt cho người nhạy cảm
509,Thái Nguyên,2021-12-05,149,84,0,13,4,10,149,Không tốt cho người nhạy cảm
510,Thái Nguyên,2021-12-06,142,87,0,14,5,11,142,Không tốt cho người nhạy cảm
511,Thái Nguyên,2021-12-07,155,112,0,15,7,11,155,Không tốt
512,Thái Nguyên,2021-12-08,171,85,0,10,2,10,171,Không tốt
513,Thái Nguyên,2021-12-09,151,102,0,10,3,11,151,Không tốt
514,Thái Nguyên,2021-12-10,182,108,0,17,5,11,182,Không tốt
515,Thái Nguyên,2021-12-11,185,94,0,9,2,10,185,Không tốt
516,Thái Nguyên,2021-12-12,162,39,0,12,1,11,162,Không tốt
517,Thái Nguyên,2021-12-13,47,74,0,10,3,11,74,Vừa Phải
518,Thái Nguyên,2021-12-14,135,123,0,16,6,15,135,Không tốt cho người nhạy cảm
519,Thái Nguyên,2021-12-15,216,143,0,18,5,15,216,Rất không tốt
520,Thái Nguyên,2021-12-16,227,90,0,9,2,11,227,Rất không tốt
521,Thái Nguyên,2021-12-17,154,45,0,9,2,10,154,Không tốt
522,Thái Nguyên,2021-12-18,60,81,0,14,4,11,81,Vừa Phải
523,Thái Nguyên,2021-12-19,140,66,0,9,3,10,140,Không tốt cho người nhạy cảm
524,Thái Nguyên,2021-12-20,102,64,0,11,4,11,102,Không tốt cho người nhạy cảm
525,Thái Nguyên,2021-12-21,105,102,0,14,4,13,105,Không tốt cho người nhạy cảm
526,Thái Nguyên,2021-12-22,174,107,0,16,8,13,174,Không tốt
527,Thái Nguyên,2021-12-23,184,127,0,17,5,14,184,Không tốt
528,Thái Nguyên,2021-12-24,218,111,0,10,4,13,218,Rất không tốt
529,Thái Nguyên,2021-12-25,195,79,0,8,1,12,195,Không tốt
530,Thái Nguyên,2021-12-26,148,17,0,6,1,11,148,Không tốt cho người nhạy cảm
531,Thái Nguyên,2021-12-27,19,29,0,9,1,11,29,Tốt
532,Thái Nguyên,2021-12-28,39,30,0,6,1,12,39,Tốt
533,Thái Nguyên,2021-12-29,42,31,0,6,1,12,42,Tốt
534,Thái Nguyên,2021-12-30,41,43,0,8,1,13,43,Tốt
535,Thái Nguyên,2021-12-31,62,56,0,7,1,13,62,Vừa Phải
536,Thái Nguyên,2022-01-01,97,55,0,9,2,14,97,Vừa Phải
537,Thái Nguyên,2022-01-02,88,93,0,8,1,15,93,Vừa Phải
538,Thái Nguyên,2022-01-03,156,115,0,13,2,16,156,Không tốt
539,Thái Nguyên,2022-01-04,190,98,0,15,5,15,190,Không tốt
540,Thái Nguyên,2022-01-05,163,94,0,14,4,15,163,Không tốt
541,Thái Nguyên,2022-01-06,164,94,0,16,7,15,164,Không tốt
542,Thái Nguyên,2022-01-07,161,78,0,9,3,14,161,Không tốt
543,Thái Nguyên,2022-01-08,139,35,0,6,1,14,139,Không tốt cho người nhạy cảm
544,Thái Nguyên,2022-01-09,48,44,0,8,3,15,48,Tốt
545,Thái Nguyên,2022-01-10,57,30,0,8,1,14,57,Vừa Phải
546,Thái Nguyên,2022-01-11,42,0,0,0,0,0,42,Tốt
547,Thái Nguyên,2022-02-07,0,22,0,3,1,18,22,Tốt
548,Thái Nguyên,2022-02-08,17,13,0,3,1,18,18,Tốt
549,Thái Nguyên,2022-02-09,15,12,0,5,1,18,18,Tốt
550,Thái Nguyên,2022-02-10,19,46,0,9,2,20,46,Tốt
551,Thái Nguyên,2022-02-11,76,12,0,4,1,18,76,Vừa Phải
552,Thái Nguyên,2022-02-12,21,11,0,4,1,18,21,Tốt
553,Thái Nguyên,2022-02-13,20,28,0,5,1,19,28,Tốt
554,Thái Nguyên,2022-02-14,38,49,0,5,1,14,49,Tốt
555,Thái Nguyên,2022-02-15,81,49,0,7,2,5,81,Vừa Phải
556,Thái Nguyên,2022-02-16,82,63,0,16,6,7,82,Vừa Phải
557,Thái Nguyên,2022-02-17,120,45,0,15,1,5,120,Không tốt cho người nhạy cảm
558,Thái Nguyên,2022-02-18,82,8,0,4,1,3,82,Vừa Phải
559,Thái Nguyên,2022-02-19,10,8,0,3,0,2,10,Tốt
560,Thái Nguyên,2022-02-20,17,13,0,4,1,3,17,Tốt
561,Thái Nguyên,2022-02-21,21,21,0,4,1,3,21,Tốt
562,Thái Nguyên,2022-02-22,29,34,0,5,2,3,34,Tốt
563,Thái Nguyên,2022-02-23,58,43,0,6,2,3,58,Vừa Phải
564,Thái Nguyên,2022-02-24,75,66,0,8,2,4,75,Vừa Phải
565,Thái Nguyên,2022-02-25,123,0,0,0,0,0,123,Không tốt cho người nhạy cảm
566,Thái Nguyên,2022-02-26,0,114,0,14,4,9,114,Không tốt cho người nhạy cảm
567,Thái Nguyên,2022-02-27,204,131,0,14,4,7,204,Rất không tốt
568,Thái Nguyên,2022-02-28,230,100,0,12,2,5,230,Rất không tốt
569,Thái Nguyên,2022-03-01,179,125,0,12,3,6,179,Không tốt
570,Thái Nguyên,2022-03-02,224,94,0,14,4,4,224,Rất không tốt
571,Thái Nguyên,2022-03-03,176,62,0,9,2,4,176,Không tốt
572,Thái Nguyên,2022-03-04,113,51,0,9,8,4,113,Không tốt cho người nhạy cảm
573,Thái Nguyên,2022-03-05,90,42,0,8,1,4,90,Vừa Phải
574,Thái Nguyên,2022-03-06,69,51,0,8,10,5,69,Vừa Phải
575,Thái Nguyên,2022-03-07,85,71,0,9,8,4,85,Vừa Phải
576,Thái Nguyên,2022-03-08,124,80,0,30,24,3,124,Không tốt cho người nhạy cảm
577,Thái Nguyên,2022-03-09,132,62,0,9,8,0,132,Không tốt cho người nhạy cảm
578,Thái Nguyên,2022-03-10,103,81,0,17,9,0,103,Không tốt cho người nhạy cảm
579,Thái Nguyên,2022-03-11,132,68,0,11,7,0,132,Không tốt cho người nhạy cảm
580,Thái Nguyên,2022-03-12,101,60,0,58,54,0,101,Không tốt cho người nhạy cảm
581,Thái Nguyên,2022-03-13,90,59,0,9,4,0,90,Vừa Phải
582,Thái Nguyên,2022-03-14,94,86,0,10,7,0,94,Vừa Phải
583,Thái Nguyên,2022-03-15,148,72,0,13,7,0,148,Không tốt cho người nhạy cảm
584,Thái Nguyên,2022-03-16,130,50,0,8,7,0,130,Không tốt cho người nhạy cảm
585,Thái Nguyên,2022-03-17,70,57,0,7,7,0,70,Vừa Phải
586,Thái Nguyên,2022-03-18,98,64,0,11,8,0,98,Vừa Phải
587,Thái Nguyên,2022-03-19,108,53,0,9,7,0,108,Không tốt cho người nhạy cảm
588,Thái Nguyên,2022-03-20,81,50,0,8,7,0,81,Vừa Phải
589,Thái Nguyên,2022-03-21,76,61,0,8,7,0,76,Vừa Phải
590,Thái Nguyên,2022-03-22,111,33,0,5,9,0,111,Không tốt cho người nhạy cảm
591,Thái Nguyên,2022-03-23,55,42,0,11,2,0,55,Vừa Phải
592,Thái Nguyên,2022-03-24,70,71,0,8,2,0,71,Vừa Phải
593,Thái Nguyên,2022-03-25,134,64,0,5,3,0,134,Không tốt cho người nhạy cảm
594,Thái Nguyên,2022-03-26,116,0,0,0,0,0,116,Không tốt cho người nhạy cảm
595,Thái Nguyên,2022-05-23,0,15,0,5,1,0,15,Tốt
596,Thái Nguyên,2022-05-24,27,37,0,3,1,0,37,Tốt
597,Thái Nguyên,2022-05-25,71,57,0,7,2,0,71,Vừa Phải
598,Thái Nguyên,2022-05-26,108,54,0,5,2,0,108,Không tốt cho người nhạy cảm
599,Thái Nguyên,2022-05-27,71,39,0,3,1,0,71,Vừa Phải
600,Thái Nguyên,2022-05-28,57,46,0,4,1,0,57,Vừa Phải
601,Thái Nguyên,2022-05-29,62,52,0,4,1,0,62,Vừa Phải
602,Thái Nguyên,2022-05-30,75,21,0,5,1,500,500,Nguy hiểm
603,Thái Nguyên,2022-05-31,33,58,0,7,1,500,500,Nguy hiểm
604,Thái Nguyên,2022-06-01,101,49,0,6,2,0,101,Không tốt cho người nhạy cảm
605,Thái Nguyên,2022-06-02,72,38,0,7,1,0,72,Vừa Phải
606,Thái Nguyên,2022-06-03,60,55,0,9,1,0,60,Vừa Phải
607,Thái Nguyên,2022-06-04,73,57,0,10,1,0,73,Vừa Phải
608,Thái Nguyên,2022-06-05,83,36,0,6,1,0,83,Vừa Phải
609,Thái Nguyên,2022-06-06,57,35,0,5,1,0,57,Vừa Phải
610,Thái Nguyên,2022-06-07,45,45,0,6,1,0,45,Tốt
611,Thái Nguyên,2022-06-08,67,48,0,6,1,0,67,Vừa Phải
612,Thái Nguyên,2022-06-09,69,53,0,9,1,0,69,Vừa Phải
613,Thái Nguyên,2022-06-10,86,44,0,5,0,0,86,Vừa Phải
614,Thái Nguyên,2022-06-11,71,51,0,7,0,0,71,Vừa Phải
615,Thái Nguyên,2022-06-12,85,56,0,7,0,0,85,Vừa Phải
616,Thái Nguyên,2022-06-13,87,22,0,5,7,0,87,Vừa Phải
617,Thái Nguyên,2022-06-14,30,50,0,5,1,0,50,Tốt
618,Thái Nguyên,2022-06-15,80,34,0,6,1,0,80,Vừa Phải
619,Thái Nguyên,2022-06-16,62,44,0,8,1,0,62,Vừa Phải
620,Thái Nguyên,2022-06-17,52,53,0,8,1,0,53,Vừa Phải
621,Thái Nguyên,2022-06-18,68,58,0,10,1,0,68,Vừa Phải
622,Thái Nguyên,2022-06-19,96,59,0,11,8,0,96,Vừa Phải
623,Thái Nguyên,2022-06-20,94,55,0,9,2,0,94,Vừa Phải
624,Thái Nguyên,2022-06-21,80,46,0,6,1,0,80,Vừa Phải
625,Thái Nguyên,2022-06-22,65,41,0,6,1,0,65,Vừa Phải
626,Thái Nguyên,2022-06-23,54,44,0,6,1,0,54,Vừa Phải
627,Thái Nguyên,2022-06-24,58,40,0,6,1,0,58,Vừa Phải
628,Thái Nguyên,2022-06-25,0,45,0,6,1,0,45,Tốt
629,Thái Nguyên,2022-06-26,0,42,0,6,1,0,42,Tốt
630,Thái Nguyên,2022-06-27,0,49,0,8,1,0,49,Tốt
631,Thái Nguyên,2022-06-28,0,38,0,8,1,0,38,Tốt
632,Thái Nguyên,2022-06-29,0,44,0,6,2,0,44,Tốt
633,Thái Nguyên,2022-06-30,72,34,0,5,1,0,72,Vừa Phải
634,Thái Nguyên,2022-07-01,46,36,0,4,1,0,46,Tốt
635,Thái Nguyên,2022-07-02,47,35,0,5,1,0,47,Tốt
636,Thái Nguyên,2022-07-03,50,49,0,5,1,0,50,Tốt
637,Thái Nguyên,2022-07-04,69,42,0,6,1,0,69,Vừa Phải
638,Thái Nguyên,2022-07-05,75,42,0,6,2,0,75,Vừa Phải
639,Thái Nguyên,2022-07-06,66,38,0,7,3,0,66,Vừa Phải
640,Thái Nguyên,2022-07-07,51,20,0,7,4,0,51,Vừa Phải
641,Thái Nguyên,2022-07-08,31,35,0,6,2,0,35,Tốt
642,Thái Nguyên,2022-07-09,48,38,0,5,2,0,48,Tốt
643,Thái Nguyên,2022-07-10,41,36,0,5,3,0,41,Tốt
644,Thái Nguyên,2022-07-11,46,40,0,6,3,0,46,Tốt
645,Thái Nguyên,2022-07-12,56,38,0,6,2,0,56,Vừa Phải
646,Thái Nguyên,2022-07-13,58,39,0,5,2,0,58,Vừa Phải
647,Thái Nguyên,2022-07-14,56,29,0,6,3,0,56,Vừa Phải
648,Thái Nguyên,2022-07-15,34,30,0,6,1,0,34,Tốt
649,Thái Nguyên,2022-07-16,43,35,0,4,1,0,43,Tốt
650,Thái Nguyên,2022-07-17,48,36,0,7,4,0,48,Tốt
651,Thái Nguyên,2022-07-18,46,32,0,6,3,0,46,Tốt
652,Thái Nguyên,2022-07-19,34,32,0,6,2,0,34,Tốt
653,Thái Nguyên,2022-07-20,48,32,0,5,1,0,48,Tốt
654,Thái Nguyên,2022-07-21,42,33,0,5,1,0,42,Tốt
655,Thái Nguyên,2022-07-22,32,49,0,6,3,0,49,Tốt
656,Thái Nguyên,2022-07-23,73,43,0,6,2,0,73,Vừa Phải
657,Thái Nguyên,2022-07-24,58,44,0,6,2,0,58,Vừa Phải
658,Thái Nguyên,2022-07-25,61,44,0,6,2,0,61,Vừa Phải
659,Thái Nguyên,2022-07-26,68,40,0,6,2,0,68,Vừa Phải
660,Thái Nguyên,2022-07-27,56,40,0,5,1,0,56,Vừa Phải
661,Thái Nguyên,2022-07-28,52,53,0,7,5,0,53,Vừa Phải
662,Thái Nguyên,2022-07-29,84,57,0,7,3,0,84,Vừa Phải
663,Thái Nguyên,2022-07-30,84,47,0,6,3,0,84,Vừa Phải
664,Thái Nguyên,2022-07-31,67,34,0,6,1,0,67,Vừa Phải
665,Thái Nguyên,2022-08-01,60,42,0,8,3,0,60,Vừa Phải
666,Thái Nguyên,2022-08-02,72,51,0,8,4,0,72,Vừa Phải
667,Thái Nguyên,2022-08-03,77,45,0,6,2,0,77,Vừa Phải
668,Thái Nguyên,2022-08-04,58,40,0,8,4,0,58,Vừa Phải
669,Thái Nguyên,2022-08-05,57,22,0,5,2,0,57,Vừa Phải
670,Thái Nguyên,2022-08-06,34,17,0,5,1,0,34,Tốt
671,Thái Nguyên,2022-08-07,26,34,0,5,2,0,34,Tốt
672,Thái Nguyên,2022-08-08,48,31,0,5,2,0,48,Tốt
673,Thái Nguyên,2022-08-09,44,38,0,4,1,0,44,Tốt
674,Thái Nguyên,2022-08-10,52,13,0,4,2,0,52,Vừa Phải
675,Thái Nguyên,2022-08-11,28,26,0,6,1,0,28,Tốt
676,Thái Nguyên,2022-08-12,43,46,0,6,3,0,46,Tốt
677,Thái Nguyên,2022-08-13,71,45,0,7,4,0,71,Vừa Phải
678,Thái Nguyên,2022-08-14,61,42,0,6,3,0,61,Vừa Phải
679,Thái Nguyên,2022-08-15,57,39,0,6,4,0,57,Vừa Phải
680,Thái Nguyên,2022-08-16,57,39,0,5,3,0,57,Vừa Phải
681,Thái Nguyên,2022-08-17,61,44,0,6,3,0,61,Vừa Phải
682,Thái Nguyên,2022-08-18,64,52,0,7,3,0,64,Vừa Phải
683,Thái Nguyên,2022-08-19,83,40,0,5,2,0,83,Vừa Phải
684,Thái Nguyên,2022-08-20,64,15,0,4,1,0,64,Vừa Phải
685,Thái Nguyên,2022-08-21,19,25,0,5,1,0,25,Tốt
686,Thái Nguyên,2022-08-22,33,36,0,7,2,0,36,Tốt
687,Thái Nguyên,2022-08-23,49,55,0,9,3,0,55,Vừa Phải
688,Thái Nguyên,2022-08-24,80,37,0,6,1,0,80,Vừa Phải
689,Thái Nguyên,2022-08-25,64,20,0,5,1,0,64,Vừa Phải
690,Thái Nguyên,2022-08-26,31,25,0,5,1,0,31,Tốt
691,Thái Nguyên,2022-08-27,38,35,0,6,2,0,38,Tốt
692,Thái Nguyên,2022-08-28,52,31,0,8,2,0,52,Vừa Phải
693,Thái Nguyên,2022-08-29,41,41,0,8,2,0,41,Tốt
694,Thái Nguyên,2022-08-30,41,49,0,7,2,0,49,Tốt
695,Thái Nguyên,2022-08-31,67,43,0,7,1,0,67,Vừa Phải
696,Thái Nguyên,2022-09-01,70,43,0,6,2,0,70,Vừa Phải
697,Thái Nguyên,2022-09-02,56,56,0,6,2,0,56,Vừa Phải
698,Thái Nguyên,2022-09-03,99,40,0,5,2,0,99,Vừa Phải
699,Thái Nguyên,2022-09-04,69,38,0,7,3,0,69,Vừa Phải
700,Thái Nguyên,2022-09-05,41,53,0,8,10,0,53,Vừa Phải
701,Thái Nguyên,2022-09-06,75,61,0,7,3,0,75,Vừa Phải
702,Thái Nguyên,2022-09-07,94,39,0,6,1,0,94,Vừa Phải
703,Thái Nguyên,2022-09-08,79,30,0,6,2,0,79,Vừa Phải
704,Thái Nguyên,2022-09-09,50,38,0,7,2,0,50,Tốt
705,Thái Nguyên,2022-09-10,53,44,0,6,2,0,53,Vừa Phải
706,Thái Nguyên,2022-09-11,59,54,0,8,1,0,59,Vừa Phải
707,Thái Nguyên,2022-09-12,75,70,0,8,5,0,75,Vừa Phải
708,Thái Nguyên,2022-09-13,127,78,0,8,6,0,127,Không tốt cho người nhạy cảm
709,Thái Nguyên,2022-09-14,144,68,0,7,2,0,144,Không tốt cho người nhạy cảm
710,Thái Nguyên,2022-09-15,116,51,0,6,2,0,116,Không tốt cho người nhạy cảm
711,Thái Nguyên,2022-09-16,76,33,0,7,2,0,76,Vừa Phải
712,Thái Nguyên,2022-09-17,51,58,0,7,2,0,58,Vừa Phải
713,Thái Nguyên,2022-09-18,106,60,0,7,3,0,106,Không tốt cho người nhạy cảm
714,Thái Nguyên,2022-09-19,82,53,0,6,2,0,82,Vừa Phải
715,Thái Nguyên,2022-09-20,72,49,0,5,2,0,72,Vừa Phải
716,Thái Nguyên,2022-09-21,66,44,0,6,2,0,66,Vừa Phải
717,Thái Nguyên,2022-09-22,79,53,0,5,2,0,79,Vừa Phải
718,Thái Nguyên,2022-09-23,89,50,0,6,2,0,89,Vừa Phải
719,Thái Nguyên,2022-09-24,74,50,0,7,2,0,74,Vừa Phải
720,Thái Nguyên,2022-09-25,79,66,0,6,2,0,79,Vừa Phải
721,Thái Nguyên,2022-09-26,114,70,0,6,2,0,114,Không tốt cho người nhạy cảm
722,Thái Nguyên,2022-09-27,129,73,0,6,3,0,129,Không tốt cho người nhạy cảm
723,Thái Nguyên,2022-09-28,128,55,0,5,1,0,128,Không tốt cho người nhạy cảm
724,Thái Nguyên,2022-09-29,88,30,0,10,1,0,88,Vừa Phải
725,Thái Nguyên,2022-09-30,50,33,0,13,2,0,50,Tốt
726,Thái Nguyên,2022-10-01,51,27,0,13,1,0,51,Vừa Phải
727,Thái Nguyên,2022-10-02,30,38,0,15,1,0,38,Tốt
728,Thái Nguyên,2022-10-03,54,44,0,19,2,0,54,Vừa Phải
729,Thái Nguyên,2022-10-04,57,48,0,20,1,0,57,Vừa Phải
730,Thái Nguyên,2022-10-05,80,60,0,21,2,0,80,Vừa Phải
731,Thái Nguyên,2022-10-06,99,61,0,22,2,0,99,Vừa Phải
732,Thái Nguyên,2022-10-07,103,47,0,19,1,0,103,Không tốt cho người nhạy cảm
733,Thái Nguyên,2022-10-08,74,40,0,18,2,0,74,Vừa Phải
734,Thái Nguyên,2022-10-09,70,27,0,18,1,0,70,Vừa Phải
735,Thái Nguyên,2022-10-10,47,58,0,16,2,0,58,Vừa Phải
736,Thái Nguyên,2022-10-11,64,56,0,17,2,0,64,Vừa Phải
737,Thái Nguyên,2022-10-12,80,67,0,19,4,0,80,Vừa Phải
738,Thái Nguyên,2022-10-13,104,62,0,19,3,0,104,Không tốt cho người nhạy cảm
739,Thái Nguyên,2022-10-14,106,60,0,19,2,0,106,Không tốt cho người nhạy cảm
740,Thái Nguyên,2022-10-15,93,66,0,17,3,0,93,Vừa Phải
741,Thái Nguyên,2022-10-16,108,68,0,17,2,0,108,Không tốt cho người nhạy cảm
742,Thái Nguyên,2022-10-17,112,73,0,18,3,0,112,Không tốt cho người nhạy cảm
743,Thái Nguyên,2022-10-18,127,72,0,16,2,0,127,Không tốt cho người nhạy cảm
744,Thái Nguyên,2022-10-19,116,32,0,14,1,0,116,Không tốt cho người nhạy cảm
745,Thái Nguyên,2022-10-20,60,28,0,16,1,0,60,Vừa Phải
746,Thái Nguyên,2022-10-21,37,47,0,22,2,0,47,Tốt
747,Thái Nguyên,2022-10-22,81,56,0,23,2,0,81,Vừa Phải
748,Thái Nguyên,2022-10-23,85,68,0,24,2,0,85,Vừa Phải
749,Thái Nguyên,2022-10-24,116,106,0,27,3,0,116,Không tốt cho người nhạy cảm
750,Thái Nguyên,2022-10-25,184,83,0,25,2,0,184,Không tốt
751,Thái Nguyên,2022-10-26,145,79,0,34,4,0,145,Không tốt cho người nhạy cảm
752,Thái Nguyên,2022-10-27,121,84,0,15,4,0,121,Không tốt cho người nhạy cảm
753,Thái Nguyên,2022-10-28,150,80,0,12,2,0,150,Không tốt cho người nhạy cảm
754,Thái Nguyên,2022-10-29,139,66,0,11,1,0,139,Không tốt cho người nhạy cảm
755,Thái Nguyên,2022-10-30,131,46,0,10,2,0,131,Không tốt cho người nhạy cảm
756,Thái Nguyên,2022-10-31,82,49,0,0,3,0,82,Vừa Phải
757,Thái Nguyên,2022-11-01,72,56,0,14,3,0,72,Vừa Phải
758,Thái Nguyên,2022-11-02,77,67,0,11,4,0,77,Vừa Phải
759,Thái Nguyên,2022-11-03,100,70,0,10,3,0,100,Vừa Phải
760,Thái Nguyên,2022-11-04,107,78,0,11,4,0,107,Không tốt cho người nhạy cảm
761,Thái Nguyên,2022-11-05,122,84,0,10,4,0,122,Không tốt cho người nhạy cảm
762,Thái Nguyên,2022-11-06,150,100,0,13,6,0,150,Không tốt cho người nhạy cảm
763,Thái Nguyên,2022-11-07,169,104,0,11,4,0,169,Không tốt
764,Thái Nguyên,2022-11-08,173,101,0,16,5,0,173,Không tốt
765,Thái Nguyên,2022-11-09,170,113,0,16,4,0,170,Không tốt
766,Thái Nguyên,2022-11-10,195,95,0,12,3,0,195,Không tốt
767,Thái Nguyên,2022-11-11,157,72,0,12,3,0,157,Không tốt
768,Thái Nguyên,2022-11-12,127,69,0,10,3,0,127,Không tốt cho người nhạy cảm
769,Thái Nguyên,2022-11-13,117,102,0,16,7,0,117,Không tốt cho người nhạy cảm
770,Thái Nguyên,2022-11-14,172,94,0,12,3,0,172,Không tốt
771,Thái Nguyên,2022-11-15,160,65,0,10,3,0,160,Không tốt
772,Thái Nguyên,2022-11-16,111,53,0,9,2,0,111,Không tốt cho người nhạy cảm
773,Thái Nguyên,2022-11-17,72,64,0,11,4,0,72,Vừa Phải
774,Thái Nguyên,2022-11-18,92,0,0,0,0,0,92,Vừa Phải
775,Thái Nguyên,2022-11-20,0,72,0,15,1,0,72,Vừa Phải
776,Thái Nguyên,2022-11-21,131,63,0,7,1,0,131,Không tốt cho người nhạy cảm
777,Thái Nguyên,2022-11-22,113,56,0,7,9,0,113,Không tốt cho người nhạy cảm
778,Thái Nguyên,2022-11-23,91,31,0,5,3,0,91,Vừa Phải
779,Thái Nguyên,2022-11-24,44,45,0,5,2,0,45,Tốt
780,Thái Nguyên,2022-11-25,78,30,0,2,1,0,78,Vừa Phải
781,Thái Nguyên,2022-11-26,49,59,0,8,3,0,59,Vừa Phải
782,Thái Nguyên,2022-11-27,82,41,0,0,2,0,82,Vừa Phải
783,Thái Nguyên,2022-11-28,59,46,0,2,1,0,59,Vừa Phải
784,Thái Nguyên,2022-11-29,58,35,0,3,1,0,58,Vừa Phải
785,Thái Nguyên,2022-11-30,41,8,0,1,0,0,41,Tốt
786,Thái Nguyên,2022-12-01,13,14,0,5,1,0,14,Tốt
787,Thái Nguyên,2022-12-02,32,33,0,2,1,0,33,Tốt
788,Thái Nguyên,2022-12-03,52,27,0,1,1,0,52,Vừa Phải
789,Thái Nguyên,2022-12-04,35,26,0,3,1,0,35,Tốt
790,Thái Nguyên,2022-12-05,47,55,0,2,1,0,55,Vừa Phải
791,Thái Nguyên,2022-12-06,73,60,0,1,1,0,73,Vừa Phải
792,Thái Nguyên,2022-12-07,86,51,0,2,1,0,86,Vừa Phải
793,Thái Nguyên,2022-12-08,91,53,0,1,1,0,91,Vừa Phải
794,Thái Nguyên,2022-12-09,86,56,0,3,1,0,86,Vừa Phải
795,Thái Nguyên,2022-12-10,100,65,0,2,2,0,100,Vừa Phải
796,Thái Nguyên,2022-12-11,111,77,0,6,2,0,111,Không tốt cho người nhạy cảm
797,Thái Nguyên,2022-12-12,127,82,0,5,1,0,127,Không tốt cho người nhạy cảm
798,Thái Nguyên,2022-12-13,144,79,0,8,2,0,144,Không tốt cho người nhạy cảm
799,Thái Nguyên,2022-12-14,137,95,0,8,4,0,137,Không tốt cho người nhạy cảm
800,Thái Nguyên,2022-12-15,158,100,0,7,1,0,158,Không tốt
801,Thái Nguyên,2022-12-16,177,72,0,3,1,0,177,Không tốt
802,Thái Nguyên,2022-12-17,106,60,0,4,1,0,106,Không tốt cho người nhạy cảm
803,Thái Nguyên,2022-12-18,74,89,0,6,1,0,89,Vừa Phải
804,Thái Nguyên,2022-12-19,149,105,0,10,1,0,149,Không tốt cho người nhạy cảm
805,Thái Nguyên,2022-12-20,175,91,0,10,2,0,175,Không tốt
806,Thái Nguyên,2022-12-21,156,101,0,10,3,0,156,Không tốt
807,Thái Nguyên,2022-12-22,173,87,0,8,1,0,173,Không tốt
808,Thái Nguyên,2022-12-23,150,87,0,9,1,0,150,Không tốt cho người nhạy cảm
809,Thái Nguyên,2022-12-24,149,101,0,9,2,0,149,Không tốt cho người nhạy cảm
810,Thái Nguyên,2022-12-25,171,105,0,10,2,0,171,Không tốt
811,Thái Nguyên,2022-12-26,180,114,0,10,1,0,180,Không tốt
812,Thái Nguyên,2022-12-27,204,79,0,7,1,0,204,Rất không tốt
813,Thái Nguyên,2022-12-28,157,27,0,6,3,0,157,Không tốt
814,Thái Nguyên,2022-12-29,52,37,0,7,1,0,52,Vừa Phải
815,Thái Nguyên,2022-12-30,53,59,0,8,1,0,59,Vừa Phải
816,Thái Nguyên,2022-12-31,111,70,0,7,2,0,111,Không tốt cho người nhạy cảm
817,Thái Nguyên,2023-01-01,133,71,0,6,1,0,133,Không tốt cho người nhạy cảm
818,Thái Nguyên,2023-01-02,148,50,0,6,1,0,148,Không tốt cho người nhạy cảm
819,Thái Nguyên,2023-01-03,86,85,0,9,4,0,86,Vừa Phải
820,Thái Nguyên,2023-01-04,151,93,0,9,3,0,151,Không tốt
821,Thái Nguyên,2023-01-05,168,54,0,4,2,0,168,Không tốt
822,Thái Nguyên,2023-01-06,99,66,0,7,4,0,99,Vừa Phải
823,Thái Nguyên,2023-01-07,116,97,0,9,5,0,116,Không tốt cho người nhạy cảm
824,Thái Nguyên,2023-01-08,176,121,0,10,3,0,176,Không tốt
825,Thái Nguyên,2023-01-09,215,108,0,7,2,0,215,Rất không tốt
826,Thái Nguyên,2023-01-10,197,73,0,5,2,0,197,Không tốt
827,Thái Nguyên,2023-01-11,157,72,0,10,4,0,157,Không tốt
828,Thái Nguyên,2023-01-12,150,71,0,11,13,0,150,Không tốt cho người nhạy cảm
829,Thái Nguyên,2023-01-13,134,89,0,14,7,0,134,Không tốt cho người nhạy cảm
830,Thái Nguyên,2023-01-14,165,89,0,8,1,0,165,Không tốt
831,Thái Nguyên,2023-01-15,145,31,0,4,1,0,145,Không tốt cho người nhạy cảm
832,Thái Nguyên,2023-01-16,46,48,0,4,1,0,48,Tốt
833,Thái Nguyên,2023-01-17,73,55,0,5,1,0,73,Vừa Phải
834,Thái Nguyên,2023-01-18,86,77,0,7,1,0,86,Vừa Phải
835,Thái Nguyên,2023-01-19,148,91,0,8,1,0,148,Không tốt cho người nhạy cảm
836,Thái Nguyên,2023-01-20,171,104,0,9,1,0,171,Không tốt
837,Thái Nguyên,2023-01-21,193,129,0,7,2,0,193,Không tốt
838,Thái Nguyên,2023-01-22,227,94,0,3,1,0,227,Rất không tốt
839,Thái Nguyên,2023-01-23,178,40,0,2,0,0,178,Không tốt
840,Thái Nguyên,2023-01-24,67,70,0,4,1,0,70,Vừa Phải
841,Thái Nguyên,2023-01-25,124,82,0,4,1,0,124,Không tốt cho người nhạy cảm
842,Thái Nguyên,2023-01-26,146,67,0,4,1,0,146,Không tốt cho người nhạy cảm
843,Thái Nguyên,2023-01-27,123,66,0,5,1,0,123,Không tốt cho người nhạy cảm
844,Thái Nguyên,2023-01-28,109,80,0,8,1,0,109,Không tốt cho người nhạy cảm
845,Thái Nguyên,2023-01-29,144,94,0,9,2,0,144,Không tốt cho người nhạy cảm
846,Thái Nguyên,2023-01-30,170,97,0,9,2,0,170,Không tốt
847,Thái Nguyên,2023-01-31,163,96,0,8,1,0,163,Không tốt
848,Thái Nguyên,2023-02-01,168,117,0,10,1,0,168,Không tốt
849,Thái Nguyên,2023-02-02,204,0,0,0,0,0,204,Rất không tốt
850,Thái Nguyên,2023-02-09,0,57,0,10,1,0,57,Vừa Phải
851,Thái Nguyên,2023-02-10,101,47,0,5,1,0,101,Không tốt cho người nhạy cảm
852,Thái Nguyên,2023-02-11,83,47,0,3,1,0,83,Vừa Phải
853,Thái Nguyên,2023-02-12,77,66,0,5,1,0,77,Vừa Phải
854,Thái Nguyên,2023-02-13,122,42,0,3,1,0,122,Không tốt cho người nhạy cảm
855,Thái Nguyên,2023-02-14,59,42,0,5,1,0,59,Vừa Phải
856,Thái Nguyên,2023-02-15,62,60,0,5,2,0,62,Vừa Phải
857,Thái Nguyên,2023-02-16,111,89,0,9,6,0,111,Không tốt cho người nhạy cảm
858,Thái Nguyên,2023-02-17,159,102,0,10,3,0,159,Không tốt
859,Thái Nguyên,2023-02-18,176,96,0,7,2,0,176,Không tốt
860,Thái Nguyên,2023-02-19,166,51,0,6,1,0,166,Không tốt
861,Thái Nguyên,2023-02-20,83,103,0,13,4,0,103,Không tốt cho người nhạy cảm
862,Thái Nguyên,2023-02-21,182,98,0,12,2,0,182,Không tốt
863,Thái Nguyên,2023-02-22,165,85,0,10,1,4,165,Không tốt
864,Thái Nguyên,2023-02-23,149,57,0,7,2,3,149,Không tốt cho người nhạy cảm
865,Thái Nguyên,2023-02-24,91,39,0,7,1,4,91,Vừa Phải
866,Thái Nguyên,2023-02-25,55,77,0,8,3,4,77,Vừa Phải
867,Thái Nguyên,2023-02-26,138,85,0,8,3,5,138,Không tốt cho người nhạy cảm
868,Thái Nguyên,2023-02-27,150,99,0,7,1,5,150,Không tốt cho người nhạy cảm
869,Thái Nguyên,2023-02-28,174,95,0,11,4,3,174,Không tốt
870,Thái Nguyên,2023-03-01,162,110,0,8,2,4,162,Không tốt
871,Thái Nguyên,2023-03-02,189,99,0,7,1,5,189,Không tốt
872,Thái Nguyên,2023-03-03,174,60,0,6,1,4,174,Không tốt
873,Thái Nguyên,2023-03-04,95,90,0,7,2,6,95,Vừa Phải
874,Thái Nguyên,2023-03-05,161,103,0,8,2,5,161,Không tốt
875,Thái Nguyên,2023-03-06,176,90,0,10,2,6,176,Không tốt
876,Thái Nguyên,2023-03-07,152,79,0,9,1,3,152,Không tốt
877,Thái Nguyên,2023-03-08,136,84,0,7,1,4,136,Không tốt cho người nhạy cảm
878,Thái Nguyên,2023-03-09,150,78,0,8,5,4,150,Không tốt cho người nhạy cảm
879,Thái Nguyên,2023-03-10,138,91,0,11,3,4,138,Không tốt cho người nhạy cảm
880,Thái Nguyên,2023-03-11,156,100,0,8,3,4,156,Không tốt
881,Thái Nguyên,2023-03-12,168,77,0,6,1,2,168,Không tốt
882,Thái Nguyên,2023-03-13,68,112,0,9,2,5,112,Không tốt cho người nhạy cảm
883,Thái Nguyên,2023-03-14,156,105,0,8,2,5,156,Không tốt
884,Thái Nguyên,2023-03-15,172,81,0,7,1,4,172,Không tốt
885,Thái Nguyên,2023-03-16,145,65,0,5,4,3,145,Không tốt cho người nhạy cảm
886,Thái Nguyên,2023-03-17,109,68,0,7,4,4,109,Không tốt cho người nhạy cảm
887,Thái Nguyên,2023-03-18,116,67,0,6,4,4,116,Không tốt cho người nhạy cảm
888,Thái Nguyên,2023-03-19,110,63,0,5,3,4,110,Không tốt cho người nhạy cảm
889,Thái Nguyên,2023-03-20,108,61,0,5,1,3,108,Không tốt cho người nhạy cảm
890,Thái Nguyên,2023-03-21,108,91,0,6,1,4,108,Không tốt cho người nhạy cảm
891,Thái Nguyên,2023-03-22,165,101,0,6,1,4,165,Không tốt
892,Thái Nguyên,2023-03-23,169,104,0,9,2,5,169,Không tốt
893,Thái Nguyên,2023-03-24,170,95,0,10,1,4,170,Không tốt
894,Thái Nguyên,2023-03-25,165,22,0,4,0,3,165,Không tốt
895,Thái Nguyên,2023-03-26,32,19,0,6,1,3,32,Tốt
896,Thái Nguyên,2023-03-27,29,35,0,5,5,5,35,Tốt
897,Thái Nguyên,2023-03-28,46,28,0,5,1,2,46,Tốt
898,Thái Nguyên,2023-03-29,39,35,0,6,1,3,39,Tốt
899,Thái Nguyên,2023-03-30,46,73,0,8,1,5,73,Vừa Phải
900,Thái Nguyên,2023-03-31,144,70,0,6,3,6,144,Không tốt cho người nhạy cảm
901,Thái Nguyên,2023-04-01,139,66,0,3,2,3,139,Không tốt cho người nhạy cảm
902,Thái Nguyên,2023-04-02,129,63,0,2,2,2,129,Không tốt cho người nhạy cảm
903,Thái Nguyên,2023-04-03,101,72,0,38,5,4,101,Không tốt cho người nhạy cảm
904,Thái Nguyên,2023-04-04,122,95,0,2,1,5,122,Không tốt cho người nhạy cảm
905,Thái Nguyên,2023-04-05,154,82,0,3,4,4,154,Không tốt
906,Thái Nguyên,2023-04-06,137,42,0,3,3,3,137,Không tốt cho người nhạy cảm
907,Thái Nguyên,2023-04-07,56,67,0,2,3,3,67,Vừa Phải
908,Thái Nguyên,2023-04-08,91,60,0,1,3,3,91,Vừa Phải
909,Thái Nguyên,2023-04-09,71,58,0,9,5,5,71,Vừa Phải
910,Thái Nguyên,2023-04-10,101,64,0,3,4,5,101,Không tốt cho người nhạy cảm
911,Thái Nguyên,2023-04-11,117,69,0,5,1,5,117,Không tốt cho người nhạy cảm
912,Thái Nguyên,2023-04-12,129,69,0,9,1,5,129,Không tốt cho người nhạy cảm
913,Thái Nguyên,2023-04-13,124,70,0,4,1,4,124,Không tốt cho người nhạy cảm
914,Thái Nguyên,2023-04-14,129,51,0,8,1,5,129,Không tốt cho người nhạy cảm
915,Thái Nguyên,2023-04-15,74,80,0,9,1,6,80,Vừa Phải
916,Thái Nguyên,2023-04-16,130,98,0,9,2,4,130,Không tốt cho người nhạy cảm
917,Thái Nguyên,2023-04-17,165,81,0,2,1,4,165,Không tốt
918,Thái Nguyên,2023-04-18,119,94,0,6,1,5,119,Không tốt cho người nhạy cảm
919,Thái Nguyên,2023-04-19,158,111,0,8,2,5,158,Không tốt
920,Thái Nguyên,2023-04-20,167,103,0,8,2,6,167,Không tốt
921,Thái Nguyên,2023-04-21,154,132,0,7,1,6,154,Không tốt
922,Thái Nguyên,2023-04-22,205,0,0,0,0,0,205,Rất không tốt
923,Thái Nguyên,2023-04-24,0,23,0,4,1,3,23,Tốt
924,Thái Nguyên,2023-04-25,23,44,0,7,1,3,44,Tốt
925,Thái Nguyên,2023-04-26,48,68,0,8,2,4,68,Vừa Phải
926,Thái Nguyên,2023-04-27,103,67,0,8,2,5,103,Không tốt cho người nhạy cảm
927,Thái Nguyên,2023-04-28,112,40,0,4,1,3,112,Không tốt cho người nhạy cảm
928,Thái Nguyên,2023-04-29,62,42,0,4,1,2,62,Vừa Phải
929,Thái Nguyên,2023-04-30,42,74,0,5,2,4,74,Vừa Phải
930,Thái Nguyên,2023-05-01,102,75,0,5,1,3,102,Không tốt cho người nhạy cảm
931,Thái Nguyên,2023-05-02,105,64,0,5,1,3,105,Không tốt cho người nhạy cảm
932,Thái Nguyên,2023-05-03,80,64,0,3,1,2,80,Vừa Phải
933,Thái Nguyên,2023-05-04,87,71,0,6,1,3,87,Vừa Phải
934,Thái Nguyên,2023-05-05,96,71,0,7,1,4,96,Vừa Phải
935,Thái Nguyên,2023-05-06,99,69,0,6,1,3,99,Vừa Phải
936,Thái Nguyên,2023-05-07,104,23,0,4,2,3,104,Không tốt cho người nhạy cảm
937,Thái Nguyên,2023-05-08,36,33,0,5,1,3,36,Tốt
938,Thái Nguyên,2023-05-09,48,59,0,6,0,5,59,Vừa Phải
939,Thái Nguyên,2023-05-10,104,60,0,7,1,3,104,Không tốt cho người nhạy cảm
940,Thái Nguyên,2023-05-11,98,25,0,5,2,3,98,Vừa Phải
941,Thái Nguyên,2023-05-12,23,23,0,4,1,3,23,Tốt
942,Thái Nguyên,2023-05-13,30,34,0,5,1,3,34,Tốt
943,Thái Nguyên,2023-05-14,59,62,0,6,1,5,62,Vừa Phải
944,Thái Nguyên,2023-05-15,113,81,0,6,1,4,113,Không tốt cho người nhạy cảm
945,Thái Nguyên,2023-05-16,132,88,0,8,1,5,132,Không tốt cho người nhạy cảm
946,Thái Nguyên,2023-05-17,136,69,0,8,1,5,136,Không tốt cho người nhạy cảm
947,Thái Nguyên,2023-05-18,108,78,0,4,2,4,108,Không tốt cho người nhạy cảm
948,Thái Nguyên,2023-05-19,126,80,0,4,2,3,126,Không tốt cho người nhạy cảm
949,Thái Nguyên,2023-05-20,132,77,0,3,1,3,132,Không tốt cho người nhạy cảm
950,Thái Nguyên,2023-05-21,119,71,0,4,1,3,119,Không tốt cho người nhạy cảm
951,Thái Nguyên,2023-05-22,105,70,0,6,1,3,105,Không tốt cho người nhạy cảm
952,Thái Nguyên,2023-05-23,110,45,0,5,1,3,110,Không tốt cho người nhạy cảm
953,Thái Nguyên,2023-05-24,68,49,0,7,1,3,68,Vừa Phải
954,Thái Nguyên,2023-05-25,80,44,0,6,1,3,80,Vừa Phải
955,Thái Nguyên,2023-05-26,68,35,0,6,1,2,68,Vừa Phải
956,Thái Nguyên,2023-05-27,45,38,0,6,1,2,45,Tốt
957,Thái Nguyên,2023-05-28,48,53,0,8,1,3,53,Vừa Phải
958,Thái Nguyên,2023-05-29,77,55,0,9,1,3,77,Vừa Phải
959,Thái Nguyên,2023-05-30,80,56,0,8,1,3,80,Vừa Phải
960,Thái Nguyên,2023-05-31,88,57,0,13,2,3,88,Vừa Phải
961,Thái Nguyên,2023-06-01,82,63,0,6,1,3,82,Vừa Phải
962,Thái Nguyên,2023-06-02,105,59,0,6,1,3,105,Không tốt cho người nhạy cảm
963,Thái Nguyên,2023-06-03,82,58,0,6,1,3,82,Vừa Phải
964,Thái Nguyên,2023-06-04,100,52,0,5,1,3,100,Vừa Phải
965,Thái Nguyên,2023-06-05,81,52,0,6,1,3,81,Vừa Phải
966,Thái Nguyên,2023-06-06,94,47,0,5,1,4,94,Vừa Phải
967,Thái Nguyên,2023-06-07,75,58,0,3,1,4,75,Vừa Phải
968,Thái Nguyên,2023-06-08,108,39,0,3,1,3,108,Không tốt cho người nhạy cảm
969,Thái Nguyên,2023-06-09,66,58,0,6,1,4,66,Vừa Phải
970,Thái Nguyên,2023-06-10,98,92,0,6,1,4,98,Vừa Phải
971,Thái Nguyên,2023-06-11,161,70,0,6,1,5,161,Không tốt
972,Thái Nguyên,2023-06-12,131,77,0,5,1,4,131,Không tốt cho người nhạy cảm
973,Thái Nguyên,2023-06-13,144,28,0,3,1,2,144,Không tốt cho người nhạy cảm
974,Thái Nguyên,2023-06-14,53,55,0,4,1,3,55,Vừa Phải
975,Thái Nguyên,2023-06-15,110,59,0,5,1,2,110,Không tốt cho người nhạy cảm
976,Thái Nguyên,2023-06-16,94,73,0,5,1,2,94,Vừa Phải
977,Thái Nguyên,2023-06-17,87,55,0,4,1,3,87,Vừa Phải
978,Thái Nguyên,2023-06-18,96,58,0,7,1,4,96,Vừa Phải
979,Thái Nguyên,2023-06-19,98,58,0,7,1,3,98,Vừa Phải
980,Thái Nguyên,2023-06-20,90,29,0,3,1,2,90,Vừa Phải
981,Thái Nguyên,2023-06-21,46,50,0,6,1,3,50,Tốt
982,Thái Nguyên,2023-06-22,74,38,0,3,1,3,74,Vừa Phải
983,Thái Nguyên,2023-06-23,71,27,0,8,0,3,71,Vừa Phải
984,Thái Nguyên,2023-06-24,36,15,0,3,0,3,36,Tốt
985,Thái Nguyên,2023-06-25,40,28,0,4,0,3,40,Tốt
986,Thái Nguyên,2023-06-26,65,43,0,7,0,2,65,Vừa Phải
987,Thái Nguyên,2023-06-27,83,40,0,5,0,2,83,Vừa Phải
988,Thái Nguyên,2023-06-28,59,46,0,4,0,2,59,Vừa Phải
989,Thái Nguyên,2023-06-29,73,63,0,5,0,2,73,Vừa Phải
990,Thái Nguyên,2023-06-30,99,45,0,7,0,2,99,Vừa Phải
991,Thái Nguyên,2023-07-01,81,40,0,9,0,2,81,Vừa Phải
992,Thái Nguyên,2023-07-02,52,52,0,8,0,3,52,Vừa Phải
993,Thái Nguyên,2023-07-03,65,39,0,6,0,3,65,Vừa Phải
994,Thái Nguyên,2023-07-04,58,37,0,6,0,2,58,Vừa Phải
995,Thái Nguyên,2023-07-05,45,38,0,6,0,2,45,Tốt
996,Thái Nguyên,2023-07-06,60,43,0,5,0,2,60,Vừa Phải
997,Thái Nguyên,2023-07-07,58,42,0,5,0,2,58,Vừa Phải
998,Thái Nguyên,2023-07-08,45,43,0,6,0,2,45,Tốt
999,Thái Nguyên,2023-07-09,54,44,0,5,0,2,54,Vừa Phải
1000,Thái Nguyên,2023-07-10,77,45,0,6,0,2,77,Vừa Phải
1001,Thái Nguyên,2023-07-11,72,39,0,4,0,3,72,Vừa Phải
1002,Thái Nguyên,2023-07-12,52,39,0,3,0,3,52,Vừa Phải
1003,Thái Nguyên,2023-07-13,60,53,0,5,0,3,60,Vừa Phải
1004,Thái Nguyên,2023-07-14,73,47,0,4,0,3,73,Vừa Phải
1005,Thái Nguyên,2023-07-15,72,53,0,4,0,3,72,Vừa Phải
1006,Thái Nguyên,2023-07-16,63,66,0,5,3,3,66,Vừa Phải
1007,Thái Nguyên,2023-07-17,87,50,0,4,3,2,87,Vừa Phải
1008,Thái Nguyên,2023-07-18,75,39,0,3,3,3,75,Vừa Phải
1009,Thái Nguyên,2023-07-19,77,51,0,4,2,3,77,Vừa Phải
1010,Thái Nguyên,2023-07-20,100,45,0,4,2,3,100,Vừa Phải
1011,Thái Nguyên,2023-07-21,83,54,0,4,1,3,83,Vừa Phải
1012,Thái Nguyên,2023-07-22,77,50,0,4,1,3,77,Vừa Phải
1013,Thái Nguyên,2023-07-23,74,47,0,4,2,2,74,Vừa Phải
1014,Thái Nguyên,2023-07-24,74,49,0,4,2,3,74,Vừa Phải
1015,Thái Nguyên,2023-07-25,83,52,0,4,2,2,83,Vừa Phải
1016,Thái Nguyên,2023-07-26,72,60,0,5,4,3,72,Vừa Phải
1017,Thái Nguyên,2023-07-27,94,56,0,4,1,3,94,Vừa Phải
1018,Thái Nguyên,2023-07-28,100,59,0,4,1,3,100,Vừa Phải
1019,Thái Nguyên,2023-07-29,111,80,0,4,2,3,111,Không tốt cho người nhạy cảm
1020,Thái Nguyên,2023-07-30,141,32,0,3,2,2,141,Không tốt cho người nhạy cảm
1021,Thái Nguyên,2023-07-31,60,43,0,3,3,3,60,Vừa Phải
1022,Thái Nguyên,2023-08-01,86,41,0,3,2,2,86,Vừa Phải
1023,Thái Nguyên,2023-08-02,77,44,0,2,2,3,77,Vừa Phải
1024,Thái Nguyên,2023-08-03,63,37,0,2,1,3,63,Vừa Phải
1025,Thái Nguyên,2023-08-04,61,50,0,2,1,3,61,Vừa Phải
1026,Thái Nguyên,2023-08-05,94,48,0,2,1,4,94,Vừa Phải
1027,Thái Nguyên,2023-08-06,84,43,0,2,1,3,84,Vừa Phải
1028,Thái Nguyên,2023-08-07,70,51,0,2,1,4,70,Vừa Phải
1029,Thái Nguyên,2023-08-08,82,52,0,2,1,4,82,Vừa Phải
1030,Thái Nguyên,2023-08-09,77,62,0,2,1,4,77,Vừa Phải
1031,Thái Nguyên,2023-08-10,104,52,0,1,1,4,104,Không tốt cho người nhạy cảm
1032,Thái Nguyên,2023-08-11,93,55,0,1,1,5,93,Vừa Phải
1033,Thái Nguyên,2023-08-12,95,58,0,2,1,4,95,Vừa Phải
1034,Thái Nguyên,2023-08-13,104,65,0,1,2,4,104,Không tốt cho người nhạy cảm
1035,Thái Nguyên,2023-08-14,120,34,0,1,2,3,120,Không tốt cho người nhạy cảm
1036,Thái Nguyên,2023-08-15,64,41,0,1,1,4,64,Vừa Phải
1037,Thái Nguyên,2023-08-16,75,52,0,1,1,3,75,Vừa Phải
1038,Thái Nguyên,2023-08-17,84,0,0,0,0,0,84,Vừa Phải
1039,Thái Nguyên,2023-08-25,0,0,0,1,3,4,4,Tốt
1040,Thái Nguyên,2023-08-26,0,0,0,2,3,3,3,Tốt
1041,Thái Nguyên,2023-08-27,0,0,0,0,3,3,3,Tốt
1042,Thái Nguyên,2023-08-28,0,0,0,0,1,4,4,Tốt
1043,Thái Nguyên,2023-08-31,0,0,0,6,1,3,6,Tốt
1044,Thái Nguyên,2023-09-01,0,0,0,2,1,2,2,Tốt
1045,Thái Nguyên,2023-09-09,0,0,0,8,1,3,8,Tốt
1046,Thái Nguyên,2023-09-10,0,0,0,9,2,4,9,Tốt
1047,Thái Nguyên,2023-09-11,0,0,0,6,4,3,6,Tốt
1048,Thái Nguyên,2023-09-12,0,0,0,6,1,2,6,Tốt
1049,Thái Nguyên,2023-09-15,0,0,0,6,2,3,6,Tốt
1050,Thái Nguyên,2023-09-16,0,0,0,6,2,3,6,Tốt
1051,Thái Nguyên,2023-09-17,0,0,0,6,1,3,6,Tốt
1052,Thái Nguyên,2023-09-18,0,0,0,8,2,3,8,Tốt
1053,Thái Nguyên,2023-09-19,0,0,0,7,2,3,7,Tốt
1054,Thái Nguyên,2023-09-20,0,0,0,4,1,3,4,Tốt
1055,Thái Nguyên,2023-09-21,0,0,0,5,3,4,5,Tốt
1056,Thái Nguyên,2023-09-22,0,0,0,7,4,4,7,Tốt
1057,Thái Nguyên,2023-09-26,0,0,0,10,1,4,10,Tốt
1058,Thái Nguyên,2023-09-27,0,0,0,13,1,4,13,Tốt
1059,Thái Nguyên,2023-09-28,0,0,0,7,1,3,7,Tốt
1060,Thái Nguyên,2023-09-29,0,0,0,6,4,4,6,Tốt
1061,Thái Nguyên,2023-09-30,0,0,0,5,3,4,5,Tốt
1062,Thái Nguyên,2023-10-01,0,0,0,5,3,3,5,Tốt
1063,Thái Nguyên,2023-10-02,0,0,0,4,6,4,6,Tốt
1064,Thái Nguyên,2023-10-03,0,0,0,5,0,0,5,Tốt
