,địa điểm trạm đo,date,pm25,pm10,o3,no2,so2,co,aqi,mức độ ô nhiễm
0,Tràng Định,2021-12-27,0,51,0,6,2,3,51,Vừa Phải
1,Tràng Định,2021-12-28,64,40,0,5,2,3,64,Vừa Phải
2,Tràng Định,2021-12-29,49,40,0,5,2,2,49,Tốt
3,Tràng Định,2021-12-30,54,53,0,6,2,2,54,Vừa Phải
4,Tràng Định,2021-12-31,82,59,0,6,21,4,82,Vừa Phải
5,Tràng Định,2022-01-01,98,47,0,5,2,2,98,Vừa Phải
6,Tràng Định,2022-01-02,58,78,0,7,3,4,78,Vừa Phải
7,Tràng Định,2022-01-03,133,87,0,10,3,4,133,Không tốt cho người nhạy cảm
8,Tràng Định,2022-01-04,155,91,0,12,3,4,155,Không tốt
9,Tràng Định,2022-01-05,144,79,0,9,2,3,144,Không tốt cho người nhạy cảm
10,Tràng Định,2022-01-06,131,70,0,7,2,3,131,Không tốt cho người nhạy cảm
11,Tràng Định,2022-01-07,120,79,0,8,3,4,120,Không tốt cho người nhạy cảm
12,Tràng Định,2022-01-08,147,30,0,4,2,3,147,Không tốt cho người nhạy cảm
13,Tràng Định,2022-01-09,40,23,0,6,2,3,40,Tốt
14,Tràng Định,2022-01-10,32,41,0,4,2,3,41,Tốt
15,Tràng Định,2022-01-11,47,68,21,8,4,4,68,Vừa Phải
16,Tràng Định,2022-01-12,103,57,0,6,2,1,103,Không tốt cho người nhạy cảm
17,Tràng Định,2022-01-13,83,79,0,7,2,2,83,Vừa Phải
18,Tràng Định,2022-01-14,131,96,0,12,3,3,131,Không tốt cho người nhạy cảm
19,Tràng Định,2022-01-15,164,67,0,8,2,2,164,Không tốt
20,Tràng Định,2022-01-16,117,10,0,3,2,1,117,Không tốt cho người nhạy cảm
21,Tràng Định,2022-01-17,15,37,0,5,2,1,37,Tốt
22,Tràng Định,2022-01-18,45,57,0,7,2,1,57,Vừa Phải
23,Tràng Định,2022-01-19,81,48,25,7,1,1,81,Vừa Phải
24,Tràng Định,2022-01-20,88,53,4,6,26,4,88,Vừa Phải
25,Tràng Định,2022-01-21,101,42,0,9,7,4,101,Không tốt cho người nhạy cảm
26,Tràng Định,2022-01-22,74,68,0,8,8,4,74,Vừa Phải
27,Tràng Định,2022-01-23,128,28,13,7,6,3,128,Không tốt cho người nhạy cảm
28,Tràng Định,2022-01-24,55,1,0,5,5,2,55,Vừa Phải
29,Tràng Định,2022-01-25,1,2,0,10,31,6,31,Tốt
30,Tràng Định,2022-01-26,3,4,7,6,8,6,8,Tốt
31,Tràng Định,2022-01-27,6,1,0,5,2,1,6,Tốt
32,Tràng Định,2022-01-28,1,1,0,3,1,3,3,Tốt
33,Tràng Định,2022-01-29,1,0,0,0,0,0,1,Tốt
34,Tràng Định,2022-02-09,0,1,0,4,1,1,4,Tốt
35,Tràng Định,2022-02-10,1,0,0,3,1,1,3,Tốt
36,Tràng Định,2022-02-11,0,0,0,3,1,1,3,Tốt
37,Tràng Định,2022-02-12,0,0,0,2,1,1,2,Tốt
38,Tràng Định,2022-02-13,1,0,0,2,1,1,2,Tốt
39,Tràng Định,2022-02-14,1,0,0,3,1,1,3,Tốt
40,Tràng Định,2022-02-15,0,1,0,5,1,1,5,Tốt
41,Tràng Định,2022-02-16,2,1,0,8,1,1,8,Tốt
42,Tràng Định,2022-02-17,1,0,0,9,1,1,9,Tốt
43,Tràng Định,2022-02-18,1,1,2,3,6,2,6,Tốt
44,Tràng Định,2022-02-19,1,1,1,1,1,1,1,Tốt
45,Tràng Định,2022-02-20,2,1,0,1,1,1,2,Tốt
46,Tràng Định,2022-02-21,1,23,0,4,1,1,23,Tốt
47,Tràng Định,2022-02-22,21,35,0,6,1,0,35,Tốt
48,Tràng Định,2022-02-23,38,52,1,5,8,3,52,Vừa Phải
49,Tràng Định,2022-02-24,72,62,2,6,2,2,72,Vừa Phải
50,Tràng Định,2022-02-25,103,89,3,8,3,1,103,Không tốt cho người nhạy cảm
51,Tràng Định,2022-02-26,159,106,3,9,4,2,159,Không tốt
52,Tràng Định,2022-02-27,192,102,1,10,4,2,192,Không tốt
53,Tràng Định,2022-02-28,180,76,1,14,18,4,180,Không tốt
54,Tràng Định,2022-03-01,142,80,1,9,5,1,142,Không tốt cho người nhạy cảm
55,Tràng Định,2022-03-02,155,70,5,7,4,1,155,Không tốt
56,Tràng Định,2022-03-03,124,63,3,10,3,1,124,Không tốt cho người nhạy cảm
57,Tràng Định,2022-03-04,105,56,2,9,2,1,105,Không tốt cho người nhạy cảm
58,Tràng Định,2022-03-05,109,21,3,8,21,11,109,Không tốt cho người nhạy cảm
59,Tràng Định,2022-03-06,38,2,4,4,2,3,38,Tốt
60,Tràng Định,2022-03-07,3,1,4,6,3,1,6,Tốt
61,Tràng Định,2022-03-08,1,2,3,5,2,1,5,Tốt
62,Tràng Định,2022-03-09,3,1,3,5,2,1,5,Tốt
63,Tràng Định,2022-03-10,2,3,4,10,18,10,18,Tốt
64,Tràng Định,2022-03-11,4,1,2,10,5,1,10,Tốt
65,Tràng Định,2022-03-12,1,1,3,9,4,1,9,Tốt
66,Tràng Định,2022-03-13,1,1,3,7,4,1,7,Tốt
67,Tràng Định,2022-03-14,1,2,4,7,3,2,7,Tốt
68,Tràng Định,2022-03-15,3,4,3,13,20,6,20,Tốt
69,Tràng Định,2022-03-16,8,1,3,6,4,2,8,Tốt
70,Tràng Định,2022-03-17,2,2,23,8,3,2,23,Tốt
71,Tràng Định,2022-03-18,2,1,23,15,8,1,23,Tốt
72,Tràng Định,2022-03-19,1,2,23,8,2,2,23,Tốt
73,Tràng Định,2022-03-20,2,3,23,10,28,10,28,Tốt
74,Tràng Định,2022-03-21,6,1,24,5,1,1,24,Tốt
75,Tràng Định,2022-03-22,1,1,23,3,1,0,23,Tốt
76,Tràng Định,2022-03-23,1,0,23,4,2,1,23,Tốt
77,Tràng Định,2022-03-24,1,1,24,8,2,2,24,Tốt
78,Tràng Định,2022-03-25,1,42,24,8,18,5,42,Tốt
79,Tràng Định,2022-03-26,60,40,23,4,2,1,60,Vừa Phải
80,Tràng Định,2022-03-27,51,35,23,4,2,1,51,Vừa Phải
81,Tràng Định,2022-03-28,43,70,23,10,3,1,70,Vừa Phải
82,Tràng Định,2022-03-29,115,23,23,9,22,6,115,Không tốt cho người nhạy cảm
83,Tràng Định,2022-03-30,38,21,22,5,1,1,38,Tốt
84,Tràng Định,2022-03-31,25,14,22,3,1,0,25,Tốt
85,Tràng Định,2022-04-01,14,24,23,6,1,1,24,Tốt
86,Tràng Định,2022-04-02,26,41,23,7,2,1,41,Tốt
87,Tràng Định,2022-04-03,50,53,24,7,4,1,53,Vừa Phải
88,Tràng Định,2022-04-04,70,66,24,8,2,2,70,Vừa Phải
89,Tràng Định,2022-04-05,94,84,25,8,3,2,94,Vừa Phải
90,Tràng Định,2022-04-06,131,72,24,8,2,1,131,Không tốt cho người nhạy cảm
91,Tràng Định,2022-04-07,112,86,25,11,5,2,112,Không tốt cho người nhạy cảm
92,Tràng Định,2022-04-08,128,24,26,17,27,7,128,Không tốt cho người nhạy cảm
93,Tràng Định,2022-04-09,44,1,24,9,6,1,44,Tốt
94,Tràng Định,2022-04-10,1,1,24,10,4,1,24,Tốt
95,Tràng Định,2022-04-11,1,1,23,9,3,1,23,Tốt
96,Tràng Định,2022-04-12,1,1,24,9,2,2,24,Tốt
97,Tràng Định,2022-04-13,1,4,24,11,22,7,24,Tốt
98,Tràng Định,2022-04-14,8,1,23,10,3,2,23,Tốt
99,Tràng Định,2022-04-15,1,1,22,3,1,0,22,Tốt
100,Tràng Định,2022-04-16,1,0,22,3,1,0,22,Tốt
101,Tràng Định,2022-04-17,0,0,22,2,1,0,22,Tốt
102,Tràng Định,2022-04-18,0,2,23,8,23,7,23,Tốt
103,Tràng Định,2022-04-19,4,2,23,6,3,2,23,Tốt
104,Tràng Định,2022-04-20,2,2,24,9,4,2,24,Tốt
105,Tràng Định,2022-04-21,4,3,23,9,2,2,23,Tốt
106,Tràng Định,2022-04-22,4,1,23,6,2,1,23,Tốt
107,Tràng Định,2022-04-23,2,25,24,6,7,4,25,Tốt
108,Tràng Định,2022-04-24,38,56,25,5,1,2,56,Vừa Phải
109,Tràng Định,2022-04-25,78,58,25,4,1,1,78,Vừa Phải
110,Tràng Định,2022-04-26,83,64,25,7,1,1,83,Vừa Phải
111,Tràng Định,2022-04-27,92,62,24,7,1,1,92,Vừa Phải
112,Tràng Định,2022-04-28,96,65,26,7,12,6,96,Vừa Phải
113,Tràng Định,2022-04-29,94,59,24,5,2,1,94,Vừa Phải
114,Tràng Định,2022-04-30,81,22,24,4,3,0,81,Vừa Phải
115,Tràng Định,2022-05-01,20,41,24,5,2,1,41,Tốt
116,Tràng Định,2022-05-02,50,61,24,7,2,1,61,Vừa Phải
117,Tràng Định,2022-05-03,70,63,25,13,24,5,70,Vừa Phải
118,Tràng Định,2022-05-04,83,71,25,9,5,1,83,Vừa Phải
119,Tràng Định,2022-05-05,106,69,25,6,3,1,106,Không tốt cho người nhạy cảm
120,Tràng Định,2022-05-06,110,53,10,1,1,1,110,Không tốt cho người nhạy cảm
121,Tràng Định,2022-05-07,87,13,9,1,1,0,87,Vừa Phải
122,Tràng Định,2022-05-08,17,11,9,1,14,5,17,Tốt
123,Tràng Định,2022-05-09,14,19,9,1,1,1,19,Tốt
124,Tràng Định,2022-05-10,22,40,10,1,1,1,40,Tốt
125,Tràng Định,2022-05-11,55,22,8,1,1,0,55,Vừa Phải
126,Tràng Định,2022-05-12,27,19,8,1,1,1,27,Tốt
127,Tràng Định,2022-05-13,21,21,10,1,11,3,21,Tốt
128,Tràng Định,2022-05-14,28,27,8,1,1,1,28,Tốt
129,Tràng Định,2022-05-15,27,29,8,1,1,1,29,Tốt
130,Tràng Định,2022-05-16,24,44,9,1,1,1,44,Tốt
131,Tràng Định,2022-05-17,49,56,9,1,3,1,56,Vừa Phải
132,Tràng Định,2022-05-18,79,13,14,3,14,7,79,Vừa Phải
133,Tràng Định,2022-05-19,21,1,9,6,3,1,21,Tốt
134,Tràng Định,2022-05-20,2,1,9,3,2,0,9,Tốt
135,Tràng Định,2022-05-21,1,1,9,3,2,0,9,Tốt
136,Tràng Định,2022-05-22,1,1,8,2,2,0,8,Tốt
137,Tràng Định,2022-05-23,1,1,8,3,8,2,8,Tốt
138,Tràng Định,2022-05-24,1,37,9,5,2,1,37,Tốt
139,Tràng Định,2022-05-25,45,53,9,4,1,1,53,Vừa Phải
140,Tràng Định,2022-05-26,57,49,9,5,2,1,57,Vừa Phải
141,Tràng Định,2022-05-27,62,29,9,7,14,11,62,Vừa Phải
142,Tràng Định,2022-05-28,39,1,9,5,1,1,39,Tốt
143,Tràng Định,2022-05-29,1,0,9,4,1,0,9,Tốt
144,Tràng Định,2022-05-30,0,0,8,4,1,0,8,Tốt
145,Tràng Định,2022-05-31,0,1,9,5,1,1,9,Tốt
146,Tràng Định,2022-06-01,1,3,9,7,5,10,10,Tốt
147,Tràng Định,2022-06-02,5,34,9,4,1,1,34,Tốt
148,Tràng Định,2022-06-03,36,55,10,5,1,1,55,Vừa Phải
149,Tràng Định,2022-06-04,61,54,10,6,2,1,61,Vừa Phải
150,Tràng Định,2022-06-05,53,19,8,4,2,1,53,Vừa Phải
151,Tràng Định,2022-06-06,27,27,9,4,2,4,27,Tốt
152,Tràng Định,2022-06-07,36,31,9,3,2,0,36,Tốt
153,Tràng Định,2022-06-08,33,35,9,4,2,1,35,Tốt
154,Tràng Định,2022-06-09,40,48,9,5,2,1,48,Tốt
155,Tràng Định,2022-06-10,54,21,9,3,0,1,54,Vừa Phải
156,Tràng Định,2022-06-11,28,36,9,8,6,13,36,Tốt
157,Tràng Định,2022-06-12,46,47,9,3,2,1,47,Tốt
158,Tràng Định,2022-06-13,54,34,8,3,2,1,54,Vừa Phải
159,Tràng Định,2022-06-14,24,40,8,5,2,0,40,Tốt
160,Tràng Định,2022-06-15,37,30,9,4,2,0,37,Tốt
161,Tràng Định,2022-06-16,32,0,9,3,2,1,32,Tốt
162,Tràng Định,2022-06-17,0,1,9,1,2,1,9,Tốt
163,Tràng Định,2022-06-18,1,1,9,1,2,1,9,Tốt
164,Tràng Định,2022-06-19,1,1,9,1,2,1,9,Tốt
165,Tràng Định,2022-06-20,1,48,9,3,2,1,48,Tốt
166,Tràng Định,2022-06-21,50,24,8,6,2,8,50,Tốt
167,Tràng Định,2022-06-22,27,0,8,3,2,0,27,Tốt
168,Tràng Định,2022-06-23,0,7,8,5,2,1,8,Tốt
169,Tràng Định,2022-06-24,11,0,8,4,2,0,11,Tốt
170,Tràng Định,2022-06-25,0,0,8,4,2,1,8,Tốt
171,Tràng Định,2022-06-26,1,9,9,6,3,9,9,Tốt
172,Tràng Định,2022-06-27,15,1,9,4,1,2,15,Tốt
173,Tràng Định,2022-06-28,1,0,8,4,1,1,8,Tốt
174,Tràng Định,2022-06-29,1,0,8,4,1,1,8,Tốt
175,Tràng Định,2022-06-30,0,1,9,3,1,1,9,Tốt
176,Tràng Định,2022-07-01,1,7,8,7,1,7,8,Tốt
177,Tràng Định,2022-07-02,12,1,8,3,1,1,12,Tốt
178,Tràng Định,2022-07-03,1,1,9,4,1,1,9,Tốt
179,Tràng Định,2022-07-04,1,0,8,3,2,0,8,Tốt
180,Tràng Định,2022-07-05,0,1,8,2,2,1,8,Tốt
181,Tràng Định,2022-07-06,1,10,8,6,2,15,15,Tốt
182,Tràng Định,2022-07-07,17,0,8,3,2,2,17,Tốt
183,Tràng Định,2022-07-08,0,0,8,2,2,1,8,Tốt
184,Tràng Định,2022-07-09,0,0,8,2,2,1,8,Tốt
185,Tràng Định,2022-07-10,0,0,8,2,2,1,8,Tốt
186,Tràng Định,2022-07-11,0,3,8,3,2,9,9,Tốt
187,Tràng Định,2022-07-12,5,0,8,2,2,1,8,Tốt
188,Tràng Định,2022-07-13,0,0,8,2,3,0,8,Tốt
189,Tràng Định,2022-07-14,0,0,8,2,2,0,8,Tốt
190,Tràng Định,2022-07-15,0,1,8,4,2,1,8,Tốt
191,Tràng Định,2022-07-16,1,8,8,6,3,9,9,Tốt
192,Tràng Định,2022-07-17,13,0,9,3,3,1,13,Tốt
193,Tràng Định,2022-07-18,1,1,8,2,3,1,8,Tốt
194,Tràng Định,2022-07-19,1,0,8,2,3,1,8,Tốt
195,Tràng Định,2022-07-20,0,0,8,1,3,0,8,Tốt
196,Tràng Định,2022-07-21,0,8,8,3,3,12,12,Tốt
197,Tràng Định,2022-07-22,14,0,8,4,2,1,14,Tốt
198,Tràng Định,2022-07-23,1,1,8,4,3,1,8,Tốt
199,Tràng Định,2022-07-24,1,2,9,4,3,1,9,Tốt
200,Tràng Định,2022-07-25,3,1,8,5,3,2,8,Tốt
201,Tràng Định,2022-07-26,1,14,9,8,9,8,14,Tốt
202,Tràng Định,2022-07-27,23,1,9,6,3,1,23,Tốt
203,Tràng Định,2022-07-28,1,1,9,6,3,2,9,Tốt
204,Tràng Định,2022-07-29,1,1,9,6,3,1,9,Tốt
205,Tràng Định,2022-07-30,1,0,8,4,3,0,8,Tốt
206,Tràng Định,2022-07-31,1,7,8,5,7,8,8,Tốt
207,Tràng Định,2022-08-01,12,0,8,4,3,0,12,Tốt
208,Tràng Định,2022-08-02,0,1,9,4,3,1,9,Tốt
209,Tràng Định,2022-08-03,1,1,8,4,3,0,8,Tốt
210,Tràng Định,2022-08-04,1,0,8,7,3,1,8,Tốt
211,Tràng Định,2022-08-05,0,5,8,5,3,7,8,Tốt
212,Tràng Định,2022-08-06,9,0,8,2,3,0,9,Tốt
213,Tràng Định,2022-08-07,0,0,8,2,3,3,8,Tốt
214,Tràng Định,2022-08-08,0,1,8,4,3,1,8,Tốt
215,Tràng Định,2022-08-09,1,0,8,4,3,1,8,Tốt
216,Tràng Định,2022-08-10,0,0,8,3,3,1,8,Tốt
217,Tràng Định,2022-08-11,0,0,10,1,3,1,10,Tốt
218,Tràng Định,2022-08-12,0,1,15,2,3,1,15,Tốt
219,Tràng Định,2022-08-13,1,0,15,3,4,1,15,Tốt
220,Tràng Định,2022-08-14,0,1,14,2,3,1,14,Tốt
221,Tràng Định,2022-08-15,1,10,14,4,16,12,16,Tốt
222,Tràng Định,2022-08-16,17,0,15,2,3,1,17,Tốt
223,Tràng Định,2022-08-17,0,0,15,2,3,1,15,Tốt
224,Tràng Định,2022-08-18,0,0,17,2,3,0,17,Tốt
225,Tràng Định,2022-08-19,0,0,12,2,3,0,12,Tốt
226,Tràng Định,2022-08-20,0,1,12,2,9,6,12,Tốt
227,Tràng Định,2022-08-21,2,1,12,1,3,1,12,Tốt
228,Tràng Định,2022-08-22,2,0,13,1,3,0,13,Tốt
229,Tràng Định,2022-08-23,0,1,16,2,3,1,16,Tốt
230,Tràng Định,2022-08-24,1,6,13,3,4,10,13,Tốt
231,Tràng Định,2022-08-25,11,0,10,1,3,0,11,Tốt
232,Tràng Định,2022-08-26,0,0,14,2,3,1,14,Tốt
233,Tràng Định,2022-08-27,0,0,14,2,3,0,14,Tốt
234,Tràng Định,2022-08-28,0,1,15,3,3,1,15,Tốt
235,Tràng Định,2022-08-29,1,10,20,3,14,11,20,Tốt
236,Tràng Định,2022-08-30,15,1,16,3,4,1,16,Tốt
237,Tràng Định,2022-08-31,1,0,13,3,3,0,13,Tốt
238,Tràng Định,2022-09-01,1,0,15,2,4,1,15,Tốt
239,Tràng Định,2022-09-02,0,1,18,3,4,1,18,Tốt
240,Tràng Định,2022-09-03,1,3,17,7,9,4,17,Tốt
241,Tràng Định,2022-09-04,4,0,15,4,4,1,15,Tốt
242,Tràng Định,2022-09-05,0,1,19,4,4,1,19,Tốt
243,Tràng Định,2022-09-06,1,1,19,4,4,1,19,Tốt
244,Tràng Định,2022-09-07,1,0,14,2,3,1,14,Tốt
245,Tràng Định,2022-09-08,0,5,15,3,21,8,21,Tốt
246,Tràng Định,2022-09-09,8,0,13,2,4,1,13,Tốt
247,Tràng Định,2022-09-10,1,1,14,2,5,0,14,Tốt
248,Tràng Định,2022-09-11,1,2,18,2,4,0,18,Tốt
249,Tràng Định,2022-09-12,4,2,19,4,6,3,19,Tốt
250,Tràng Định,2022-09-13,4,5,20,5,17,9,20,Tốt
251,Tràng Định,2022-09-14,8,0,18,3,4,1,18,Tốt
252,Tràng Định,2022-09-15,1,35,14,3,4,0,35,Tốt
253,Tràng Định,2022-09-16,35,33,8,1,5,0,35,Tốt
254,Tràng Định,2022-09-17,32,44,9,1,5,1,44,Tốt
255,Tràng Định,2022-09-18,52,16,9,1,11,7,52,Vừa Phải
256,Tràng Định,2022-09-19,23,1,8,1,5,1,23,Tốt
257,Tràng Định,2022-09-20,1,1,8,1,4,0,8,Tốt
258,Tràng Định,2022-09-21,1,1,8,1,4,1,8,Tốt
259,Tràng Định,2022-09-22,1,1,8,1,5,1,8,Tốt
260,Tràng Định,2022-09-23,1,7,9,1,11,5,11,Tốt
261,Tràng Định,2022-09-24,11,0,9,1,5,1,11,Tốt
262,Tràng Định,2022-09-25,0,1,9,1,5,1,9,Tốt
263,Tràng Định,2022-09-26,1,1,10,1,6,1,10,Tốt
264,Tràng Định,2022-09-27,1,1,9,1,6,1,9,Tốt
265,Tràng Định,2022-09-28,1,4,10,1,9,4,10,Tốt
266,Tràng Định,2022-09-29,6,0,8,0,4,1,8,Tốt
267,Tràng Định,2022-09-30,0,0,8,0,4,2,8,Tốt
268,Tràng Định,2022-10-01,0,0,8,0,5,1,8,Tốt
269,Tràng Định,2022-10-02,1,0,8,1,5,1,8,Tốt
270,Tràng Định,2022-10-03,0,2,8,1,4,1,8,Tốt
271,Tràng Định,2022-10-04,3,1,8,1,12,11,12,Tốt
272,Tràng Định,2022-10-05,1,0,8,1,5,1,8,Tốt
273,Tràng Định,2022-10-06,0,0,8,1,5,1,8,Tốt
274,Tràng Định,2022-10-07,1,1,8,1,5,1,8,Tốt
275,Tràng Định,2022-10-08,1,4,9,1,5,1,9,Tốt
276,Tràng Định,2022-10-09,8,1,9,1,11,7,11,Tốt
277,Tràng Định,2022-10-10,1,0,8,1,5,1,8,Tốt
278,Tràng Định,2022-10-11,0,1,8,1,5,0,8,Tốt
279,Tràng Định,2022-10-12,1,2,9,1,5,1,9,Tốt
280,Tràng Định,2022-10-13,2,2,9,1,6,1,9,Tốt
281,Tràng Định,2022-10-14,4,1,9,1,18,8,18,Tốt
282,Tràng Định,2022-10-15,1,1,13,1,6,1,13,Tốt
283,Tràng Định,2022-10-16,1,1,110,1,6,1,110,Không tốt cho người nhạy cảm
284,Tràng Định,2022-10-17,1,1,153,1,6,1,153,Không tốt
285,Tràng Định,2022-10-18,2,6,131,0,6,3,131,Không tốt cho người nhạy cảm
286,Tràng Định,2022-10-19,8,1,9,0,14,8,14,Tốt
287,Tràng Định,2022-10-20,1,0,9,0,6,1,9,Tốt
288,Tràng Định,2022-10-21,1,56,10,0,5,2,56,Vừa Phải
289,Tràng Định,2022-10-22,74,59,9,0,6,1,74,Vừa Phải
290,Tràng Định,2022-10-23,85,68,9,0,14,9,85,Vừa Phải
291,Tràng Định,2022-10-24,103,99,9,0,7,1,103,Không tốt cho người nhạy cảm
292,Tràng Định,2022-10-25,143,86,10,0,8,1,143,Không tốt cho người nhạy cảm
293,Tràng Định,2022-10-26,119,71,9,0,6,1,119,Không tốt cho người nhạy cảm
294,Tràng Định,2022-10-27,87,19,9,0,6,1,87,Vừa Phải
295,Tràng Định,2022-10-28,30,32,10,0,17,8,32,Tốt
296,Tràng Định,2022-10-29,41,78,9,0,7,1,78,Vừa Phải
297,Tràng Định,2022-10-30,101,56,0,0,6,1,101,Không tốt cho người nhạy cảm
298,Tràng Định,2022-10-31,42,69,8,0,5,0,69,Vừa Phải
299,Tràng Định,2022-11-01,54,87,9,0,5,2,87,Vừa Phải
300,Tràng Định,2022-11-02,84,64,9,0,13,7,84,Vừa Phải
301,Tràng Định,2022-11-03,70,0,9,0,6,1,70,Vừa Phải
302,Tràng Định,2022-11-05,0,130,0,11,0,0,130,Không tốt cho người nhạy cảm
303,Tràng Định,2022-11-06,166,81,10,9,8,3,166,Không tốt
304,Tràng Định,2022-11-07,114,90,18,8,16,7,114,Không tốt cho người nhạy cảm
305,Tràng Định,2022-11-08,120,80,17,7,6,2,120,Không tốt cho người nhạy cảm
306,Tràng Định,2022-11-09,105,78,17,6,5,1,105,Không tốt cho người nhạy cảm
307,Tràng Định,2022-11-10,115,67,15,4,5,1,115,Không tốt cho người nhạy cảm
308,Tràng Định,2022-11-11,81,76,13,8,5,1,81,Vừa Phải
309,Tràng Định,2022-11-12,73,73,14,4,15,6,73,Vừa Phải
310,Tràng Định,2022-11-13,83,71,15,4,5,2,83,Vừa Phải
311,Tràng Định,2022-11-14,99,64,15,4,5,1,99,Vừa Phải
312,Tràng Định,2022-11-15,66,53,12,4,5,1,66,Vừa Phải
313,Tràng Định,2022-11-16,59,12,10,7,0,1,59,Vừa Phải
314,Tràng Định,2022-11-17,20,1,9,4,0,7,20,Tốt
315,Tràng Định,2022-11-18,2,1,9,2,0,1,9,Tốt
316,Tràng Định,2022-11-19,1,1,9,3,0,0,9,Tốt
317,Tràng Định,2022-11-20,2,1,9,3,0,1,9,Tốt
318,Tràng Định,2022-11-21,1,4,9,8,0,1,9,Tốt
319,Tràng Định,2022-11-22,8,23,10,4,0,9,23,Tốt
320,Tràng Định,2022-11-23,25,21,9,2,0,1,25,Tốt
321,Tràng Định,2022-11-24,26,14,9,2,0,1,26,Tốt
322,Tràng Định,2022-11-25,18,9,9,3,0,1,18,Tốt
323,Tràng Định,2022-11-26,12,15,8,7,0,1,15,Tốt
324,Tràng Định,2022-11-27,24,0,9,4,0,8,24,Tốt
325,Tràng Định,2022-11-28,0,0,9,3,0,1,9,Tốt
326,Tràng Định,2022-11-29,0,0,9,3,0,1,9,Tốt
327,Tràng Định,2022-11-30,0,0,9,2,0,0,9,Tốt
328,Tràng Định,2022-12-01,0,0,8,0,0,0,8,Tốt
329,Tràng Định,2022-12-12,0,1,0,7,0,0,7,Tốt
330,Tràng Định,2022-12-13,1,3,11,8,0,2,11,Tốt
331,Tràng Định,2022-12-14,4,4,10,10,0,3,10,Tốt
332,Tràng Định,2022-12-15,4,1,11,9,0,3,11,Tốt
333,Tràng Định,2022-12-16,1,5,11,7,0,1,11,Tốt
334,Tràng Định,2022-12-17,9,1,11,5,0,2,11,Tốt
335,Tràng Định,2022-12-18,1,3,10,8,0,1,10,Tốt
336,Tràng Định,2022-12-19,4,1,11,9,0,3,11,Tốt
337,Tràng Định,2022-12-20,1,1,12,10,0,2,12,Tốt
338,Tràng Định,2022-12-21,1,1,11,9,0,4,11,Tốt
339,Tràng Định,2022-12-22,1,1,10,10,0,1,10,Tốt
340,Tràng Định,2022-12-23,1,1,10,8,0,1,10,Tốt
341,Tràng Định,2022-12-24,1,1,10,13,0,2,13,Tốt
342,Tràng Định,2022-12-25,2,1,10,10,0,3,10,Tốt
343,Tràng Định,2022-12-26,1,1,10,8,0,4,10,Tốt
344,Tràng Định,2022-12-27,1,1,9,6,0,2,9,Tốt
345,Tràng Định,2022-12-28,1,1,11,5,0,1,11,Tốt
346,Tràng Định,2022-12-29,1,1,10,5,0,1,10,Tốt
347,Tràng Định,2022-12-30,1,1,9,9,0,1,9,Tốt
348,Tràng Định,2022-12-31,2,1,10,7,0,5,10,Tốt
349,Tràng Định,2023-01-01,1,1,10,4,0,1,10,Tốt
350,Tràng Định,2023-01-02,1,6,10,3,0,2,10,Tốt
351,Tràng Định,2023-01-03,10,5,10,8,0,5,10,Tốt
352,Tràng Định,2023-01-04,8,1,9,8,0,6,9,Tốt
353,Tràng Định,2023-01-05,2,1,9,8,0,1,9,Tốt
354,Tràng Định,2023-01-06,1,1,10,8,0,2,10,Tốt
355,Tràng Định,2023-01-07,2,1,10,9,0,1,10,Tốt
356,Tràng Định,2023-01-08,1,1,10,12,0,1,12,Tốt
357,Tràng Định,2023-01-09,2,4,9,11,0,4,11,Tốt
358,Tràng Định,2023-01-10,5,1,9,6,0,1,9,Tốt
359,Tràng Định,2023-01-11,0,1,9,9,0,1,9,Tốt
360,Tràng Định,2023-01-12,1,1,10,8,0,2,10,Tốt
361,Tràng Định,2023-01-13,1,4,10,9,0,2,10,Tốt
362,Tràng Định,2023-01-14,4,3,11,6,0,4,11,Tốt
363,Tràng Định,2023-01-15,5,1,9,3,0,1,9,Tốt
364,Tràng Định,2023-01-16,1,1,9,3,0,1,9,Tốt
365,Tràng Định,2023-01-17,1,1,10,4,0,2,10,Tốt
366,Tràng Định,2023-01-18,1,1,10,5,0,1,10,Tốt
367,Tràng Định,2023-01-19,1,4,12,8,0,8,12,Tốt
368,Tràng Định,2023-01-20,7,2,13,5,0,2,13,Tốt
369,Tràng Định,2023-01-21,4,2,11,4,0,2,11,Tốt
370,Tràng Định,2023-01-22,3,1,9,2,0,1,9,Tốt
371,Tràng Định,2023-01-23,1,1,9,2,0,2,9,Tốt
372,Tràng Định,2023-01-24,1,1,10,5,0,1,10,Tốt
373,Tràng Định,2023-01-25,1,1,12,5,0,1,12,Tốt
374,Tràng Định,2023-01-26,1,1,9,2,0,1,9,Tốt
375,Tràng Định,2023-01-27,1,1,9,3,0,1,9,Tốt
376,Tràng Định,2023-01-28,1,3,12,7,0,3,12,Tốt
377,Tràng Định,2023-01-29,3,1,11,8,0,2,11,Tốt
378,Tràng Định,2023-01-30,2,1,11,9,0,1,11,Tốt
379,Tràng Định,2023-01-31,2,1,11,9,0,2,11,Tốt
380,Tràng Định,2023-02-01,2,1,9,8,0,1,9,Tốt
381,Tràng Định,2023-02-02,2,0,0,0,0,0,2,Tốt
382,Tràng Định,2023-02-09,0,0,8,5,0,1,8,Tốt
383,Tràng Định,2023-02-10,1,1,8,4,0,1,8,Tốt
384,Tràng Định,2023-02-11,1,0,9,3,0,1,9,Tốt
385,Tràng Định,2023-02-12,0,1,11,4,0,1,11,Tốt
386,Tràng Định,2023-02-13,2,1,9,3,0,2,9,Tốt
387,Tràng Định,2023-02-14,1,1,10,5,0,1,10,Tốt
388,Tràng Định,2023-02-15,1,1,10,8,0,1,10,Tốt
389,Tràng Định,2023-02-16,1,2,10,10,0,3,10,Tốt
390,Tràng Định,2023-02-17,3,2,10,10,0,5,10,Tốt
391,Tràng Định,2023-02-18,3,1,10,5,0,1,10,Tốt
392,Tràng Định,2023-02-19,1,1,10,6,0,1,10,Tốt
393,Tràng Định,2023-02-20,1,1,11,8,0,1,11,Tốt
394,Tràng Định,2023-02-21,1,1,11,6,0,1,11,Tốt
395,Tràng Định,2023-02-22,1,1,10,10,0,1,10,Tốt
396,Tràng Định,2023-02-23,1,1,9,5,0,1,9,Tốt
397,Tràng Định,2023-02-24,1,1,9,5,0,1,9,Tốt
398,Tràng Định,2023-02-25,1,1,10,6,0,1,10,Tốt
399,Tràng Định,2023-02-26,1,3,10,9,0,4,10,Tốt
400,Tràng Định,2023-02-27,3,4,10,12,0,6,12,Tốt
401,Tràng Định,2023-02-28,8,2,10,9,0,2,10,Tốt
402,Tràng Định,2023-03-01,3,1,10,10,0,1,10,Tốt
403,Tràng Định,2023-03-02,1,1,10,6,0,1,10,Tốt
404,Tràng Định,2023-03-03,1,3,10,8,0,4,10,Tốt
405,Tràng Định,2023-03-04,5,2,14,7,0,5,14,Tốt
406,Tràng Định,2023-03-05,3,1,10,2,0,1,10,Tốt
407,Tràng Định,2023-03-06,1,1,9,2,0,1,9,Tốt
408,Tràng Định,2023-03-07,1,1,9,2,0,1,9,Tốt
409,Tràng Định,2023-03-08,1,3,9,2,0,2,9,Tốt
410,Tràng Định,2023-03-09,3,4,10,3,0,7,10,Tốt
411,Tràng Định,2023-03-10,6,1,9,2,0,1,9,Tốt
412,Tràng Định,2023-03-11,1,1,10,3,0,1,10,Tốt
413,Tràng Định,2023-03-12,1,1,9,1,0,1,9,Tốt
414,Tràng Định,2023-03-13,1,1,10,3,0,3,10,Tốt
415,Tràng Định,2023-03-14,1,4,9,3,0,8,9,Tốt
416,Tràng Định,2023-03-15,4,1,8,2,0,1,8,Tốt
417,Tràng Định,2023-03-16,1,0,8,2,0,1,8,Tốt
418,Tràng Định,2023-03-17,1,1,9,2,0,1,9,Tốt
419,Tràng Định,2023-03-18,2,2,9,2,0,2,9,Tốt
420,Tràng Định,2023-03-19,3,6,9,3,0,7,9,Tốt
421,Tràng Định,2023-03-20,9,1,9,2,0,1,9,Tốt
422,Tràng Định,2023-03-21,1,1,12,2,0,1,12,Tốt
423,Tràng Định,2023-03-22,1,1,11,2,0,1,11,Tốt
424,Tràng Định,2023-03-23,1,5,11,2,0,1,11,Tốt
425,Tràng Định,2023-03-24,5,9,9,2,0,4,9,Tốt
426,Tràng Định,2023-03-25,13,0,8,1,0,1,13,Tốt
427,Tràng Định,2023-03-26,1,26,11,2,0,4,26,Tốt
428,Tràng Định,2023-03-27,37,22,8,3,0,0,37,Tốt
429,Tràng Định,2023-03-28,30,15,8,4,0,1,30,Tốt
430,Tràng Định,2023-03-29,21,26,8,5,0,3,26,Tốt
431,Tràng Định,2023-03-30,36,45,8,5,0,1,45,Tốt
432,Tràng Định,2023-03-31,68,31,8,5,0,1,68,Vừa Phải
433,Tràng Định,2023-04-01,50,33,8,6,0,2,50,Tốt
434,Tràng Định,2023-04-02,52,50,9,5,0,2,52,Vừa Phải
435,Tràng Định,2023-04-03,85,15,9,8,0,7,85,Vừa Phải
436,Tràng Định,2023-04-04,28,24,11,6,0,1,28,Tốt
437,Tràng Định,2023-04-05,42,65,10,5,0,1,65,Vừa Phải
438,Tràng Định,2023-04-06,114,34,9,5,0,1,114,Không tốt cho người nhạy cảm
439,Tràng Định,2023-04-07,42,49,9,5,0,1,49,Tốt
440,Tràng Định,2023-04-08,64,45,9,6,0,3,64,Vừa Phải
441,Tràng Định,2023-04-09,59,20,8,5,0,1,59,Vừa Phải
442,Tràng Định,2023-04-10,30,25,9,8,0,1,30,Tốt
443,Tràng Định,2023-04-11,39,39,9,6,0,1,39,Tốt
444,Tràng Định,2023-04-12,53,0,0,0,0,0,53,Vừa Phải
445,Tràng Định,2023-04-16,0,83,11,11,0,2,83,Vừa Phải
446,Tràng Định,2023-04-17,142,25,9,7,0,5,142,Không tốt cho người nhạy cảm
447,Tràng Định,2023-04-18,43,1,10,5,0,2,43,Tốt
448,Tràng Định,2023-04-19,1,1,9,5,0,1,9,Tốt
449,Tràng Định,2023-04-20,1,1,13,7,0,2,13,Tốt
450,Tràng Định,2023-04-21,1,1,13,5,0,1,13,Tốt
451,Tràng Định,2023-04-22,1,1,12,7,0,1,12,Tốt
452,Tràng Định,2023-04-23,1,0,9,6,0,1,9,Tốt
453,Tràng Định,2023-04-24,0,0,8,4,0,0,8,Tốt
454,Tràng Định,2023-04-25,0,0,8,7,0,1,8,Tốt
455,Tràng Định,2023-04-26,1,1,10,12,0,1,12,Tốt
456,Tràng Định,2023-04-27,2,10,9,10,0,4,10,Tốt
457,Tràng Định,2023-04-28,18,0,8,4,0,1,18,Tốt
458,Tràng Định,2023-04-29,0,1,8,5,0,1,8,Tốt
459,Tràng Định,2023-04-30,1,0,10,6,0,1,10,Tốt
460,Tràng Định,2023-05-01,1,2,9,10,0,1,10,Tốt
461,Tràng Định,2023-05-02,3,11,9,8,0,3,11,Tốt
462,Tràng Định,2023-05-03,15,1,9,6,0,1,15,Tốt
463,Tràng Định,2023-05-04,1,0,13,5,0,1,13,Tốt
464,Tràng Định,2023-05-05,1,1,14,7,0,1,14,Tốt
465,Tràng Định,2023-05-06,1,1,13,6,0,1,13,Tốt
466,Tràng Định,2023-05-07,1,2,9,3,0,1,9,Tốt
467,Tràng Định,2023-05-08,3,0,8,6,0,1,8,Tốt
468,Tràng Định,2023-05-09,0,1,9,9,0,1,9,Tốt
469,Tràng Định,2023-05-10,1,0,8,5,0,1,8,Tốt
470,Tràng Định,2023-05-11,1,1,9,2,0,1,9,Tốt
471,Tràng Định,2023-05-12,1,9,10,4,0,5,10,Tốt
472,Tràng Định,2023-05-13,15,0,8,5,0,1,15,Tốt
473,Tràng Định,2023-05-14,1,1,11,7,0,1,11,Tốt
474,Tràng Định,2023-05-15,1,2,12,8,0,1,12,Tốt
475,Tràng Định,2023-05-16,4,5,13,9,0,3,13,Tốt
476,Tràng Định,2023-05-17,8,1,14,9,0,1,14,Tốt
477,Tràng Định,2023-05-18,1,1,13,5,0,1,13,Tốt
478,Tràng Định,2023-05-19,1,1,13,5,0,0,13,Tốt
479,Tràng Định,2023-05-20,1,2,14,5,0,1,14,Tốt
480,Tràng Định,2023-05-21,3,2,15,7,0,3,15,Tốt
481,Tràng Định,2023-05-22,4,0,11,4,0,1,11,Tốt
482,Tràng Định,2023-05-23,1,0,11,3,0,0,11,Tốt
483,Tràng Định,2023-05-24,0,0,12,4,0,0,12,Tốt
484,Tràng Định,2023-05-25,0,1,11,5,0,1,11,Tốt
485,Tràng Định,2023-05-26,1,7,10,4,0,1,10,Tốt
486,Tràng Định,2023-05-27,14,0,11,5,0,1,14,Tốt
487,Tràng Định,2023-05-28,0,0,13,4,0,0,13,Tốt
488,Tràng Định,2023-05-29,0,0,13,5,0,0,13,Tốt
489,Tràng Định,2023-05-30,0,3,14,7,0,1,14,Tốt
490,Tràng Định,2023-05-31,6,9,15,6,0,2,15,Tốt
491,Tràng Định,2023-06-01,12,0,15,5,0,0,15,Tốt
492,Tràng Định,2023-06-02,0,0,14,4,0,0,14,Tốt
493,Tràng Định,2023-06-03,0,37,11,5,0,0,37,Tốt
494,Tràng Định,2023-06-04,44,30,11,4,0,2,44,Tốt
495,Tràng Định,2023-06-05,39,7,11,4,0,2,39,Tốt
496,Tràng Định,2023-06-06,10,0,13,3,0,1,13,Tốt
497,Tràng Định,2023-06-07,0,0,12,3,0,0,12,Tốt
498,Tràng Định,2023-06-08,0,0,13,3,0,1,13,Tốt
499,Tràng Định,2023-06-09,0,1,14,5,0,1,14,Tốt
500,Tràng Định,2023-06-10,2,3,14,4,0,2,14,Tốt
501,Tràng Định,2023-06-11,4,1,15,3,0,1,15,Tốt
502,Tràng Định,2023-06-12,1,0,11,3,0,0,11,Tốt
503,Tràng Định,2023-06-13,0,0,10,2,0,1,10,Tốt
504,Tràng Định,2023-06-14,0,1,13,2,0,1,13,Tốt
505,Tràng Định,2023-06-15,2,4,13,3,0,1,13,Tốt
506,Tràng Định,2023-06-16,7,0,12,3,0,0,12,Tốt
507,Tràng Định,2023-06-17,0,0,11,2,0,1,11,Tốt
508,Tràng Định,2023-06-18,0,16,23,20,0,0,23,Tốt
509,Tràng Định,2023-06-19,16,33,15,6,0,1,33,Tốt
510,Tràng Định,2023-06-20,37,28,12,3,0,1,37,Tốt
511,Tràng Định,2023-06-21,39,32,11,3,0,1,39,Tốt
512,Tràng Định,2023-06-22,42,15,9,2,0,0,42,Tốt
513,Tràng Định,2023-06-23,19,14,8,2,0,0,19,Tốt
514,Tràng Định,2023-06-24,17,12,8,2,0,1,17,Tốt
515,Tràng Định,2023-06-25,18,6,9,1,0,3,18,Tốt
516,Tràng Định,2023-06-26,10,1,9,1,0,1,10,Tốt
517,Tràng Định,2023-06-27,1,0,10,2,0,1,10,Tốt
518,Tràng Định,2023-06-28,0,1,11,1,0,1,11,Tốt
519,Tràng Định,2023-06-29,1,1,13,4,0,2,13,Tốt
520,Tràng Định,2023-06-30,2,6,12,5,0,12,12,Tốt
521,Tràng Định,2023-07-01,11,1,12,4,0,0,12,Tốt
522,Tràng Định,2023-07-02,1,0,11,3,0,0,11,Tốt
523,Tràng Định,2023-07-03,0,1,11,3,0,0,11,Tốt
524,Tràng Định,2023-07-04,2,2,11,4,0,1,11,Tốt
525,Tràng Định,2023-07-05,4,9,12,2,0,11,12,Tốt
526,Tràng Định,2023-07-06,16,0,12,2,0,0,16,Tốt
527,Tràng Định,2023-07-07,1,0,11,2,0,0,11,Tốt
528,Tràng Định,2023-07-08,0,0,10,2,0,0,10,Tốt
529,Tràng Định,2023-07-09,0,2,12,2,0,1,12,Tốt
530,Tràng Định,2023-07-10,4,9,12,2,0,9,12,Tốt
531,Tràng Định,2023-07-11,15,0,12,2,0,0,15,Tốt
532,Tràng Định,2023-07-12,1,0,12,2,0,0,12,Tốt
533,Tràng Định,2023-07-13,1,1,12,3,0,0,12,Tốt
534,Tràng Định,2023-07-14,1,1,11,4,0,1,11,Tốt
535,Tràng Định,2023-07-15,1,5,11,7,0,2,11,Tốt
536,Tràng Định,2023-07-16,8,2,23,10,0,2,23,Tốt
537,Tràng Định,2023-07-17,3,1,15,4,0,1,15,Tốt
538,Tràng Định,2023-07-18,3,0,13,2,0,1,13,Tốt
539,Tràng Định,2023-07-19,0,1,13,2,0,2,13,Tốt
540,Tràng Định,2023-07-20,1,7,25,3,0,9,25,Tốt
541,Tràng Định,2023-07-21,9,1,15,3,0,1,15,Tốt
542,Tràng Định,2023-07-22,1,26,16,2,0,2,26,Tốt
543,Tràng Định,2023-07-23,39,1,16,4,0,1,39,Tốt
544,Tràng Định,2023-07-24,1,2,18,5,0,2,18,Tốt
545,Tràng Định,2023-07-25,4,4,17,8,0,9,17,Tốt
546,Tràng Định,2023-07-26,4,1,18,4,0,1,18,Tốt
547,Tràng Định,2023-07-27,1,1,19,4,0,1,19,Tốt
548,Tràng Định,2023-07-28,1,1,19,2,0,1,19,Tốt
549,Tràng Định,2023-07-29,1,3,17,2,0,3,17,Tốt
550,Tràng Định,2023-07-30,2,8,17,3,0,9,17,Tốt
551,Tràng Định,2023-07-31,13,1,13,3,0,1,13,Tốt
552,Tràng Định,2023-08-01,1,0,13,1,0,0,13,Tốt
553,Tràng Định,2023-08-02,1,0,13,2,0,0,13,Tốt
554,Tràng Định,2023-08-03,0,1,15,2,0,2,15,Tốt
555,Tràng Định,2023-08-04,3,2,14,2,0,8,14,Tốt
556,Tràng Định,2023-08-05,4,0,15,3,0,1,15,Tốt
557,Tràng Định,2023-08-06,0,1,15,3,0,1,15,Tốt
558,Tràng Định,2023-08-07,2,0,15,3,0,1,15,Tốt
559,Tràng Định,2023-08-08,0,1,17,3,0,2,17,Tốt
560,Tràng Định,2023-08-09,2,15,48,3,0,11,48,Tốt
561,Tràng Định,2023-08-10,23,20,17,3,0,1,23,Tốt
562,Tràng Định,2023-08-11,24,23,17,3,0,0,24,Tốt
563,Tràng Định,2023-08-12,27,29,16,2,0,4,29,Tốt
564,Tràng Định,2023-08-13,35,35,19,3,0,17,35,Tốt
565,Tràng Định,2023-08-14,52,17,15,3,0,1,52,Vừa Phải
566,Tràng Định,2023-08-15,18,27,17,2,0,1,27,Tốt
567,Tràng Định,2023-08-16,33,39,16,3,0,1,39,Tốt
568,Tràng Định,2023-08-17,52,52,20,4,0,3,52,Vừa Phải
569,Tràng Định,2023-08-18,82,28,17,3,0,7,82,Vừa Phải
570,Tràng Định,2023-08-19,48,30,17,2,0,0,48,Tốt
571,Tràng Định,2023-08-20,36,25,17,2,0,1,36,Tốt
572,Tràng Định,2023-08-21,28,32,17,3,0,0,32,Tốt
573,Tràng Định,2023-08-22,43,38,16,3,0,3,43,Tốt
574,Tràng Định,2023-08-23,51,19,98,2,0,3,98,Vừa Phải
575,Tràng Định,2023-08-24,24,29,23,0,0,1,29,Tốt
576,Tràng Định,2023-08-25,34,28,21,0,0,0,34,Tốt
577,Tràng Định,2023-08-26,38,37,18,0,0,1,38,Tốt
578,Tràng Định,2023-08-27,42,30,26,0,0,1,42,Tốt
579,Tràng Định,2023-08-28,32,27,24,0,0,2,32,Tốt
580,Tràng Định,2023-08-29,25,34,23,0,0,1,34,Tốt
581,Tràng Định,2023-08-30,43,42,23,0,0,1,43,Tốt
582,Tràng Định,2023-08-31,57,49,23,0,0,1,57,Vừa Phải
583,Tràng Định,2023-09-01,70,46,20,0,0,2,70,Vừa Phải
584,Tràng Định,2023-09-02,62,20,20,0,0,11,62,Vừa Phải
585,Tràng Định,2023-09-03,24,1,18,0,0,0,24,Tốt
586,Tràng Định,2023-09-04,1,1,20,0,0,1,20,Tốt
587,Tràng Định,2023-09-05,1,1,20,0,0,1,20,Tốt
588,Tràng Định,2023-09-06,1,4,24,0,0,4,24,Tốt
589,Tràng Định,2023-09-07,7,4,16,0,0,7,16,Tốt
590,Tràng Định,2023-09-08,5,0,18,0,0,1,18,Tốt
591,Tràng Định,2023-09-09,0,0,19,0,0,0,19,Tốt
592,Tràng Định,2023-09-10,0,1,19,0,0,1,19,Tốt
593,Tràng Định,2023-09-11,1,2,18,0,0,2,18,Tốt
594,Tràng Định,2023-09-12,3,4,18,0,0,6,18,Tốt
595,Tràng Định,2023-09-13,7,0,18,0,0,0,18,Tốt
596,Tràng Định,2023-09-14,0,0,19,0,0,0,19,Tốt
597,Tràng Định,2023-09-15,0,0,20,0,0,1,20,Tốt
598,Tràng Định,2023-09-16,0,1,20,0,0,3,20,Tốt
599,Tràng Định,2023-09-17,2,5,19,0,0,7,19,Tốt
600,Tràng Định,2023-09-18,8,1,19,0,0,1,19,Tốt
601,Tràng Định,2023-09-19,1,0,11,0,0,0,11,Tốt
602,Tràng Định,2023-09-21,0,36,13,0,0,2,36,Tốt
603,Tràng Định,2023-09-22,50,36,12,0,0,8,50,Tốt
604,Tràng Định,2023-09-23,51,32,12,0,0,1,51,Vừa Phải
605,Tràng Định,2023-09-24,45,29,12,0,0,0,45,Tốt
606,Tràng Định,2023-09-25,36,19,11,0,0,0,36,Tốt
607,Tràng Định,2023-09-26,23,13,13,0,0,2,23,Tốt
608,Tràng Định,2023-09-27,16,17,13,0,0,3,17,Tốt
609,Tràng Định,2023-09-28,22,21,11,0,0,1,22,Tốt
610,Tràng Định,2023-09-29,25,22,13,0,0,1,25,Tốt
611,Tràng Định,2023-09-30,28,34,9,0,0,0,34,Tốt
612,Tràng Định,2023-10-01,45,37,11,0,0,1,45,Tốt
613,Tràng Định,2023-10-02,54,42,12,0,0,5,54,Vừa Phải
614,Tràng Định,2023-10-03,67,45,10,0,0,1,67,Vừa Phải
615,Tràng Định,2023-10-04,72,41,12,0,0,0,72,Vừa Phải
616,Tràng Định,2023-10-05,59,46,12,0,0,1,59,Vừa Phải
617,Tràng Định,2023-10-06,71,37,11,0,0,2,71,Vừa Phải
618,Tràng Định,2023-10-07,53,25,9,0,0,8,53,Vừa Phải
619,Tràng Định,2023-10-08,30,23,11,0,0,1,30,Tốt
620,Tràng Định,2023-10-09,27,20,9,0,0,0,27,Tốt
621,Tràng Định,2023-10-10,21,20,11,0,0,0,21,Tốt
622,Tràng Định,2023-10-11,24,22,11,0,0,2,24,Tốt
623,Tràng Định,2023-10-12,31,33,11,0,0,4,33,Tốt
624,Tràng Định,2023-10-13,48,33,11,0,0,0,48,Tốt
625,Tràng Định,2023-10-14,47,31,11,0,0,1,47,Tốt
626,Tràng Định,2023-10-15,39,42,12,0,0,1,42,Tốt
627,Tràng Định,2023-10-16,59,50,12,0,0,3,59,Vừa Phải
628,Tràng Định,2023-10-17,75,59,12,0,0,4,75,Vừa Phải
629,Tràng Định,2023-10-18,101,28,12,0,0,0,101,Không tốt cho người nhạy cảm
630,Tràng Định,2023-10-19,40,11,9,0,0,0,40,Tốt
631,Tràng Định,2023-10-20,13,0,0,0,0,0,13,Tốt
