,địa điểm trạm đo,date,pm25,pm10,o3,no2,so2,co,aqi,mức độ ô nhiễm
0,Tràng Bàng,2021-12-27,0,87,2,1,32,6,87,Vừa Phải
1,Tràng Bàng,2021-12-28,38,60,2,1,33,7,60,Vừa Phải
2,Tràng Bàng,2021-12-29,34,54,2,0,34,4,54,Vừa Phải
3,Tràng Bàng,2021-12-30,26,68,3,2,35,2,68,Vừa Phải
4,Tràng Bàng,2021-12-31,40,65,4,1,35,3,65,Vừa Phải
5,Tràng Bàng,2022-01-01,38,59,3,2,35,7,59,Vừa Phải
6,Tràng Bàng,2022-01-02,33,77,4,3,37,5,77,Vừa Phải
7,Tràng Bàng,2022-01-03,55,68,3,2,39,5,68,Vừa Phải
8,Tràng Bàng,2022-01-04,35,105,5,4,40,7,105,Không tốt cho người nhạy cảm
9,Tràng Bàng,2022-01-05,72,88,3,2,40,4,88,Vừa Phải
10,Tràng Bàng,2022-01-06,46,95,11,4,40,3,95,Vừa Phải
11,Tràng Bàng,2022-01-07,59,85,26,5,41,0,85,Vừa Phải
12,Tràng Bàng,2022-01-08,48,91,26,5,46,0,91,Vừa Phải
13,Tràng Bàng,2022-01-09,53,91,28,5,45,0,91,Vừa Phải
14,Tràng Bàng,2022-01-10,53,114,28,7,50,0,114,Không tốt cho người nhạy cảm
15,Tràng Bàng,2022-01-11,67,239,496,89,182,0,496,Nguy hiểm
16,Tràng Bàng,2022-01-12,211,308,84,186,182,0,308,Nguy hiểm
17,Tràng Bàng,2022-01-13,271,107,34,2,52,0,271,Rất không tốt
18,Tràng Bàng,2022-01-14,71,113,39,2,52,0,113,Không tốt cho người nhạy cảm
19,Tràng Bàng,2022-01-15,74,107,35,2,52,0,107,Không tốt cho người nhạy cảm
20,Tràng Bàng,2022-01-16,69,108,32,1,53,0,108,Không tốt cho người nhạy cảm
21,Tràng Bàng,2022-01-17,65,102,28,2,54,0,102,Không tốt cho người nhạy cảm
22,Tràng Bàng,2022-01-18,63,93,33,0,54,0,93,Vừa Phải
23,Tràng Bàng,2022-01-19,62,123,27,2,56,0,123,Không tốt cho người nhạy cảm
24,Tràng Bàng,2022-01-20,64,121,40,2,57,0,121,Không tốt cho người nhạy cảm
25,Tràng Bàng,2022-01-21,71,125,73,3,57,0,125,Không tốt cho người nhạy cảm
26,Tràng Bàng,2022-01-22,74,90,33,1,57,0,90,Vừa Phải
27,Tràng Bàng,2022-01-23,47,98,28,2,57,0,98,Vừa Phải
28,Tràng Bàng,2022-01-24,50,95,31,2,59,0,95,Vừa Phải
29,Tràng Bàng,2022-01-25,48,99,31,2,61,0,99,Vừa Phải
30,Tràng Bàng,2022-01-26,59,110,31,2,61,0,110,Không tốt cho người nhạy cảm
31,Tràng Bàng,2022-01-27,67,111,26,2,62,0,111,Không tốt cho người nhạy cảm
32,Tràng Bàng,2022-01-28,63,127,24,1,63,0,127,Không tốt cho người nhạy cảm
33,Tràng Bàng,2022-01-29,86,99,27,1,63,0,99,Vừa Phải
34,Tràng Bàng,2022-01-30,59,85,33,0,64,0,85,Vừa Phải
35,Tràng Bàng,2022-01-31,50,87,28,0,65,0,87,Vừa Phải
36,Tràng Bàng,2022-02-01,60,66,21,0,66,0,66,Vừa Phải
37,Tràng Bàng,2022-02-02,30,67,26,0,67,0,67,Vừa Phải
38,Tràng Bàng,2022-02-03,32,42,18,0,67,0,67,Vừa Phải
39,Tràng Bàng,2022-02-04,18,47,20,1,68,0,68,Vừa Phải
40,Tràng Bàng,2022-02-05,23,64,24,2,70,0,70,Vừa Phải
41,Tràng Bàng,2022-02-06,40,74,26,2,72,0,74,Vừa Phải
42,Tràng Bàng,2022-02-07,44,72,27,1,71,0,72,Vừa Phải
43,Tràng Bàng,2022-02-08,40,39,27,2,72,0,72,Vừa Phải
44,Tràng Bàng,2022-02-09,20,80,25,1,74,0,80,Vừa Phải
45,Tràng Bàng,2022-02-10,45,81,27,1,74,0,81,Vừa Phải
46,Tràng Bàng,2022-02-11,48,87,30,2,74,0,87,Vừa Phải
47,Tràng Bàng,2022-02-12,52,94,28,1,75,0,94,Vừa Phải
48,Tràng Bàng,2022-02-13,66,87,29,4,75,0,87,Vừa Phải
49,Tràng Bàng,2022-02-14,52,71,28,0,74,0,74,Vừa Phải
50,Tràng Bàng,2022-02-15,35,77,27,1,75,0,77,Vừa Phải
51,Tràng Bàng,2022-02-16,43,83,22,7,45,0,83,Vừa Phải
52,Tràng Bàng,2022-02-17,48,92,33,12,24,0,92,Vừa Phải
53,Tràng Bàng,2022-02-18,52,78,26,10,24,0,78,Vừa Phải
54,Tràng Bàng,2022-02-19,36,78,29,10,24,0,78,Vừa Phải
55,Tràng Bàng,2022-02-20,44,84,44,10,24,0,84,Vừa Phải
56,Tràng Bàng,2022-02-21,39,80,20,9,25,0,80,Vừa Phải
57,Tràng Bàng,2022-02-22,38,61,23,10,25,0,61,Vừa Phải
58,Tràng Bàng,2022-02-23,26,53,25,5,25,0,53,Vừa Phải
59,Tràng Bàng,2022-02-24,27,56,26,4,25,0,56,Vừa Phải
60,Tràng Bàng,2022-02-25,25,64,29,8,25,0,64,Vừa Phải
61,Tràng Bàng,2022-02-26,28,67,33,10,25,0,67,Vừa Phải
62,Tràng Bàng,2022-02-27,30,78,31,7,26,0,78,Vừa Phải
63,Tràng Bàng,2022-02-28,37,100,33,9,26,0,100,Vừa Phải
64,Tràng Bàng,2022-03-01,51,107,35,12,26,0,107,Không tốt cho người nhạy cảm
65,Tràng Bàng,2022-03-02,66,87,22,12,27,0,87,Vừa Phải
66,Tràng Bàng,2022-03-03,51,99,35,10,27,0,99,Vừa Phải
67,Tràng Bàng,2022-03-04,53,94,43,11,28,0,94,Vừa Phải
68,Tràng Bàng,2022-03-05,49,86,33,10,28,0,86,Vừa Phải
69,Tràng Bàng,2022-03-06,43,92,28,9,29,0,92,Vừa Phải
70,Tràng Bàng,2022-03-07,47,95,37,14,29,0,95,Vừa Phải
71,Tràng Bàng,2022-03-08,51,115,30,9,29,0,115,Không tốt cho người nhạy cảm
72,Tràng Bàng,2022-03-09,62,127,33,12,29,0,127,Không tốt cho người nhạy cảm
73,Tràng Bàng,2022-03-10,64,134,37,11,29,0,134,Không tốt cho người nhạy cảm
74,Tràng Bàng,2022-03-11,66,128,30,15,30,0,128,Không tốt cho người nhạy cảm
75,Tràng Bàng,2022-03-12,76,125,43,24,30,0,125,Không tốt cho người nhạy cảm
76,Tràng Bàng,2022-03-13,98,86,33,10,30,0,98,Vừa Phải
77,Tràng Bàng,2022-03-14,42,81,36,9,30,0,81,Vừa Phải
78,Tràng Bàng,2022-03-15,39,53,21,12,30,0,53,Vừa Phải
79,Tràng Bàng,2022-03-16,22,2,31,17,30,0,31,Tốt
80,Tràng Bàng,2022-03-17,1,2,25,10,29,0,29,Tốt
81,Tràng Bàng,2022-03-18,1,2,53,11,29,0,53,Vừa Phải
82,Tràng Bàng,2022-03-19,1,2,24,12,29,0,29,Tốt
83,Tràng Bàng,2022-03-20,1,2,21,10,29,0,29,Tốt
84,Tràng Bàng,2022-03-21,1,2,21,18,29,0,29,Tốt
85,Tràng Bàng,2022-03-22,1,2,32,22,29,0,32,Tốt
86,Tràng Bàng,2022-03-23,1,30,19,10,29,0,30,Tốt
87,Tràng Bàng,2022-03-24,10,68,18,15,29,0,68,Vừa Phải
88,Tràng Bàng,2022-03-25,34,66,35,11,29,0,66,Vừa Phải
89,Tràng Bàng,2022-03-26,30,56,24,7,29,0,56,Vừa Phải
90,Tràng Bàng,2022-03-27,23,62,62,9,29,0,62,Vừa Phải
91,Tràng Bàng,2022-03-28,34,55,26,10,29,0,55,Vừa Phải
92,Tràng Bàng,2022-03-29,22,48,20,9,29,0,48,Tốt
93,Tràng Bàng,2022-03-30,20,55,24,8,29,0,55,Vừa Phải
94,Tràng Bàng,2022-03-31,22,52,31,12,29,0,52,Vừa Phải
95,Tràng Bàng,2022-04-01,22,56,28,13,30,0,56,Vừa Phải
96,Tràng Bàng,2022-04-02,24,32,22,2,30,0,32,Tốt
97,Tràng Bàng,2022-04-03,11,38,31,7,30,2,38,Tốt
98,Tràng Bàng,2022-04-04,18,45,24,9,30,5,45,Tốt
99,Tràng Bàng,2022-04-05,19,48,26,10,31,11,48,Tốt
100,Tràng Bàng,2022-04-06,22,63,24,16,31,12,63,Vừa Phải
101,Tràng Bàng,2022-04-07,36,71,37,15,31,12,71,Vừa Phải
102,Tràng Bàng,2022-04-08,41,88,37,16,32,13,88,Vừa Phải
103,Tràng Bàng,2022-04-09,51,93,39,16,34,14,93,Vừa Phải
104,Tràng Bàng,2022-04-10,47,85,28,17,35,14,85,Vừa Phải
105,Tràng Bàng,2022-04-11,44,74,29,23,37,15,74,Vừa Phải
106,Tràng Bàng,2022-04-12,41,78,29,16,37,15,78,Vừa Phải
107,Tràng Bàng,2022-04-13,45,63,33,14,44,15,63,Vừa Phải
108,Tràng Bàng,2022-04-14,33,62,32,19,36,16,62,Vừa Phải
109,Tràng Bàng,2022-04-15,39,61,19,25,27,16,61,Vừa Phải
110,Tràng Bàng,2022-04-16,35,64,31,24,28,16,64,Vừa Phải
111,Tràng Bàng,2022-04-17,34,73,29,16,29,15,73,Vừa Phải
112,Tràng Bàng,2022-04-18,39,80,30,6,30,16,80,Vừa Phải
113,Tràng Bàng,2022-04-19,40,81,35,5,30,17,81,Vừa Phải
114,Tràng Bàng,2022-04-20,51,70,44,8,31,19,70,Vừa Phải
115,Tràng Bàng,2022-04-21,38,72,42,7,32,25,72,Vừa Phải
116,Tràng Bàng,2022-04-22,38,68,37,10,33,28,68,Vừa Phải
117,Tràng Bàng,2022-04-23,39,56,33,8,34,31,56,Vừa Phải
118,Tràng Bàng,2022-04-24,25,56,30,7,35,34,56,Vừa Phải
119,Tràng Bàng,2022-04-25,26,51,24,5,35,35,51,Vừa Phải
120,Tràng Bàng,2022-04-26,21,65,30,10,36,37,65,Vừa Phải
121,Tràng Bàng,2022-04-27,44,49,33,5,36,38,49,Tốt
122,Tràng Bàng,2022-04-28,18,36,12,6,38,39,39,Tốt
123,Tràng Bàng,2022-04-29,14,30,27,4,47,38,47,Tốt
124,Tràng Bàng,2022-04-30,14,26,15,4,50,37,50,Tốt
125,Tràng Bàng,2022-05-01,9,38,19,5,47,39,47,Tốt
126,Tràng Bàng,2022-05-02,14,38,27,5,46,38,46,Tốt
127,Tràng Bàng,2022-05-03,16,35,18,4,46,39,46,Tốt
128,Tràng Bàng,2022-05-04,9,15,29,3,45,38,45,Tốt
129,Tràng Bàng,2022-05-05,5,38,34,5,47,40,47,Tốt
130,Tràng Bàng,2022-05-06,14,52,28,6,46,37,52,Vừa Phải
131,Tràng Bàng,2022-05-07,22,52,17,7,45,36,52,Vừa Phải
132,Tràng Bàng,2022-05-08,29,60,29,6,45,37,60,Vừa Phải
133,Tràng Bàng,2022-05-09,29,80,35,10,45,38,80,Vừa Phải
134,Tràng Bàng,2022-05-10,42,86,32,15,45,42,86,Vừa Phải
135,Tràng Bàng,2022-05-11,50,57,14,5,44,38,57,Vừa Phải
136,Tràng Bàng,2022-05-12,25,50,16,5,45,36,50,Tốt
137,Tràng Bàng,2022-05-13,20,41,17,6,45,37,45,Tốt
138,Tràng Bàng,2022-05-14,18,87,18,4,45,39,87,Vừa Phải
139,Tràng Bàng,2022-05-15,49,84,16,5,31,27,84,Vừa Phải
140,Tràng Bàng,2022-05-16,52,62,22,6,7,14,62,Vừa Phải
141,Tràng Bàng,2022-05-17,33,78,17,12,6,18,78,Vừa Phải
142,Tràng Bàng,2022-05-18,52,62,13,10,7,18,62,Vừa Phải
143,Tràng Bàng,2022-05-19,36,69,19,8,6,19,69,Vừa Phải
144,Tràng Bàng,2022-05-20,39,33,12,8,5,18,39,Tốt
145,Tràng Bàng,2022-05-21,11,46,13,4,6,18,46,Tốt
146,Tràng Bàng,2022-05-22,16,56,17,6,8,18,56,Vừa Phải
147,Tràng Bàng,2022-05-23,32,24,12,5,9,18,32,Tốt
148,Tràng Bàng,2022-05-24,12,55,18,5,9,18,55,Vừa Phải
149,Tràng Bàng,2022-05-25,32,57,13,6,9,20,57,Vừa Phải
150,Tràng Bàng,2022-05-26,24,8,15,6,11,24,24,Tốt
151,Tràng Bàng,2022-05-27,3,14,13,10,11,28,28,Tốt
152,Tràng Bàng,2022-05-28,4,56,13,6,13,30,56,Vừa Phải
153,Tràng Bàng,2022-05-29,25,82,16,4,13,35,82,Vừa Phải
154,Tràng Bàng,2022-05-30,39,94,52,21,14,27,94,Vừa Phải
155,Tràng Bàng,2022-05-31,52,85,0,0,1,0,85,Vừa Phải
156,Tràng Bàng,2022-06-01,44,73,66,9,1,12,73,Vừa Phải
157,Tràng Bàng,2022-06-02,36,68,16,10,1,13,68,Vừa Phải
158,Tràng Bàng,2022-06-03,47,61,13,6,1,11,61,Vừa Phải
159,Tràng Bàng,2022-06-04,23,73,16,7,1,12,73,Vừa Phải
160,Tràng Bàng,2022-06-05,51,64,14,5,1,11,64,Vừa Phải
161,Tràng Bàng,2022-06-06,32,71,18,7,1,11,71,Vừa Phải
162,Tràng Bàng,2022-06-07,44,80,21,7,1,11,80,Vừa Phải
163,Tràng Bàng,2022-06-08,52,74,19,7,1,10,74,Vừa Phải
164,Tràng Bàng,2022-06-09,42,57,20,7,1,11,57,Vừa Phải
165,Tràng Bàng,2022-06-10,30,75,25,9,1,12,75,Vừa Phải
166,Tràng Bàng,2022-06-11,48,57,22,7,1,10,57,Vừa Phải
167,Tràng Bàng,2022-06-12,29,75,22,9,1,12,75,Vừa Phải
168,Tràng Bàng,2022-06-13,57,71,15,5,1,11,71,Vừa Phải
169,Tràng Bàng,2022-06-14,31,62,13,7,1,11,62,Vừa Phải
170,Tràng Bàng,2022-06-15,31,68,49,8,1,154,154,Không tốt
171,Tràng Bàng,2022-06-16,42,64,20,6,1,376,376,Nguy hiểm
172,Tràng Bàng,2022-06-17,35,59,14,5,1,0,59,Vừa Phải
173,Tràng Bàng,2022-06-18,29,52,9,0,0,0,52,Vừa Phải
174,Tràng Bàng,2022-06-19,28,0,0,0,0,0,28,Tốt
175,Tràng Bàng,2022-06-20,0,10,13,3,0,0,13,Tốt
176,Tràng Bàng,2022-06-21,5,41,17,6,1,0,41,Tốt
177,Tràng Bàng,2022-06-22,20,75,23,9,1,0,75,Vừa Phải
178,Tràng Bàng,2022-06-23,49,53,20,4,1,0,53,Vừa Phải
179,Tràng Bàng,2022-06-24,26,75,22,8,1,0,75,Vừa Phải
180,Tràng Bàng,2022-06-25,54,50,16,3,1,0,54,Vừa Phải
181,Tràng Bàng,2022-06-26,25,63,16,4,1,0,63,Vừa Phải
182,Tràng Bàng,2022-06-27,31,58,15,4,1,0,58,Vừa Phải
183,Tràng Bàng,2022-06-28,24,21,14,2,0,0,24,Tốt
184,Tràng Bàng,2022-06-29,9,19,12,2,1,0,19,Tốt
185,Tràng Bàng,2022-06-30,10,65,11,3,1,0,65,Vừa Phải
186,Tràng Bàng,2022-07-01,31,59,10,4,0,0,59,Vừa Phải
187,Tràng Bàng,2022-07-02,23,71,10,5,1,0,71,Vừa Phải
188,Tràng Bàng,2022-07-03,38,60,10,3,1,0,60,Vừa Phải
189,Tràng Bàng,2022-07-04,22,72,11,4,1,0,72,Vừa Phải
190,Tràng Bàng,2022-07-05,38,73,13,2,1,0,73,Vừa Phải
191,Tràng Bàng,2022-07-06,40,73,13,3,0,0,73,Vừa Phải
192,Tràng Bàng,2022-07-07,31,65,13,4,0,0,65,Vừa Phải
193,Tràng Bàng,2022-07-08,30,62,12,1,0,0,62,Vừa Phải
194,Tràng Bàng,2022-07-09,27,44,11,1,0,0,44,Tốt
195,Tràng Bàng,2022-07-10,15,54,12,2,0,0,54,Vừa Phải
196,Tràng Bàng,2022-07-11,20,49,10,0,1,0,49,Tốt
197,Tràng Bàng,2022-07-12,16,57,13,3,1,0,57,Vừa Phải
198,Tràng Bàng,2022-07-13,23,70,14,3,1,0,70,Vừa Phải
199,Tràng Bàng,2022-07-14,30,75,9,3,1,0,75,Vừa Phải
200,Tràng Bàng,2022-07-15,33,66,11,2,1,0,66,Vừa Phải
201,Tràng Bàng,2022-07-16,27,62,11,2,1,0,62,Vừa Phải
202,Tràng Bàng,2022-07-17,24,65,14,4,1,0,65,Vừa Phải
203,Tràng Bàng,2022-07-18,29,65,12,4,1,0,65,Vừa Phải
204,Tràng Bàng,2022-07-19,26,50,8,6,1,0,50,Tốt
205,Tràng Bàng,2022-07-20,26,17,7,9,1,0,26,Tốt
206,Tràng Bàng,2022-07-21,11,36,19,6,1,0,36,Tốt
207,Tràng Bàng,2022-07-22,23,49,24,9,1,0,49,Tốt
208,Tràng Bàng,2022-07-23,35,1,41,9,1,0,41,Tốt
209,Tràng Bàng,2022-07-24,1,2,33,7,1,0,33,Tốt
210,Tràng Bàng,2022-07-25,1,3,16,7,1,0,16,Tốt
211,Tràng Bàng,2022-07-26,2,1,25,8,1,0,25,Tốt
212,Tràng Bàng,2022-07-27,1,1,11,4,1,0,11,Tốt
213,Tràng Bàng,2022-07-28,1,2,18,4,1,0,18,Tốt
214,Tràng Bàng,2022-07-29,1,1,16,4,1,0,16,Tốt
215,Tràng Bàng,2022-07-30,1,1,14,3,1,0,14,Tốt
216,Tràng Bàng,2022-07-31,1,1,7,7,1,0,7,Tốt
217,Tràng Bàng,2022-08-01,1,1,12,7,1,0,12,Tốt
218,Tràng Bàng,2022-08-02,1,1,14,4,1,0,14,Tốt
219,Tràng Bàng,2022-08-03,1,1,14,4,1,0,14,Tốt
220,Tràng Bàng,2022-08-04,1,1,13,6,1,0,13,Tốt
221,Tràng Bàng,2022-08-05,1,1,12,5,1,0,12,Tốt
222,Tràng Bàng,2022-08-06,1,2,12,3,1,0,12,Tốt
223,Tràng Bàng,2022-08-07,1,2,11,4,1,0,11,Tốt
224,Tràng Bàng,2022-08-08,1,1,10,3,1,0,10,Tốt
225,Tràng Bàng,2022-08-09,1,2,14,3,1,0,14,Tốt
226,Tràng Bàng,2022-08-10,1,1,10,4,1,0,10,Tốt
227,Tràng Bàng,2022-08-11,1,16,16,9,1,0,16,Tốt
228,Tràng Bàng,2022-08-12,10,46,7,7,1,0,46,Tốt
229,Tràng Bàng,2022-08-13,27,38,9,3,1,0,38,Tốt
230,Tràng Bàng,2022-08-14,19,41,4,4,1,0,41,Tốt
231,Tràng Bàng,2022-08-15,23,36,4,4,1,0,36,Tốt
232,Tràng Bàng,2022-08-16,14,29,4,3,1,0,29,Tốt
233,Tràng Bàng,2022-08-17,12,35,4,4,1,0,35,Tốt
234,Tràng Bàng,2022-08-18,14,36,4,3,1,0,36,Tốt
235,Tràng Bàng,2022-08-19,15,34,3,4,1,0,34,Tốt
236,Tràng Bàng,2022-08-20,14,36,0,2,1,0,36,Tốt
237,Tràng Bàng,2022-08-21,17,0,0,0,0,0,17,Tốt
238,Tràng Bàng,2022-09-03,0,20,6,3,1,0,20,Tốt
239,Tràng Bàng,2022-09-04,7,15,8,3,1,0,15,Tốt
240,Tràng Bàng,2022-09-05,6,24,6,2,1,0,24,Tốt
241,Tràng Bàng,2022-09-06,9,30,5,4,1,0,30,Tốt
242,Tràng Bàng,2022-09-07,14,22,7,2,1,0,22,Tốt
243,Tràng Bàng,2022-09-08,8,38,11,5,1,0,38,Tốt
244,Tràng Bàng,2022-09-09,21,36,24,6,1,0,36,Tốt
245,Tràng Bàng,2022-09-10,17,28,16,6,1,0,28,Tốt
246,Tràng Bàng,2022-09-11,15,29,15,7,1,0,29,Tốt
247,Tràng Bàng,2022-09-12,13,37,21,7,1,0,37,Tốt
248,Tràng Bàng,2022-09-13,19,28,7,3,1,0,28,Tốt
249,Tràng Bàng,2022-09-14,11,28,8,2,1,0,28,Tốt
250,Tràng Bàng,2022-09-15,10,41,7,3,1,0,41,Tốt
251,Tràng Bàng,2022-09-16,20,45,7,4,1,0,45,Tốt
252,Tràng Bàng,2022-09-17,23,0,0,0,0,0,23,Tốt
253,Tràng Bàng,2022-09-18,0,29,7,3,3,0,29,Tốt
254,Tràng Bàng,2022-09-19,13,25,9,4,1,0,25,Tốt
255,Tràng Bàng,2022-09-20,11,24,10,3,1,0,24,Tốt
256,Tràng Bàng,2022-09-21,9,22,8,4,1,0,22,Tốt
257,Tràng Bàng,2022-09-22,9,33,9,4,1,0,33,Tốt
258,Tràng Bàng,2022-09-23,14,44,8,7,1,0,44,Tốt
259,Tràng Bàng,2022-09-24,29,31,2,4,1,0,31,Tốt
260,Tràng Bàng,2022-09-25,13,19,1,4,1,0,19,Tốt
261,Tràng Bàng,2022-09-26,8,24,1,5,1,0,24,Tốt
262,Tràng Bàng,2022-09-27,10,19,1,1,1,0,19,Tốt
263,Tràng Bàng,2022-09-28,7,19,1,2,1,0,19,Tốt
264,Tràng Bàng,2022-09-29,8,31,1,3,1,0,31,Tốt
265,Tràng Bàng,2022-09-30,14,41,1,4,2,0,41,Tốt
266,Tràng Bàng,2022-10-01,25,34,1,7,1,0,34,Tốt
267,Tràng Bàng,2022-10-02,19,38,1,7,1,0,38,Tốt
268,Tràng Bàng,2022-10-03,18,40,0,7,1,0,40,Tốt
269,Tràng Bàng,2022-10-04,23,34,0,6,1,0,34,Tốt
270,Tràng Bàng,2022-10-05,18,28,0,6,1,0,28,Tốt
271,Tràng Bàng,2022-10-06,14,51,1,7,1,0,51,Vừa Phải
272,Tràng Bàng,2022-10-07,24,27,1,3,1,0,27,Tốt
273,Tràng Bàng,2022-10-08,15,0,0,0,0,0,15,Tốt
274,Tràng Bàng,2022-10-11,0,47,1,9,1,0,47,Tốt
275,Tràng Bàng,2022-10-12,38,40,1,7,2,0,40,Tốt
276,Tràng Bàng,2022-10-13,26,42,1,6,1,0,42,Tốt
277,Tràng Bàng,2022-10-14,27,35,1,7,1,0,35,Tốt
278,Tràng Bàng,2022-10-15,24,27,1,7,2,0,27,Tốt
279,Tràng Bàng,2022-10-16,17,35,1,6,1,0,35,Tốt
280,Tràng Bàng,2022-10-17,27,42,1,8,2,0,42,Tốt
281,Tràng Bàng,2022-10-18,31,33,1,11,2,0,33,Tốt
282,Tràng Bàng,2022-10-19,25,35,1,14,1,0,35,Tốt
283,Tràng Bàng,2022-10-20,21,43,1,9,1,0,43,Tốt
284,Tràng Bàng,2022-10-21,29,30,1,6,1,0,30,Tốt
285,Tràng Bàng,2022-10-22,20,22,1,6,1,0,22,Tốt
286,Tràng Bàng,2022-10-23,11,30,1,6,1,0,30,Tốt
287,Tràng Bàng,2022-10-24,19,24,1,5,1,0,24,Tốt
288,Tràng Bàng,2022-10-25,10,36,1,8,1,0,36,Tốt
289,Tràng Bàng,2022-10-26,20,26,1,4,1,0,26,Tốt
290,Tràng Bàng,2022-10-27,12,41,1,5,1,0,41,Tốt
291,Tràng Bàng,2022-10-28,18,52,1,5,1,0,52,Vừa Phải
292,Tràng Bàng,2022-10-29,31,32,1,3,1,0,32,Tốt
293,Tràng Bàng,2022-10-30,17,50,1,6,1,0,50,Tốt
294,Tràng Bàng,2022-10-31,33,52,1,7,1,0,52,Vừa Phải
295,Tràng Bàng,2022-11-01,37,59,1,8,1,0,59,Vừa Phải
296,Tràng Bàng,2022-11-02,40,67,1,14,1,0,67,Vừa Phải
297,Tràng Bàng,2022-11-03,46,38,1,8,1,0,46,Tốt
298,Tràng Bàng,2022-11-04,22,39,1,8,1,0,39,Tốt
299,Tràng Bàng,2022-11-05,20,31,1,5,1,0,31,Tốt
300,Tràng Bàng,2022-11-06,15,45,1,8,1,0,45,Tốt
301,Tràng Bàng,2022-11-07,23,55,1,9,1,0,55,Vừa Phải
302,Tràng Bàng,2022-11-08,36,62,1,10,1,0,62,Vừa Phải
303,Tràng Bàng,2022-11-09,42,48,1,9,1,0,48,Tốt
304,Tràng Bàng,2022-11-10,26,48,1,8,1,0,48,Tốt
305,Tràng Bàng,2022-11-11,25,47,1,7,1,0,47,Tốt
306,Tràng Bàng,2022-11-12,25,36,1,7,1,0,36,Tốt
307,Tràng Bàng,2022-11-13,19,72,1,8,1,0,72,Vừa Phải
308,Tràng Bàng,2022-11-14,39,52,1,9,1,0,52,Vừa Phải
309,Tràng Bàng,2022-11-15,31,49,1,8,1,0,49,Tốt
310,Tràng Bàng,2022-11-16,28,51,1,12,1,0,51,Vừa Phải
311,Tràng Bàng,2022-11-17,28,47,1,8,1,0,47,Tốt
312,Tràng Bàng,2022-11-18,27,30,1,5,1,0,30,Tốt
313,Tràng Bàng,2022-11-19,13,25,1,3,1,0,25,Tốt
314,Tràng Bàng,2022-11-20,10,37,1,7,1,0,37,Tốt
315,Tràng Bàng,2022-11-21,17,37,1,6,1,0,37,Tốt
316,Tràng Bàng,2022-11-22,16,38,1,11,1,0,38,Tốt
317,Tràng Bàng,2022-11-23,21,42,1,13,1,0,42,Tốt
318,Tràng Bàng,2022-11-24,20,50,1,11,1,0,50,Tốt
319,Tràng Bàng,2022-11-25,25,45,1,9,1,0,45,Tốt
320,Tràng Bàng,2022-11-26,19,43,1,8,1,0,43,Tốt
321,Tràng Bàng,2022-11-27,23,48,1,9,1,0,48,Tốt
322,Tràng Bàng,2022-11-28,20,57,1,11,1,0,57,Vừa Phải
323,Tràng Bàng,2022-11-29,32,59,1,9,1,0,59,Vừa Phải
324,Tràng Bàng,2022-11-30,36,56,1,8,1,0,56,Vừa Phải
325,Tràng Bàng,2022-12-01,37,58,1,7,1,0,58,Vừa Phải
326,Tràng Bàng,2022-12-02,31,34,1,6,1,0,34,Tốt
327,Tràng Bàng,2022-12-03,14,31,1,7,1,0,31,Tốt
328,Tràng Bàng,2022-12-04,14,55,1,9,1,0,55,Vừa Phải
329,Tràng Bàng,2022-12-05,31,31,1,6,1,0,31,Tốt
330,Tràng Bàng,2022-12-06,14,33,1,6,1,0,33,Tốt
331,Tràng Bàng,2022-12-07,14,47,1,9,1,0,47,Tốt
332,Tràng Bàng,2022-12-08,24,52,4,10,15,0,52,Vừa Phải
333,Tràng Bàng,2022-12-09,28,52,1,9,1,0,52,Vừa Phải
334,Tràng Bàng,2022-12-10,24,54,1,7,1,0,54,Vừa Phải
335,Tràng Bàng,2022-12-11,27,71,1,9,1,0,71,Vừa Phải
336,Tràng Bàng,2022-12-12,44,60,1,12,1,0,60,Vừa Phải
337,Tràng Bàng,2022-12-13,40,75,1,12,1,0,75,Vừa Phải
338,Tràng Bàng,2022-12-14,55,79,1,11,1,0,79,Vừa Phải
339,Tràng Bàng,2022-12-15,46,65,1,9,1,0,65,Vừa Phải
340,Tràng Bàng,2022-12-16,38,49,1,6,1,0,49,Tốt
341,Tràng Bàng,2022-12-17,25,26,1,2,1,0,26,Tốt
342,Tràng Bàng,2022-12-18,6,36,1,5,1,0,36,Tốt
343,Tràng Bàng,2022-12-19,16,44,1,8,1,0,44,Tốt
344,Tràng Bàng,2022-12-20,23,50,1,8,1,0,50,Tốt
345,Tràng Bàng,2022-12-21,24,55,1,8,1,0,55,Vừa Phải
346,Tràng Bàng,2022-12-22,26,52,1,8,1,0,52,Vừa Phải
347,Tràng Bàng,2022-12-23,28,56,1,7,1,0,56,Vừa Phải
348,Tràng Bàng,2022-12-24,26,71,0,8,1,0,71,Vừa Phải
349,Tràng Bàng,2022-12-25,48,69,0,8,1,0,69,Vừa Phải
350,Tràng Bàng,2022-12-26,44,82,0,14,1,0,82,Vừa Phải
351,Tràng Bàng,2022-12-27,56,89,0,12,1,0,89,Vừa Phải
352,Tràng Bàng,2022-12-28,67,80,1,10,1,0,80,Vừa Phải
353,Tràng Bàng,2022-12-29,53,0,0,0,0,0,53,Vừa Phải
354,Tràng Bàng,2023-01-02,0,39,1,3,1,0,39,Tốt
355,Tràng Bàng,2023-01-03,15,35,1,2,1,0,35,Tốt
356,Tràng Bàng,2023-01-04,11,33,1,2,1,0,33,Tốt
357,Tràng Bàng,2023-01-05,13,0,0,0,0,0,13,Tốt
358,Tràng Bàng,2023-01-29,0,58,12,6,1,0,58,Vừa Phải
359,Tràng Bàng,2023-01-30,27,70,243,7,1,0,243,Rất không tốt
360,Tràng Bàng,2023-01-31,43,66,310,7,2,0,310,Nguy hiểm
361,Tràng Bàng,2023-02-01,38,79,430,11,2,0,430,Nguy hiểm
362,Tràng Bàng,2023-02-02,64,0,0,0,0,0,64,Vừa Phải
363,Tràng Bàng,2023-02-09,0,52,0,6,1,0,52,Vừa Phải
364,Tràng Bàng,2023-02-10,22,59,0,7,1,0,59,Vừa Phải
365,Tràng Bàng,2023-02-11,33,52,0,5,2,0,52,Vừa Phải
366,Tràng Bàng,2023-02-12,24,52,0,4,1,0,52,Vừa Phải
367,Tràng Bàng,2023-02-13,24,54,0,6,2,0,54,Vừa Phải
368,Tràng Bàng,2023-02-14,29,59,0,6,2,0,59,Vừa Phải
369,Tràng Bàng,2023-02-15,33,54,0,7,2,0,54,Vừa Phải
370,Tràng Bàng,2023-02-16,28,60,0,7,1,0,60,Vừa Phải
371,Tràng Bàng,2023-02-17,37,54,0,7,1,0,54,Vừa Phải
372,Tràng Bàng,2023-02-18,31,58,0,6,2,0,58,Vừa Phải
373,Tràng Bàng,2023-02-19,34,46,0,4,1,0,46,Tốt
374,Tràng Bàng,2023-02-20,25,58,0,7,2,0,58,Vừa Phải
375,Tràng Bàng,2023-02-21,33,61,0,7,2,0,61,Vừa Phải
376,Tràng Bàng,2023-02-22,38,58,0,6,2,0,58,Vừa Phải
377,Tràng Bàng,2023-02-23,34,67,0,4,2,0,67,Vừa Phải
378,Tràng Bàng,2023-02-24,45,0,0,0,0,0,45,Tốt
379,Tràng Bàng,2023-02-25,0,61,0,5,2,0,61,Vừa Phải
380,Tràng Bàng,2023-02-26,27,50,0,5,2,0,50,Tốt
381,Tràng Bàng,2023-02-27,26,47,0,6,2,0,47,Tốt
382,Tràng Bàng,2023-02-28,25,115,0,16,2,0,115,Không tốt cho người nhạy cảm
383,Tràng Bàng,2023-03-01,55,84,0,6,1,0,84,Vừa Phải
384,Tràng Bàng,2023-03-02,55,75,0,7,1,0,75,Vừa Phải
385,Tràng Bàng,2023-03-03,40,73,0,9,2,0,73,Vừa Phải
386,Tràng Bàng,2023-03-04,48,73,0,8,2,0,73,Vừa Phải
387,Tràng Bàng,2023-03-05,46,79,0,9,2,0,79,Vừa Phải
388,Tràng Bàng,2023-03-06,60,78,0,7,2,0,78,Vừa Phải
389,Tràng Bàng,2023-03-07,53,75,0,7,2,0,75,Vừa Phải
390,Tràng Bàng,2023-03-08,44,79,0,7,3,0,79,Vừa Phải
391,Tràng Bàng,2023-03-09,47,82,0,8,2,0,82,Vừa Phải
392,Tràng Bàng,2023-03-10,51,87,0,8,1,0,87,Vừa Phải
393,Tràng Bàng,2023-03-11,54,73,0,6,1,0,73,Vừa Phải
394,Tràng Bàng,2023-03-12,43,68,0,6,2,0,68,Vừa Phải
395,Tràng Bàng,2023-03-13,35,78,0,10,2,0,78,Vừa Phải
396,Tràng Bàng,2023-03-14,49,77,0,6,3,0,77,Vừa Phải
397,Tràng Bàng,2023-03-15,46,72,0,5,3,0,72,Vừa Phải
398,Tràng Bàng,2023-03-16,36,67,0,6,3,0,67,Vừa Phải
399,Tràng Bàng,2023-03-17,36,62,0,6,3,0,62,Vừa Phải
400,Tràng Bàng,2023-03-18,27,56,0,4,3,0,56,Vừa Phải
401,Tràng Bàng,2023-03-19,26,56,0,3,3,0,56,Vừa Phải
402,Tràng Bàng,2023-03-20,22,55,0,5,4,0,55,Vừa Phải
403,Tràng Bàng,2023-03-21,27,56,0,4,3,0,56,Vừa Phải
404,Tràng Bàng,2023-03-22,28,55,0,5,4,0,55,Vừa Phải
405,Tràng Bàng,2023-03-23,27,49,0,4,3,0,49,Tốt
406,Tràng Bàng,2023-03-24,22,51,0,4,4,0,51,Vừa Phải
407,Tràng Bàng,2023-03-25,20,49,0,4,3,0,49,Tốt
408,Tràng Bàng,2023-03-26,24,42,0,3,4,0,42,Tốt
409,Tràng Bàng,2023-03-27,15,50,0,3,4,0,50,Tốt
410,Tràng Bàng,2023-03-28,19,64,0,6,4,0,64,Vừa Phải
411,Tràng Bàng,2023-03-29,37,65,0,4,4,0,65,Vừa Phải
412,Tràng Bàng,2023-03-30,25,54,0,5,4,0,54,Vừa Phải
413,Tràng Bàng,2023-03-31,24,55,0,5,4,0,55,Vừa Phải
414,Tràng Bàng,2023-04-01,27,51,0,4,4,0,51,Vừa Phải
415,Tràng Bàng,2023-04-02,26,49,0,5,4,0,49,Tốt
416,Tràng Bàng,2023-04-03,24,54,0,7,4,0,54,Vừa Phải
417,Tràng Bàng,2023-04-04,33,33,0,2,4,0,33,Tốt
418,Tràng Bàng,2023-04-05,12,0,0,0,0,0,12,Tốt
419,Tràng Bàng,2023-04-08,0,55,0,3,4,0,55,Vừa Phải
420,Tràng Bàng,2023-04-09,27,65,0,4,4,0,65,Vừa Phải
421,Tràng Bàng,2023-04-10,37,71,0,5,4,0,71,Vừa Phải
422,Tràng Bàng,2023-04-11,43,65,0,4,4,0,65,Vừa Phải
423,Tràng Bàng,2023-04-12,41,75,0,6,4,0,75,Vừa Phải
424,Tràng Bàng,2023-04-13,49,64,0,4,4,0,64,Vừa Phải
425,Tràng Bàng,2023-04-14,46,62,0,4,4,0,62,Vừa Phải
426,Tràng Bàng,2023-04-15,35,3,0,5,4,0,35,Tốt
427,Tràng Bàng,2023-04-16,1,4,0,5,4,0,5,Tốt
428,Tràng Bàng,2023-04-17,1,3,0,5,4,0,5,Tốt
429,Tràng Bàng,2023-04-18,1,3,0,4,4,0,4,Tốt
430,Tràng Bàng,2023-04-19,1,2,0,3,4,0,4,Tốt
431,Tràng Bàng,2023-04-20,1,3,0,4,4,0,4,Tốt
432,Tràng Bàng,2023-04-21,1,3,0,3,4,0,4,Tốt
433,Tràng Bàng,2023-04-22,1,3,0,3,4,0,4,Tốt
434,Tràng Bàng,2023-04-23,1,3,0,4,4,0,4,Tốt
435,Tràng Bàng,2023-04-24,1,3,0,5,4,0,5,Tốt
436,Tràng Bàng,2023-04-25,1,2,0,4,4,0,4,Tốt
437,Tràng Bàng,2023-04-26,1,3,0,6,4,0,6,Tốt
438,Tràng Bàng,2023-04-27,1,3,0,6,4,0,6,Tốt
439,Tràng Bàng,2023-04-28,1,3,0,3,4,0,4,Tốt
440,Tràng Bàng,2023-04-29,1,3,0,2,5,0,5,Tốt
441,Tràng Bàng,2023-04-30,1,3,0,3,4,0,4,Tốt
442,Tràng Bàng,2023-05-01,1,3,0,3,4,0,4,Tốt
443,Tràng Bàng,2023-05-02,1,3,0,3,4,0,4,Tốt
444,Tràng Bàng,2023-05-03,1,3,0,4,4,0,4,Tốt
445,Tràng Bàng,2023-05-04,1,3,0,3,4,0,4,Tốt
446,Tràng Bàng,2023-05-05,1,2,0,3,4,0,4,Tốt
447,Tràng Bàng,2023-05-06,1,2,0,2,4,0,4,Tốt
448,Tràng Bàng,2023-05-07,1,3,0,3,4,0,4,Tốt
449,Tràng Bàng,2023-05-08,1,3,0,5,4,0,5,Tốt
450,Tràng Bàng,2023-05-09,1,3,0,6,4,0,6,Tốt
451,Tràng Bàng,2023-05-10,1,3,0,6,3,0,6,Tốt
452,Tràng Bàng,2023-05-11,1,3,0,5,4,0,5,Tốt
453,Tràng Bàng,2023-05-12,1,3,0,5,9,0,9,Tốt
454,Tràng Bàng,2023-05-13,1,3,0,2,8,0,8,Tốt
455,Tràng Bàng,2023-05-14,1,3,0,3,8,0,8,Tốt
456,Tràng Bàng,2023-05-15,1,3,0,5,8,0,8,Tốt
457,Tràng Bàng,2023-05-16,1,3,0,10,8,0,10,Tốt
458,Tràng Bàng,2023-05-17,1,3,0,6,8,0,8,Tốt
459,Tràng Bàng,2023-05-18,1,2,0,2,8,0,8,Tốt
460,Tràng Bàng,2023-05-19,1,2,0,3,8,0,8,Tốt
461,Tràng Bàng,2023-05-20,1,2,0,6,8,0,8,Tốt
462,Tràng Bàng,2023-05-21,1,2,0,4,8,0,8,Tốt
463,Tràng Bàng,2023-05-22,1,2,0,3,8,0,8,Tốt
464,Tràng Bàng,2023-05-23,1,2,0,2,8,0,8,Tốt
465,Tràng Bàng,2023-05-24,1,2,0,4,8,0,8,Tốt
466,Tràng Bàng,2023-05-25,1,2,0,3,8,0,8,Tốt
467,Tràng Bàng,2023-05-26,1,2,0,3,8,0,8,Tốt
468,Tràng Bàng,2023-05-27,1,3,0,2,8,0,8,Tốt
469,Tràng Bàng,2023-05-28,1,2,0,5,8,0,8,Tốt
470,Tràng Bàng,2023-05-29,1,2,0,2,8,0,8,Tốt
471,Tràng Bàng,2023-05-30,1,2,0,2,8,0,8,Tốt
472,Tràng Bàng,2023-05-31,1,2,0,2,8,0,8,Tốt
473,Tràng Bàng,2023-06-01,1,2,0,6,8,0,8,Tốt
474,Tràng Bàng,2023-06-02,1,2,0,2,9,0,9,Tốt
475,Tràng Bàng,2023-06-03,1,2,0,1,8,0,8,Tốt
476,Tràng Bàng,2023-06-04,1,2,0,2,9,0,9,Tốt
477,Tràng Bàng,2023-06-05,1,2,0,3,8,0,8,Tốt
478,Tràng Bàng,2023-06-06,1,2,0,2,9,0,9,Tốt
479,Tràng Bàng,2023-06-07,1,2,0,1,9,0,9,Tốt
480,Tràng Bàng,2023-06-08,1,2,0,3,9,0,9,Tốt
481,Tràng Bàng,2023-06-09,1,2,0,1,9,0,9,Tốt
482,Tràng Bàng,2023-06-10,1,2,0,1,6,0,6,Tốt
483,Tràng Bàng,2023-06-11,1,2,0,1,6,0,6,Tốt
484,Tràng Bàng,2023-06-12,1,2,0,1,4,0,4,Tốt
485,Tràng Bàng,2023-06-13,1,2,0,2,4,0,4,Tốt
486,Tràng Bàng,2023-06-14,1,2,0,1,4,0,4,Tốt
487,Tràng Bàng,2023-06-15,1,2,0,1,4,0,4,Tốt
488,Tràng Bàng,2023-06-16,1,2,0,2,8,0,8,Tốt
489,Tràng Bàng,2023-06-17,1,2,0,1,9,0,9,Tốt
490,Tràng Bàng,2023-06-18,0,2,0,3,9,0,9,Tốt
491,Tràng Bàng,2023-06-19,0,2,0,1,9,0,9,Tốt
492,Tràng Bàng,2023-06-20,0,2,0,3,9,0,9,Tốt
493,Tràng Bàng,2023-06-21,0,2,0,3,9,0,9,Tốt
494,Tràng Bàng,2023-07-02,0,3,0,0,4,0,4,Tốt
495,Tràng Bàng,2023-07-03,1,2,0,3,3,0,3,Tốt
496,Tràng Bàng,2023-07-04,1,2,0,2,4,0,4,Tốt
497,Tràng Bàng,2023-07-05,1,2,0,2,4,0,4,Tốt
498,Tràng Bàng,2023-07-06,1,3,0,4,4,0,4,Tốt
499,Tràng Bàng,2023-07-07,1,2,0,3,3,0,3,Tốt
500,Tràng Bàng,2023-07-08,1,2,0,3,4,0,4,Tốt
501,Tràng Bàng,2023-07-09,1,3,0,3,4,0,4,Tốt
502,Tràng Bàng,2023-07-10,1,2,0,2,4,0,4,Tốt
503,Tràng Bàng,2023-07-11,1,3,0,2,4,0,4,Tốt
504,Tràng Bàng,2023-07-12,1,3,0,4,4,0,4,Tốt
505,Tràng Bàng,2023-07-13,1,3,0,1,4,0,4,Tốt
506,Tràng Bàng,2023-07-14,1,3,0,3,4,0,4,Tốt
507,Tràng Bàng,2023-07-15,1,2,0,1,4,0,4,Tốt
508,Tràng Bàng,2023-07-16,1,3,0,0,4,0,4,Tốt
509,Tràng Bàng,2023-07-17,1,3,0,1,4,0,4,Tốt
510,Tràng Bàng,2023-07-18,1,2,0,1,4,0,4,Tốt
511,Tràng Bàng,2023-07-19,1,3,0,2,4,0,4,Tốt
512,Tràng Bàng,2023-07-20,1,2,0,2,4,0,4,Tốt
513,Tràng Bàng,2023-07-21,1,3,0,2,4,0,4,Tốt
514,Tràng Bàng,2023-07-22,1,3,0,1,4,0,4,Tốt
515,Tràng Bàng,2023-07-23,1,2,0,2,4,0,4,Tốt
516,Tràng Bàng,2023-07-24,1,2,0,1,4,0,4,Tốt
517,Tràng Bàng,2023-07-25,1,3,0,1,4,0,4,Tốt
518,Tràng Bàng,2023-07-26,1,3,0,0,4,0,4,Tốt
519,Tràng Bàng,2023-07-27,1,3,0,1,4,0,4,Tốt
520,Tràng Bàng,2023-07-28,1,2,0,1,4,0,4,Tốt
521,Tràng Bàng,2023-07-29,1,3,0,1,4,0,4,Tốt
522,Tràng Bàng,2023-07-30,1,2,0,2,4,0,4,Tốt
523,Tràng Bàng,2023-07-31,1,2,0,2,4,0,4,Tốt
524,Tràng Bàng,2023-08-01,1,3,0,1,4,0,4,Tốt
525,Tràng Bàng,2023-08-02,1,21,0,2,25,0,25,Tốt
526,Tràng Bàng,2023-08-03,16,54,0,2,27,0,54,Vừa Phải
527,Tràng Bàng,2023-08-04,19,54,0,3,3,0,54,Vừa Phải
528,Tràng Bàng,2023-08-05,21,53,0,2,4,0,53,Vừa Phải
529,Tràng Bàng,2023-08-06,20,48,0,5,4,0,48,Tốt
530,Tràng Bàng,2023-08-07,19,44,0,3,4,0,44,Tốt
531,Tràng Bàng,2023-08-08,19,42,0,3,5,0,42,Tốt
532,Tràng Bàng,2023-08-09,17,48,0,3,5,0,48,Tốt
533,Tràng Bàng,2023-08-10,21,51,0,3,5,0,51,Vừa Phải
534,Tràng Bàng,2023-08-11,22,45,0,3,5,0,45,Tốt
535,Tràng Bàng,2023-08-12,16,37,0,2,5,0,37,Tốt
536,Tràng Bàng,2023-08-13,13,44,0,4,5,0,44,Tốt
537,Tràng Bàng,2023-08-14,19,33,0,3,5,0,33,Tốt
538,Tràng Bàng,2023-08-15,12,37,0,4,4,0,37,Tốt
539,Tràng Bàng,2023-08-16,13,40,0,4,5,0,40,Tốt
540,Tràng Bàng,2023-08-17,13,47,0,4,5,0,47,Tốt
541,Tràng Bàng,2023-08-18,20,39,0,5,6,0,39,Tốt
542,Tràng Bàng,2023-08-19,17,32,0,4,7,0,32,Tốt
543,Tràng Bàng,2023-08-20,12,38,0,4,6,0,38,Tốt
544,Tràng Bàng,2023-08-21,14,43,0,4,6,0,43,Tốt
545,Tràng Bàng,2023-08-22,17,43,0,4,6,0,43,Tốt
546,Tràng Bàng,2023-08-23,14,34,0,3,6,0,34,Tốt
547,Tràng Bàng,2023-08-24,11,42,0,3,5,0,42,Tốt
548,Tràng Bàng,2023-08-25,15,44,0,3,5,0,44,Tốt
549,Tràng Bàng,2023-08-26,14,31,0,3,6,0,31,Tốt
550,Tràng Bàng,2023-08-27,10,32,0,3,5,0,32,Tốt
551,Tràng Bàng,2023-08-28,11,55,0,3,5,0,55,Vừa Phải
552,Tràng Bàng,2023-08-29,23,62,0,6,5,0,62,Vừa Phải
553,Tràng Bàng,2023-08-30,32,40,0,4,5,0,40,Tốt
554,Tràng Bàng,2023-08-31,14,40,0,3,5,0,40,Tốt
555,Tràng Bàng,2023-09-01,15,28,0,1,5,0,28,Tốt
556,Tràng Bàng,2023-09-02,11,37,0,2,5,0,37,Tốt
557,Tràng Bàng,2023-09-03,14,23,0,1,5,0,23,Tốt
558,Tràng Bàng,2023-09-04,9,24,0,2,5,0,24,Tốt
559,Tràng Bàng,2023-09-05,10,39,0,5,5,0,39,Tốt
560,Tràng Bàng,2023-09-06,22,40,0,4,5,0,40,Tốt
561,Tràng Bàng,2023-09-07,20,42,0,4,5,0,42,Tốt
562,Tràng Bàng,2023-09-08,16,32,0,5,5,0,32,Tốt
563,Tràng Bàng,2023-09-09,16,28,0,3,5,0,28,Tốt
564,Tràng Bàng,2023-09-10,8,46,0,3,4,0,46,Tốt
565,Tràng Bàng,2023-09-11,16,41,0,4,4,0,41,Tốt
566,Tràng Bàng,2023-09-12,15,33,0,3,5,0,33,Tốt
567,Tràng Bàng,2023-09-13,11,35,0,4,4,0,35,Tốt
568,Tràng Bàng,2023-09-14,13,27,0,2,4,0,27,Tốt
569,Tràng Bàng,2023-09-15,9,35,0,4,4,0,35,Tốt
570,Tràng Bàng,2023-09-16,14,63,0,11,5,0,63,Vừa Phải
571,Tràng Bàng,2023-09-17,42,0,0,0,0,0,42,Tốt
572,Tràng Bàng,2023-09-24,0,21,0,2,4,0,21,Tốt
573,Tràng Bàng,2023-09-25,8,21,0,1,4,0,21,Tốt
574,Tràng Bàng,2023-09-26,7,20,0,3,4,0,20,Tốt
575,Tràng Bàng,2023-09-27,7,41,0,5,4,0,41,Tốt
576,Tràng Bàng,2023-09-28,23,74,0,6,4,0,74,Vừa Phải
577,Tràng Bàng,2023-09-29,47,27,0,4,4,0,47,Tốt
578,Tràng Bàng,2023-09-30,11,32,0,5,4,0,32,Tốt
579,Tràng Bàng,2023-10-01,13,27,0,6,4,0,27,Tốt
580,Tràng Bàng,2023-10-02,11,18,0,3,4,0,18,Tốt
581,Tràng Bàng,2023-10-03,6,25,0,3,4,0,25,Tốt
582,Tràng Bàng,2023-10-04,8,32,0,4,4,0,32,Tốt
583,Tràng Bàng,2023-10-05,15,40,0,5,5,0,40,Tốt
584,Tràng Bàng,2023-10-06,21,39,0,6,4,0,39,Tốt
585,Tràng Bàng,2023-10-07,18,30,0,3,4,0,30,Tốt
586,Tràng Bàng,2023-10-08,13,42,0,5,4,0,42,Tốt
587,Tràng Bàng,2023-10-09,21,48,0,6,4,0,48,Tốt
588,Tràng Bàng,2023-10-10,25,49,0,6,4,0,49,Tốt
589,Tràng Bàng,2023-10-11,23,39,0,6,4,0,39,Tốt
590,Tràng Bàng,2023-10-12,14,29,0,5,4,0,29,Tốt
591,Tràng Bàng,2023-10-13,13,37,0,6,5,0,37,Tốt
592,Tràng Bàng,2023-10-14,19,19,0,4,4,0,19,Tốt
593,Tràng Bàng,2023-10-15,7,26,0,7,5,0,26,Tốt
594,Tràng Bàng,2023-10-16,10,26,0,5,4,0,26,Tốt
595,Tràng Bàng,2023-10-17,10,43,0,6,5,0,43,Tốt
596,Tràng Bàng,2023-10-18,20,58,0,7,4,0,58,Vừa Phải
597,Tràng Bàng,2023-10-19,38,48,0,8,5,0,48,Tốt
598,Tràng Bàng,2023-10-20,25,0,0,0,0,0,25,Tốt
