,địa điểm trạm đo,date,pm25,pm10,o3,no2,so2,co,aqi,mức độ ô nhiễm
0,Yên Phong,2020-06-20,136,27,37,2,10,1,136,Không tốt cho người nhạy cảm
1,Yên Phong,2020-06-21,133,25,32,2,10,1,133,Không tốt cho người nhạy cảm
2,Yên Phong,2020-06-22,157,28,72,2,14,2,157,Không tốt
3,Yên Phong,2020-06-23,105,23,39,3,17,2,105,Không tốt cho người nhạy cảm
4,Yên Phong,2020-06-24,0,24,31,3,11,2,0,Tốt
5,Yên Phong,2020-06-25,23,26,30,3,15,2,23,Tốt
6,Yên Phong,2020-06-26,20,0,43,2,15,1,20,Tốt
7,Yên Phong,2020-06-27,25,0,41,2,14,1,25,Tốt
8,Yên Phong,2020-06-28,30,0,37,2,11,1,30,Tốt
9,Yên Phong,2020-06-29,49,0,50,2,11,1,49,Tốt
10,Yên Phong,2020-06-30,0,0,34,3,11,2,0,Tốt
11,Yên Phong,2020-07-01,103,0,31,3,11,2,103,Không tốt cho người nhạy cảm
12,Yên Phong,2020-07-02,126,0,29,2,11,1,126,Không tốt cho người nhạy cảm
13,Yên Phong,2020-07-03,142,0,29,2,8,1,142,Không tốt cho người nhạy cảm
14,Yên Phong,2020-07-04,99,0,28,2,10,2,99,Vừa Phải
15,Yên Phong,2020-07-05,164,0,28,2,10,2,164,Không tốt
16,Yên Phong,2020-07-06,148,0,29,2,14,1,148,Không tốt cho người nhạy cảm
17,Yên Phong,2020-07-07,137,0,33,2,13,2,137,Không tốt cho người nhạy cảm
18,Yên Phong,2020-07-08,90,0,36,2,14,3,90,Vừa Phải
19,Yên Phong,2020-07-09,63,0,22,3,15,2,63,Vừa Phải
20,Yên Phong,2020-07-10,53,0,20,3,14,4,53,Vừa Phải
21,Yên Phong,2020-07-11,70,0,22,4,16,2,70,Vừa Phải
22,Yên Phong,2020-07-12,112,0,34,3,13,0,112,Không tốt cho người nhạy cảm
23,Yên Phong,2020-07-13,174,0,33,2,16,1,174,Không tốt
24,Yên Phong,2020-07-14,160,0,90,2,11,1,160,Không tốt
25,Yên Phong,2020-07-15,164,0,27,2,11,2,164,Không tốt
26,Yên Phong,2020-07-16,178,0,28,2,13,0,178,Không tốt
27,Yên Phong,2020-07-17,154,0,40,2,15,0,154,Không tốt
28,Yên Phong,2020-07-18,119,0,36,2,15,5,119,Không tốt cho người nhạy cảm
29,Yên Phong,2020-07-19,23,0,28,2,14,0,23,Tốt
30,Yên Phong,2020-07-20,52,0,24,2,12,0,52,Vừa Phải
31,Yên Phong,2020-07-21,69,0,19,2,15,0,69,Vừa Phải
32,Yên Phong,2020-07-22,85,0,19,2,16,0,85,Vừa Phải
33,Yên Phong,2020-07-23,98,0,25,2,19,2,98,Vừa Phải
34,Yên Phong,2020-07-24,161,0,28,2,15,0,161,Không tốt
35,Yên Phong,2020-07-25,167,21,31,2,15,2,167,Không tốt
36,Yên Phong,2020-07-26,199,11,82,2,14,0,199,Không tốt
37,Yên Phong,2020-07-27,193,15,22,3,12,0,193,Không tốt
38,Yên Phong,2020-07-28,123,17,71,2,14,0,123,Không tốt cho người nhạy cảm
39,Yên Phong,2020-07-29,92,16,32,4,12,3,92,Vừa Phải
40,Yên Phong,2020-07-30,149,14,45,3,14,2,149,Không tốt cho người nhạy cảm
41,Yên Phong,2020-07-31,180,7,27,3,11,1,180,Không tốt
42,Yên Phong,2020-08-01,205,3,22,2,10,1,205,Rất không tốt
43,Yên Phong,2020-08-02,187,4,20,1,9,1,187,Không tốt
44,Yên Phong,2020-08-03,176,14,19,2,9,1,176,Không tốt
45,Yên Phong,2020-08-04,145,27,18,2,14,1,145,Không tốt cho người nhạy cảm
46,Yên Phong,2020-08-05,108,23,16,1,14,2,108,Không tốt cho người nhạy cảm
47,Yên Phong,2020-08-06,85,25,0,1,13,2,85,Vừa Phải
48,Yên Phong,2020-08-07,75,27,0,1,13,2,75,Vừa Phải
49,Yên Phong,2020-08-08,61,27,0,1,15,2,61,Vừa Phải
50,Yên Phong,2020-08-09,104,30,0,1,13,2,104,Không tốt cho người nhạy cảm
51,Yên Phong,2020-08-10,157,20,0,1,10,2,157,Không tốt
52,Yên Phong,2020-08-11,165,34,0,1,13,1,165,Không tốt
53,Yên Phong,2020-08-12,109,53,0,1,13,1,109,Không tốt cho người nhạy cảm
54,Yên Phong,2020-08-13,86,70,0,2,16,1,86,Vừa Phải
55,Yên Phong,2020-08-14,81,55,0,2,21,2,81,Vừa Phải
56,Yên Phong,2020-08-15,105,48,0,2,18,2,105,Không tốt cho người nhạy cảm
57,Yên Phong,2020-08-16,114,58,0,2,17,2,114,Không tốt cho người nhạy cảm
58,Yên Phong,2020-08-17,94,47,0,2,19,2,94,Vừa Phải
59,Yên Phong,2020-08-18,112,39,0,2,22,1,112,Không tốt cho người nhạy cảm
60,Yên Phong,2020-08-19,113,41,0,2,18,1,113,Không tốt cho người nhạy cảm
61,Yên Phong,2020-08-20,17,0,0,2,16,2,17,Tốt
62,Yên Phong,2020-08-21,69,0,0,2,18,2,69,Vừa Phải
63,Yên Phong,2020-08-22,64,0,0,2,15,1,64,Vừa Phải
64,Yên Phong,2020-08-23,64,0,0,1,15,1,64,Vừa Phải
65,Yên Phong,2020-08-24,57,0,0,1,14,2,57,Vừa Phải
66,Yên Phong,2020-08-25,63,0,0,2,15,1,63,Vừa Phải
67,Yên Phong,2020-08-26,62,0,0,2,17,2,62,Vừa Phải
68,Yên Phong,2020-08-27,76,0,0,2,16,2,76,Vừa Phải
69,Yên Phong,2020-08-28,56,0,0,2,14,2,56,Vừa Phải
70,Yên Phong,2020-08-29,98,0,0,2,15,2,98,Vừa Phải
71,Yên Phong,2020-08-30,126,0,0,1,14,1,126,Không tốt cho người nhạy cảm
72,Yên Phong,2020-09-02,117,0,0,1,15,3,117,Không tốt cho người nhạy cảm
73,Yên Phong,2020-09-03,80,0,0,2,15,3,80,Vừa Phải
74,Yên Phong,2020-09-04,65,0,0,2,14,3,65,Vừa Phải
75,Yên Phong,2020-09-05,64,0,0,2,18,2,64,Vừa Phải
76,Yên Phong,2020-09-06,50,0,0,1,15,2,50,Tốt
77,Yên Phong,2020-09-07,44,0,0,2,13,1,44,Tốt
78,Yên Phong,2020-09-08,47,0,0,3,16,2,47,Tốt
79,Yên Phong,2020-09-09,57,0,0,2,20,2,57,Vừa Phải
80,Yên Phong,2020-09-10,41,0,0,3,20,3,41,Tốt
81,Yên Phong,2020-09-11,44,0,0,2,20,3,44,Tốt
82,Yên Phong,2020-09-12,38,0,0,2,15,2,38,Tốt
83,Yên Phong,2020-09-13,81,0,0,2,15,2,81,Vừa Phải
84,Yên Phong,2020-09-14,51,0,0,2,20,2,51,Vừa Phải
85,Yên Phong,2020-09-15,60,0,0,2,20,2,60,Vừa Phải
86,Yên Phong,2020-09-16,61,0,0,2,19,2,61,Vừa Phải
87,Yên Phong,2020-09-17,67,0,0,2,20,2,67,Vừa Phải
88,Yên Phong,2020-09-18,90,0,0,1,13,1,90,Vừa Phải
89,Yên Phong,2020-09-19,47,0,0,1,14,1,47,Tốt
90,Yên Phong,2020-09-20,43,55,0,2,18,2,43,Tốt
91,Yên Phong,2020-09-21,54,78,0,2,21,3,54,Vừa Phải
92,Yên Phong,2020-09-22,63,54,0,2,21,3,63,Vừa Phải
93,Yên Phong,2020-09-23,75,24,0,2,22,2,75,Vừa Phải
94,Yên Phong,2020-09-24,80,59,0,1,16,2,80,Vừa Phải
95,Yên Phong,2020-09-25,54,49,0,2,20,2,54,Vừa Phải
96,Yên Phong,2020-09-26,49,19,0,1,17,2,49,Tốt
97,Yên Phong,2020-09-27,50,29,0,1,16,2,50,Tốt
98,Yên Phong,2020-09-28,51,41,0,1,16,3,51,Vừa Phải
99,Yên Phong,2020-09-29,43,43,0,2,19,2,43,Tốt
100,Yên Phong,2020-09-30,37,45,0,2,19,2,37,Tốt
101,Yên Phong,2020-10-01,28,47,0,2,18,0,28,Tốt
102,Yên Phong,2020-10-02,49,48,0,2,17,0,49,Tốt
103,Yên Phong,2020-10-03,99,56,0,2,16,0,99,Vừa Phải
104,Yên Phong,2020-10-04,127,44,0,1,22,0,127,Không tốt cho người nhạy cảm
105,Yên Phong,2020-10-05,130,21,0,1,16,0,130,Không tốt cho người nhạy cảm
106,Yên Phong,2020-10-06,72,18,0,1,16,0,72,Vừa Phải
107,Yên Phong,2020-10-07,32,28,0,1,17,0,32,Tốt
108,Yên Phong,2020-10-08,33,22,0,1,17,0,33,Tốt
109,Yên Phong,2020-10-09,67,0,0,0,0,0,67,Vừa Phải
110,Yên Phong,2020-10-11,60,76,0,3,20,0,60,Vừa Phải
111,Yên Phong,2020-10-12,65,58,0,2,19,0,65,Vừa Phải
112,Yên Phong,2020-10-13,48,53,0,0,17,0,48,Tốt
113,Yên Phong,2020-10-14,34,0,0,0,0,0,34,Tốt
114,Yên Phong,2020-10-18,41,31,12,2,23,0,41,Tốt
115,Yên Phong,2020-10-19,78,26,25,2,23,0,78,Vừa Phải
116,Yên Phong,2020-10-20,54,35,30,2,21,0,54,Vừa Phải
117,Yên Phong,2020-10-21,73,67,39,3,22,0,73,Vừa Phải
118,Yên Phong,2020-10-22,55,97,39,3,24,0,55,Vừa Phải
119,Yên Phong,2020-10-23,45,95,49,4,23,0,45,Tốt
120,Yên Phong,2020-10-24,31,76,29,3,22,0,31,Tốt
121,Yên Phong,2020-10-25,42,46,29,1,21,0,42,Tốt
122,Yên Phong,2020-10-26,58,43,27,3,20,0,58,Vừa Phải
123,Yên Phong,2020-10-27,35,43,27,0,19,0,35,Tốt
124,Yên Phong,2020-10-28,38,26,28,2,17,0,38,Tốt
125,Yên Phong,2020-10-29,31,19,20,0,19,0,31,Tốt
126,Yên Phong,2020-10-30,33,35,17,4,22,0,33,Tốt
127,Yên Phong,2020-10-31,40,67,55,2,24,0,40,Tốt
128,Yên Phong,2020-11-01,136,47,18,3,21,0,136,Không tốt cho người nhạy cảm
129,Yên Phong,2020-11-02,133,22,20,0,21,0,133,Không tốt cho người nhạy cảm
130,Yên Phong,2020-11-03,157,65,34,0,21,0,157,Không tốt
131,Yên Phong,2020-11-04,105,80,66,6,28,0,105,Không tốt cho người nhạy cảm
132,Yên Phong,2020-11-05,80,89,30,3,23,0,80,Vừa Phải
133,Yên Phong,2020-11-06,23,54,28,3,19,0,23,Tốt
134,Yên Phong,2020-11-07,20,60,35,2,20,0,20,Tốt
135,Yên Phong,2020-11-08,25,72,40,6,22,0,25,Tốt
136,Yên Phong,2020-11-09,30,83,45,3,23,0,30,Tốt
137,Yên Phong,2020-11-10,49,80,57,0,29,0,49,Tốt
138,Yên Phong,2020-11-11,60,97,68,1,24,0,60,Vừa Phải
139,Yên Phong,2020-11-12,103,94,54,7,24,0,103,Không tốt cho người nhạy cảm
140,Yên Phong,2020-11-13,126,73,46,0,26,0,126,Không tốt cho người nhạy cảm
141,Yên Phong,2020-11-14,142,36,35,1,20,0,142,Không tốt cho người nhạy cảm
142,Yên Phong,2020-11-15,99,32,12,0,22,0,99,Vừa Phải
143,Yên Phong,2020-11-16,164,53,19,2,25,0,164,Không tốt
144,Yên Phong,2020-11-17,148,60,241,1,18,0,148,Không tốt cho người nhạy cảm
145,Yên Phong,2020-11-18,137,61,245,1,6,0,137,Không tốt cho người nhạy cảm
146,Yên Phong,2020-11-19,90,66,250,1,5,0,90,Vừa Phải
147,Yên Phong,2020-11-20,63,67,249,1,5,0,63,Vừa Phải
148,Yên Phong,2020-11-21,53,56,247,1,4,0,53,Vừa Phải
149,Yên Phong,2020-11-22,70,57,243,1,4,0,70,Vừa Phải
150,Yên Phong,2020-11-23,112,78,229,1,5,0,112,Không tốt cho người nhạy cảm
151,Yên Phong,2020-11-24,174,75,231,1,4,0,174,Không tốt
152,Yên Phong,2020-11-25,160,68,234,1,4,0,160,Không tốt
153,Yên Phong,2020-11-26,164,56,227,1,4,0,164,Không tốt
154,Yên Phong,2020-11-27,178,35,182,1,4,0,178,Không tốt
155,Yên Phong,2020-11-28,154,42,180,1,4,0,154,Không tốt
156,Yên Phong,2020-11-29,119,42,172,1,5,0,119,Không tốt cho người nhạy cảm
157,Yên Phong,2020-11-30,23,71,165,1,5,0,23,Tốt
158,Yên Phong,2020-12-01,52,70,182,0,4,0,52,Vừa Phải
159,Yên Phong,2020-12-02,69,60,195,1,8,0,69,Vừa Phải
160,Yên Phong,2020-12-03,85,38,212,2,22,0,85,Vừa Phải
161,Yên Phong,2020-12-04,98,34,191,0,23,0,98,Vừa Phải
162,Yên Phong,2020-12-05,161,0,0,0,0,0,161,Không tốt
163,Yên Phong,2021-01-07,167,24,62,0,6,0,167,Không tốt
164,Yên Phong,2021-01-08,199,26,20,0,6,0,199,Không tốt
165,Yên Phong,2021-01-09,193,0,0,0,0,0,193,Không tốt
166,Yên Phong,2021-01-10,123,62,26,0,11,0,123,Không tốt cho người nhạy cảm
167,Yên Phong,2021-01-11,92,57,42,0,7,0,92,Vừa Phải
168,Yên Phong,2021-01-12,149,0,0,0,0,0,149,Không tốt cho người nhạy cảm
169,Yên Phong,2021-01-14,180,131,40,0,14,0,180,Không tốt
170,Yên Phong,2021-01-15,205,0,0,0,0,0,205,Rất không tốt
171,Yên Phong,2021-01-17,187,110,22,0,15,0,187,Không tốt
172,Yên Phong,2021-01-18,176,96,33,0,12,0,176,Không tốt
173,Yên Phong,2021-01-19,145,128,9,0,12,0,145,Không tốt cho người nhạy cảm
174,Yên Phong,2021-01-20,108,128,3,0,9,0,108,Không tốt cho người nhạy cảm
175,Yên Phong,2021-01-21,85,101,20,0,8,0,85,Vừa Phải
176,Yên Phong,2021-01-22,75,122,41,0,11,0,75,Vừa Phải
177,Yên Phong,2021-01-23,61,144,49,0,16,0,61,Vừa Phải
178,Yên Phong,2021-01-24,104,108,23,0,14,0,104,Không tốt cho người nhạy cảm
179,Yên Phong,2021-01-25,157,85,34,0,16,0,157,Không tốt
180,Yên Phong,2021-01-26,165,78,43,0,14,0,165,Không tốt
181,Yên Phong,2021-01-27,109,48,18,0,8,0,109,Không tốt cho người nhạy cảm
182,Yên Phong,2021-01-28,86,73,48,0,13,0,86,Vừa Phải
183,Yên Phong,2021-01-29,81,100,27,0,13,0,81,Vừa Phải
184,Yên Phong,2021-01-30,105,97,11,0,10,0,105,Không tốt cho người nhạy cảm
185,Yên Phong,2021-01-31,114,81,28,0,12,0,114,Không tốt cho người nhạy cảm
186,Yên Phong,2021-02-01,94,78,21,0,12,0,94,Vừa Phải
187,Yên Phong,2021-02-02,112,73,45,0,12,0,112,Không tốt cho người nhạy cảm
188,Yên Phong,2021-02-03,113,79,16,0,8,0,113,Không tốt cho người nhạy cảm
189,Yên Phong,2021-02-04,17,79,40,0,10,0,17,Tốt
190,Yên Phong,2021-02-05,69,78,40,0,9,0,69,Vừa Phải
191,Yên Phong,2021-02-06,64,75,40,0,9,0,64,Vừa Phải
192,Yên Phong,2021-02-07,64,71,22,0,8,0,64,Vừa Phải
193,Yên Phong,2021-02-08,57,12,21,0,7,0,57,Vừa Phải
194,Yên Phong,2021-02-09,63,46,36,0,7,0,63,Vừa Phải
195,Yên Phong,2021-02-10,62,43,38,0,7,0,62,Vừa Phải
196,Yên Phong,2021-02-11,76,42,42,0,7,0,76,Vừa Phải
197,Yên Phong,2021-02-12,56,40,46,0,7,0,56,Vừa Phải
198,Yên Phong,2021-02-13,98,43,55,0,7,0,98,Vừa Phải
199,Yên Phong,2021-02-14,126,41,31,0,7,0,126,Không tốt cho người nhạy cảm
200,Yên Phong,2021-02-15,117,44,21,0,7,0,117,Không tốt cho người nhạy cảm
201,Yên Phong,2021-02-16,80,36,21,0,7,0,80,Vừa Phải
202,Yên Phong,2021-02-17,65,59,39,0,9,0,65,Vừa Phải
203,Yên Phong,2021-02-18,64,77,65,0,11,0,64,Vừa Phải
204,Yên Phong,2021-02-19,50,73,99,0,9,0,50,Tốt
205,Yên Phong,2021-02-20,44,76,66,0,11,0,44,Tốt
206,Yên Phong,2021-02-21,47,63,35,0,11,0,47,Tốt
207,Yên Phong,2021-02-22,57,69,42,0,12,0,57,Vừa Phải
208,Yên Phong,2021-02-23,41,96,24,0,16,0,41,Tốt
209,Yên Phong,2021-02-24,44,86,20,0,13,0,44,Tốt
210,Yên Phong,2021-02-25,38,77,26,0,12,0,38,Tốt
211,Yên Phong,2021-02-26,81,34,8,0,9,0,81,Vừa Phải
212,Yên Phong,2021-02-27,51,26,4,0,8,0,51,Vừa Phải
213,Yên Phong,2021-02-28,60,33,7,0,7,0,60,Vừa Phải
214,Yên Phong,2021-03-01,61,31,15,0,8,0,61,Vừa Phải
215,Yên Phong,2021-03-02,67,56,16,0,10,0,67,Vừa Phải
216,Yên Phong,2021-03-03,90,30,10,0,8,0,90,Vừa Phải
217,Yên Phong,2021-03-04,47,71,17,0,9,0,47,Tốt
218,Yên Phong,2021-03-05,43,58,21,0,9,0,43,Tốt
219,Yên Phong,2021-03-06,54,54,14,0,10,0,54,Vừa Phải
220,Yên Phong,2021-03-07,63,91,23,0,12,0,63,Vừa Phải
221,Yên Phong,2021-03-08,75,106,23,0,13,0,75,Vừa Phải
222,Yên Phong,2021-03-09,80,93,22,0,15,0,80,Vừa Phải
223,Yên Phong,2021-03-10,54,88,19,0,17,0,54,Vừa Phải
224,Yên Phong,2021-03-11,49,91,27,0,17,0,49,Tốt
225,Yên Phong,2021-03-12,50,82,21,0,14,0,50,Tốt
226,Yên Phong,2021-03-13,51,98,30,0,15,0,51,Vừa Phải
227,Yên Phong,2021-03-14,43,88,22,0,15,0,43,Tốt
228,Yên Phong,2021-03-15,37,99,19,0,14,0,37,Tốt
229,Yên Phong,2021-03-16,28,129,17,0,15,0,28,Tốt
230,Yên Phong,2021-03-17,49,66,6,0,16,0,49,Tốt
231,Yên Phong,2021-03-18,99,0,0,0,0,0,99,Vừa Phải
232,Yên Phong,2021-03-19,127,84,14,0,13,0,127,Không tốt cho người nhạy cảm
233,Yên Phong,2021-03-20,130,28,20,0,10,0,130,Không tốt cho người nhạy cảm
234,Yên Phong,2021-03-21,72,49,26,2,9,1,72,Vừa Phải
235,Yên Phong,2021-03-22,32,93,38,3,12,2,32,Tốt
236,Yên Phong,2021-03-23,33,96,27,4,17,3,33,Tốt
237,Yên Phong,2021-03-24,67,78,16,6,13,5,67,Vừa Phải
238,Yên Phong,2021-03-25,60,94,22,4,13,4,60,Vừa Phải
239,Yên Phong,2021-03-26,65,125,13,4,12,4,65,Vừa Phải
240,Yên Phong,2021-03-27,48,101,10,3,16,3,48,Tốt
241,Yên Phong,2021-03-28,34,82,19,3,14,3,34,Tốt
242,Yên Phong,2021-03-29,41,89,17,3,13,2,41,Tốt
243,Yên Phong,2021-03-30,78,88,22,2,14,2,78,Vừa Phải
244,Yên Phong,2021-03-31,54,75,21,1,13,2,54,Vừa Phải
245,Yên Phong,2021-04-01,73,71,14,2,13,2,73,Vừa Phải
246,Yên Phong,2021-04-02,55,89,11,1,14,3,55,Vừa Phải
247,Yên Phong,2021-04-03,45,71,13,1,14,3,45,Tốt
248,Yên Phong,2021-04-04,31,44,12,1,13,3,31,Tốt
249,Yên Phong,2021-04-05,42,67,32,1,14,2,42,Tốt
250,Yên Phong,2021-04-06,58,90,28,2,17,3,58,Vừa Phải
251,Yên Phong,2021-04-07,35,85,20,2,15,3,35,Tốt
252,Yên Phong,2021-04-08,38,26,14,3,11,2,38,Tốt
253,Yên Phong,2021-04-09,31,29,12,2,10,2,31,Tốt
254,Yên Phong,2021-04-10,33,66,22,3,14,3,33,Tốt
255,Yên Phong,2021-04-11,40,76,18,3,16,2,40,Tốt
256,Yên Phong,2021-04-12,22,81,12,3,19,2,22,Tốt
257,Yên Phong,2021-04-13,31,65,19,2,15,3,31,Tốt
258,Yên Phong,2021-04-14,46,63,13,1,8,2,46,Tốt
259,Yên Phong,2021-04-15,31,84,15,1,12,2,31,Tốt
260,Yên Phong,2021-04-16,29,24,12,1,2,2,29,Tốt
261,Yên Phong,2021-04-17,27,27,15,1,2,2,27,Tốt
262,Yên Phong,2021-04-18,24,69,34,1,9,3,24,Tốt
263,Yên Phong,2021-04-19,29,62,24,1,8,2,29,Tốt
264,Yên Phong,2021-04-20,37,64,25,1,8,2,37,Tốt
265,Yên Phong,2021-04-21,28,70,22,1,9,2,28,Tốt
266,Yên Phong,2021-04-22,35,70,16,1,10,2,35,Tốt
267,Yên Phong,2021-04-23,44,74,20,1,9,2,44,Tốt
268,Yên Phong,2021-04-24,37,66,16,2,7,2,37,Tốt
269,Yên Phong,2021-04-25,0,34,17,0,3,2,0,Tốt
270,Yên Phong,2021-04-26,43,33,32,0,6,2,43,Tốt
271,Yên Phong,2021-04-27,42,17,25,9,2,2,42,Tốt
272,Yên Phong,2021-04-28,37,21,33,8,2,1,37,Tốt
273,Yên Phong,2021-04-29,77,0,0,0,0,0,77,Vừa Phải
274,Yên Phong,2021-05-03,51,47,25,9,6,1,51,Vừa Phải
275,Yên Phong,2021-05-04,58,0,0,0,0,0,58,Vừa Phải
276,Yên Phong,2021-05-05,45,31,41,10,5,2,45,Tốt
277,Yên Phong,2021-05-06,59,61,81,10,10,3,59,Vừa Phải
278,Yên Phong,2021-05-07,80,61,22,9,12,2,80,Vừa Phải
279,Yên Phong,2021-05-08,70,52,29,9,10,2,70,Vừa Phải
280,Yên Phong,2021-05-09,39,58,38,9,13,2,39,Tốt
281,Yên Phong,2021-05-10,57,54,37,9,12,4,57,Vừa Phải
282,Yên Phong,2021-05-11,48,54,71,9,8,2,48,Tốt
283,Yên Phong,2021-05-12,53,37,41,9,6,2,53,Vừa Phải
284,Yên Phong,2021-05-13,39,52,32,9,11,2,39,Tốt
285,Yên Phong,2021-05-14,39,64,27,9,17,3,39,Tốt
286,Yên Phong,2021-05-15,48,49,30,9,13,2,48,Tốt
287,Yên Phong,2021-05-16,59,48,22,9,13,2,59,Vừa Phải
288,Yên Phong,2021-05-17,52,46,13,9,19,4,52,Vừa Phải
289,Yên Phong,2021-05-18,52,41,22,9,7,2,52,Vừa Phải
290,Yên Phong,2021-05-19,43,0,104,8,6,2,43,Tốt
291,Yên Phong,2021-05-20,33,1,243,8,7,1,33,Tốt
292,Yên Phong,2021-05-21,31,39,14,8,9,1,31,Tốt
293,Yên Phong,2021-05-22,57,67,7,6,10,1,57,Vừa Phải
294,Yên Phong,2021-05-23,33,18,12,6,11,1,33,Tốt
295,Yên Phong,2021-05-24,54,5,12,7,11,1,54,Vừa Phải
296,Yên Phong,2021-05-25,55,36,10,9,11,1,55,Vừa Phải
297,Yên Phong,2021-05-26,72,50,9,8,11,1,72,Vừa Phải
298,Yên Phong,2021-05-27,81,48,10,8,11,1,81,Vừa Phải
299,Yên Phong,2021-05-28,79,56,10,8,11,2,79,Vừa Phải
300,Yên Phong,2021-05-29,114,49,12,8,12,2,114,Không tốt cho người nhạy cảm
301,Yên Phong,2021-05-30,88,48,10,9,12,2,88,Vừa Phải
302,Yên Phong,2021-05-31,74,51,11,8,12,2,74,Vừa Phải
303,Yên Phong,2021-06-01,107,68,12,8,12,2,107,Không tốt cho người nhạy cảm
304,Yên Phong,2021-06-02,210,56,11,9,12,2,210,Rất không tốt
305,Yên Phong,2021-06-03,101,36,10,8,12,1,101,Không tốt cho người nhạy cảm
306,Yên Phong,2021-06-04,62,64,10,9,12,3,62,Vừa Phải
307,Yên Phong,2021-06-05,55,110,14,9,13,4,55,Vừa Phải
308,Yên Phong,2021-06-06,37,62,12,9,13,2,37,Tốt
309,Yên Phong,2021-06-07,50,43,12,9,12,1,50,Tốt
310,Yên Phong,2021-06-08,76,35,12,9,12,1,76,Vừa Phải
311,Yên Phong,2021-06-09,21,56,11,9,13,2,21,Tốt
312,Yên Phong,2021-06-10,38,35,10,10,15,2,38,Tốt
313,Yên Phong,2021-06-11,51,37,12,8,12,1,51,Vừa Phải
314,Yên Phong,2021-06-12,55,33,12,7,12,1,55,Vừa Phải
315,Yên Phong,2021-06-13,44,69,12,8,13,2,44,Tốt
316,Yên Phong,2021-06-14,51,72,11,8,16,2,51,Vừa Phải
317,Yên Phong,2021-06-15,49,58,11,9,15,2,49,Tốt
318,Yên Phong,2021-06-16,78,40,11,8,12,2,78,Vừa Phải
319,Yên Phong,2021-06-17,101,48,11,8,14,2,101,Không tốt cho người nhạy cảm
320,Yên Phong,2021-06-18,102,57,10,8,17,2,102,Không tốt cho người nhạy cảm
321,Yên Phong,2021-06-19,71,49,9,8,18,2,71,Vừa Phải
322,Yên Phong,2021-06-20,54,70,5,22,21,3,54,Vừa Phải
323,Yên Phong,2021-06-21,56,45,4,20,19,2,56,Vừa Phải
324,Yên Phong,2021-06-22,33,47,4,16,18,2,33,Tốt
325,Yên Phong,2021-06-23,47,40,5,11,17,2,47,Tốt
326,Yên Phong,2021-06-24,53,44,6,7,14,2,53,Vừa Phải
327,Yên Phong,2021-06-25,75,45,6,6,13,2,75,Vừa Phải
328,Yên Phong,2021-06-26,57,48,8,6,13,2,57,Vừa Phải
329,Yên Phong,2021-06-27,50,56,9,6,13,3,50,Tốt
330,Yên Phong,2021-06-28,55,74,9,6,14,3,55,Vừa Phải
331,Yên Phong,2021-06-29,79,83,9,7,14,3,79,Vừa Phải
332,Yên Phong,2021-06-30,61,48,9,7,14,2,61,Vừa Phải
333,Yên Phong,2021-07-01,44,51,9,7,16,2,44,Tốt
334,Yên Phong,2021-07-02,72,54,9,6,14,2,72,Vừa Phải
335,Yên Phong,2021-07-03,72,59,10,6,14,2,72,Vừa Phải
336,Yên Phong,2021-07-04,31,53,10,7,15,2,31,Tốt
337,Yên Phong,2021-07-05,33,58,9,6,16,2,33,Tốt
338,Yên Phong,2021-07-06,61,50,9,6,15,1,61,Vừa Phải
339,Yên Phong,2021-07-07,49,0,0,0,0,0,49,Tốt
340,Yên Phong,2021-07-11,59,0,9,6,15,2,59,Vừa Phải
341,Yên Phong,2021-07-12,48,0,9,6,16,2,48,Tốt
342,Yên Phong,2021-07-13,40,0,9,7,15,2,40,Tốt
343,Yên Phong,2021-07-14,40,0,9,6,15,2,40,Tốt
344,Yên Phong,2021-07-15,59,0,9,6,15,2,59,Vừa Phải
345,Yên Phong,2021-07-16,65,0,9,7,15,2,65,Vừa Phải
346,Yên Phong,2021-07-17,36,0,9,7,15,2,36,Tốt
347,Yên Phong,2021-07-18,63,0,11,7,15,2,63,Vừa Phải
348,Yên Phong,2021-07-19,80,0,11,6,15,2,80,Vừa Phải
349,Yên Phong,2021-07-20,49,0,9,7,15,1,49,Tốt
350,Yên Phong,2021-07-21,84,0,10,6,16,2,84,Vừa Phải
351,Yên Phong,2021-07-22,40,0,9,7,15,2,40,Tốt
352,Yên Phong,2021-07-23,54,0,10,7,15,2,54,Vừa Phải
353,Yên Phong,2021-07-24,64,0,9,6,15,2,64,Vừa Phải
354,Yên Phong,2021-07-25,71,0,11,7,15,2,71,Vừa Phải
355,Yên Phong,2021-07-26,64,0,9,7,15,2,64,Vừa Phải
356,Yên Phong,2021-07-27,74,0,9,7,15,2,74,Vừa Phải
357,Yên Phong,2021-07-28,89,0,10,7,16,3,89,Vừa Phải
358,Yên Phong,2021-07-29,97,0,9,7,16,2,97,Vừa Phải
359,Yên Phong,2021-07-30,77,0,8,7,16,2,77,Vừa Phải
360,Yên Phong,2021-07-31,29,0,7,7,16,1,29,Tốt
361,Yên Phong,2021-08-01,76,0,5,8,16,2,76,Vừa Phải
362,Yên Phong,2021-08-02,75,0,6,8,16,2,75,Vừa Phải
363,Yên Phong,2021-08-03,108,0,6,8,16,2,108,Không tốt cho người nhạy cảm
364,Yên Phong,2021-08-04,117,0,7,8,16,4,117,Không tốt cho người nhạy cảm
365,Yên Phong,2021-08-05,104,0,9,8,16,2,104,Không tốt cho người nhạy cảm
366,Yên Phong,2021-08-06,105,0,8,8,16,3,105,Không tốt cho người nhạy cảm
367,Yên Phong,2021-08-07,53,0,8,8,16,2,53,Vừa Phải
368,Yên Phong,2021-08-08,103,0,14,8,17,2,103,Không tốt cho người nhạy cảm
369,Yên Phong,2021-08-09,47,0,14,8,16,2,47,Tốt
370,Yên Phong,2021-08-10,41,0,8,8,17,1,41,Tốt
371,Yên Phong,2021-08-11,58,0,9,8,16,1,58,Vừa Phải
372,Yên Phong,2021-08-12,62,0,8,8,17,2,62,Vừa Phải
373,Yên Phong,2021-08-13,50,0,18,8,18,2,50,Tốt
374,Yên Phong,2021-08-14,51,0,9,8,18,1,51,Vừa Phải
375,Yên Phong,2021-08-15,38,0,9,8,17,1,38,Tốt
376,Yên Phong,2021-08-16,37,0,13,8,18,1,37,Tốt
377,Yên Phong,2021-08-17,45,0,8,8,18,1,45,Tốt
378,Yên Phong,2021-08-18,35,0,8,8,17,2,35,Tốt
379,Yên Phong,2021-08-19,57,0,10,8,18,2,57,Vừa Phải
380,Yên Phong,2021-08-20,49,0,8,8,17,1,49,Tốt
381,Yên Phong,2021-08-21,52,0,8,8,18,1,52,Vừa Phải
382,Yên Phong,2021-08-22,55,0,9,8,18,1,55,Vừa Phải
383,Yên Phong,2021-08-23,65,0,8,8,18,0,65,Vừa Phải
384,Yên Phong,2021-08-24,56,0,10,8,17,1,56,Vừa Phải
385,Yên Phong,2021-08-25,40,0,9,8,19,1,40,Tốt
386,Yên Phong,2021-08-26,46,0,11,8,19,2,46,Tốt
387,Yên Phong,2021-08-27,41,0,11,8,19,2,41,Tốt
388,Yên Phong,2021-08-28,59,0,10,8,19,3,59,Vừa Phải
389,Yên Phong,2021-08-29,79,0,9,8,19,3,79,Vừa Phải
390,Yên Phong,2021-08-30,65,0,11,8,18,3,65,Vừa Phải
391,Yên Phong,2021-08-31,79,0,12,8,18,3,79,Vừa Phải
392,Yên Phong,2021-09-01,46,0,13,8,18,3,46,Tốt
393,Yên Phong,2021-09-02,70,0,12,9,18,3,70,Vừa Phải
394,Yên Phong,2021-09-03,49,0,12,8,19,3,49,Tốt
395,Yên Phong,2021-09-04,35,0,11,8,18,3,35,Tốt
396,Yên Phong,2021-09-05,51,0,12,9,18,3,51,Vừa Phải
397,Yên Phong,2021-09-06,83,0,12,8,19,3,83,Vừa Phải
398,Yên Phong,2021-09-07,67,0,11,8,18,4,67,Vừa Phải
399,Yên Phong,2021-09-08,59,0,11,8,18,3,59,Vừa Phải
400,Yên Phong,2021-09-09,76,0,11,8,18,3,76,Vừa Phải
401,Yên Phong,2021-09-10,80,0,12,8,18,4,80,Vừa Phải
402,Yên Phong,2021-09-11,119,0,16,8,18,4,119,Không tốt cho người nhạy cảm
403,Yên Phong,2021-09-12,105,0,11,8,16,4,105,Không tốt cho người nhạy cảm
404,Yên Phong,2021-09-13,51,0,11,8,17,3,51,Vừa Phải
405,Yên Phong,2021-09-15,31,0,10,9,18,4,31,Tốt
406,Yên Phong,2021-09-16,49,0,11,8,18,3,49,Tốt
407,Yên Phong,2021-09-17,34,0,11,8,18,3,34,Tốt
408,Yên Phong,2021-09-18,41,0,10,8,18,4,41,Tốt
409,Yên Phong,2021-09-19,50,0,10,8,18,3,50,Tốt
410,Yên Phong,2021-09-20,72,0,10,8,18,3,72,Vừa Phải
411,Yên Phong,2021-09-23,84,0,8,8,18,3,84,Vừa Phải
412,Yên Phong,2021-09-24,70,0,9,8,18,2,70,Vừa Phải
413,Yên Phong,2021-09-25,68,0,8,9,19,3,68,Vừa Phải
414,Yên Phong,2021-09-26,67,0,10,8,18,3,67,Vừa Phải
415,Yên Phong,2021-09-30,29,0,10,8,17,3,29,Tốt
416,Yên Phong,2021-10-01,47,0,10,9,19,4,47,Tốt
417,Yên Phong,2021-10-02,65,0,10,9,18,4,65,Vừa Phải
418,Yên Phong,2021-10-03,95,0,11,8,18,3,95,Vừa Phải
419,Yên Phong,2021-10-04,97,0,10,9,19,3,97,Vừa Phải
420,Yên Phong,2021-10-05,92,0,10,9,19,4,92,Vừa Phải
421,Yên Phong,2021-10-06,81,0,10,9,19,4,81,Vừa Phải
422,Yên Phong,2021-10-07,75,0,11,9,19,3,75,Vừa Phải
423,Yên Phong,2021-10-08,111,0,9,9,19,3,111,Không tốt cho người nhạy cảm
424,Yên Phong,2021-10-09,89,0,9,8,19,3,89,Vừa Phải
425,Yên Phong,2021-10-10,99,0,9,8,19,4,99,Vừa Phải
426,Yên Phong,2021-10-11,102,0,12,9,19,3,102,Không tốt cho người nhạy cảm
427,Yên Phong,2021-10-12,131,0,11,9,20,3,131,Không tốt cho người nhạy cảm
428,Yên Phong,2021-10-13,106,0,12,8,19,3,106,Không tốt cho người nhạy cảm
429,Yên Phong,2021-10-14,103,0,12,9,19,3,103,Không tốt cho người nhạy cảm
430,Yên Phong,2021-10-15,13,0,12,9,19,3,13,Tốt
431,Yên Phong,2021-10-16,17,0,12,9,20,3,17,Tốt
432,Yên Phong,2021-10-24,20,0,12,10,20,5,20,Tốt
433,Yên Phong,2021-10-25,25,0,12,10,21,5,25,Tốt
434,Yên Phong,2021-10-26,19,0,12,10,20,6,19,Tốt
435,Yên Phong,2021-10-27,24,0,12,10,20,5,24,Tốt
436,Yên Phong,2021-10-28,23,0,0,0,0,0,23,Tốt
437,Yên Phong,2021-11-04,20,0,8,10,23,4,20,Tốt
438,Yên Phong,2021-11-05,21,0,8,9,24,4,21,Tốt
439,Yên Phong,2021-11-06,58,0,8,9,23,4,58,Vừa Phải
440,Yên Phong,2021-11-07,97,0,10,8,21,3,97,Vừa Phải
441,Yên Phong,2021-11-08,35,0,11,9,21,3,35,Tốt
442,Yên Phong,2021-11-09,22,0,10,9,22,3,22,Tốt
443,Yên Phong,2021-11-10,66,0,0,0,0,0,66,Vừa Phải
444,Yên Phong,2021-12-10,84,0,11,8,27,5,84,Vừa Phải
445,Yên Phong,2021-12-11,123,0,12,8,26,5,123,Không tốt cho người nhạy cảm
446,Yên Phong,2021-12-12,161,0,0,0,0,0,161,Không tốt
447,Yên Phong,2021-12-22,182,0,8,8,34,6,182,Không tốt
448,Yên Phong,2021-12-23,164,0,7,8,27,5,164,Không tốt
449,Yên Phong,2021-12-24,39,0,7,8,28,5,39,Tốt
450,Yên Phong,2021-12-25,24,0,7,0,25,5,24,Tốt
451,Yên Phong,2021-12-26,39,0,7,0,23,4,39,Tốt
452,Yên Phong,2021-12-27,42,0,7,0,23,4,42,Tốt
453,Yên Phong,2021-12-28,51,0,8,0,23,4,51,Vừa Phải
454,Yên Phong,2021-12-29,65,0,8,0,23,4,65,Vừa Phải
455,Yên Phong,2022-01-05,83,1,8,8,28,5,83,Vừa Phải
456,Yên Phong,2022-01-06,65,0,7,8,31,5,65,Vừa Phải
457,Yên Phong,2022-01-07,55,0,8,8,26,5,55,Vừa Phải
458,Yên Phong,2022-01-08,67,0,0,0,0,0,67,Vừa Phải
459,Yên Phong,2022-01-11,32,0,7,7,42,5,32,Tốt
460,Yên Phong,2022-01-12,54,0,8,8,26,5,54,Vừa Phải
461,Yên Phong,2022-01-13,67,0,7,8,30,5,67,Vừa Phải
462,Yên Phong,2022-01-14,119,0,7,8,27,6,119,Không tốt cho người nhạy cảm
463,Yên Phong,2022-01-15,137,0,8,8,26,6,137,Không tốt cho người nhạy cảm
464,Yên Phong,2022-01-16,92,0,8,8,24,4,92,Vừa Phải
465,Yên Phong,2022-01-17,144,0,8,8,26,4,144,Không tốt cho người nhạy cảm
466,Yên Phong,2022-01-18,177,0,8,8,27,4,177,Không tốt
467,Yên Phong,2022-01-19,171,0,8,8,28,4,171,Không tốt
468,Yên Phong,2022-01-20,102,0,8,8,26,4,102,Không tốt cho người nhạy cảm
469,Yên Phong,2022-01-21,73,0,8,8,26,4,73,Vừa Phải
470,Yên Phong,2022-01-22,168,0,7,8,26,4,168,Không tốt
471,Yên Phong,2022-01-23,133,0,8,8,27,4,133,Không tốt cho người nhạy cảm
472,Yên Phong,2022-01-24,68,0,8,8,25,4,68,Vừa Phải
473,Yên Phong,2022-01-25,40,0,7,8,26,4,40,Tốt
474,Yên Phong,2022-01-26,44,0,7,8,25,3,44,Tốt
475,Yên Phong,2022-01-27,65,0,7,8,25,3,65,Vừa Phải
476,Yên Phong,2022-01-28,98,0,8,8,24,3,98,Vừa Phải
477,Yên Phong,2022-01-29,131,0,8,8,24,4,131,Không tốt cho người nhạy cảm
478,Yên Phong,2022-01-30,134,0,8,8,23,3,134,Không tốt cho người nhạy cảm
479,Yên Phong,2022-01-31,160,0,8,8,23,3,160,Không tốt
480,Yên Phong,2022-02-01,164,0,8,8,24,3,164,Không tốt
481,Yên Phong,2022-02-02,129,0,8,8,24,3,129,Không tốt cho người nhạy cảm
482,Yên Phong,2022-02-03,113,0,8,8,24,4,113,Không tốt cho người nhạy cảm
483,Yên Phong,2022-02-04,129,0,8,8,24,3,129,Không tốt cho người nhạy cảm
484,Yên Phong,2022-02-05,174,0,8,8,24,4,174,Không tốt
485,Yên Phong,2022-02-06,178,0,8,8,25,4,178,Không tốt
486,Yên Phong,2022-02-07,191,0,8,8,24,4,191,Không tốt
487,Yên Phong,2022-02-08,183,0,8,8,25,3,183,Không tốt
488,Yên Phong,2022-02-09,187,0,8,8,25,3,187,Không tốt
489,Yên Phong,2022-02-10,0,0,8,7,26,4,0,Tốt
490,Yên Phong,2022-02-11,134,0,8,8,25,3,134,Không tốt cho người nhạy cảm
491,Yên Phong,2022-02-12,174,0,8,0,24,3,174,Không tốt
492,Yên Phong,2022-02-13,168,0,8,0,27,3,168,Không tốt
493,Yên Phong,2022-02-14,161,0,8,0,29,4,161,Không tốt
494,Yên Phong,2022-02-15,67,0,8,0,26,3,67,Vừa Phải
495,Yên Phong,2022-02-16,178,0,8,7,28,4,178,Không tốt
496,Yên Phong,2022-02-17,199,0,0,0,0,0,199,Không tốt
497,Yên Phong,2022-03-01,192,2,8,1,7,3,192,Không tốt
498,Yên Phong,2022-03-02,155,2,7,1,5,2,155,Không tốt
499,Yên Phong,2022-03-03,85,1,8,1,6,1,85,Vừa Phải
500,Yên Phong,2022-03-04,119,1,8,1,5,2,119,Không tốt cho người nhạy cảm
501,Yên Phong,2022-03-05,153,1,8,1,4,2,153,Không tốt
502,Yên Phong,2022-03-06,130,1,7,1,2,1,130,Không tốt cho người nhạy cảm
503,Yên Phong,2022-03-07,211,0,0,0,0,0,211,Rất không tốt
504,Yên Phong,2022-03-09,201,1,8,1,6,1,201,Rất không tốt
505,Yên Phong,2022-03-10,182,1,8,1,7,1,182,Không tốt
506,Yên Phong,2022-03-11,208,2,10,0,12,2,208,Rất không tốt
507,Yên Phong,2022-03-12,155,1,8,1,8,1,155,Không tốt
508,Yên Phong,2022-03-13,40,1,8,1,7,1,40,Tốt
509,Yên Phong,2022-03-14,68,1,7,1,4,1,68,Vừa Phải
510,Yên Phong,2022-03-15,96,0,0,0,0,0,96,Vừa Phải
511,Yên Phong,2022-03-17,67,1,8,1,4,1,67,Vừa Phải
512,Yên Phong,2022-03-18,83,1,8,1,6,1,83,Vừa Phải
513,Yên Phong,2022-03-19,0,1,8,1,6,1,0,Tốt
514,Yên Phong,2022-03-20,183,1,8,1,6,1,183,Không tốt
515,Yên Phong,2022-03-21,211,1,8,1,6,1,211,Rất không tốt
516,Yên Phong,2022-03-22,153,1,8,1,2,1,153,Không tốt
517,Yên Phong,2022-03-23,108,0,0,0,0,0,108,Không tốt cho người nhạy cảm
518,Yên Phong,2022-03-30,137,0,8,1,1,1,137,Không tốt cho người nhạy cảm
519,Yên Phong,2022-03-31,157,1,8,1,2,1,157,Không tốt
520,Yên Phong,2022-04-01,91,1,8,1,1,1,91,Vừa Phải
521,Yên Phong,2022-04-02,55,1,8,1,4,1,55,Vừa Phải
522,Yên Phong,2022-04-03,69,1,8,0,9,1,69,Vừa Phải
523,Yên Phong,2022-04-04,151,1,8,0,7,2,151,Không tốt
524,Yên Phong,2022-04-05,132,1,8,0,10,2,132,Không tốt cho người nhạy cảm
525,Yên Phong,2022-04-06,169,1,7,1,7,2,169,Không tốt
526,Yên Phong,2022-04-07,219,1,5,1,10,3,219,Rất không tốt
527,Yên Phong,2022-04-08,177,0,0,0,0,0,177,Không tốt
528,Yên Phong,2022-04-14,28,1,7,1,6,1,28,Tốt
529,Yên Phong,2022-04-15,88,1,7,1,4,1,88,Vừa Phải
530,Yên Phong,2022-04-16,121,1,8,1,3,1,121,Không tốt cho người nhạy cảm
531,Yên Phong,2022-04-17,121,0,8,1,2,1,121,Không tốt cho người nhạy cảm
532,Yên Phong,2022-04-18,139,1,8,1,3,1,139,Không tốt cho người nhạy cảm
533,Yên Phong,2022-04-19,104,1,8,1,4,1,104,Không tốt cho người nhạy cảm
534,Yên Phong,2022-04-20,144,1,8,1,8,3,144,Không tốt cho người nhạy cảm
535,Yên Phong,2022-04-21,93,1,8,1,8,2,93,Vừa Phải
536,Yên Phong,2022-04-22,84,1,7,1,7,1,84,Vừa Phải
537,Yên Phong,2022-04-23,87,1,7,1,7,1,87,Vừa Phải
538,Yên Phong,2022-04-24,76,1,7,0,7,1,76,Vừa Phải
539,Yên Phong,2022-04-25,70,1,7,0,6,1,70,Vừa Phải
540,Yên Phong,2022-04-26,58,1,7,1,5,1,58,Vừa Phải
541,Yên Phong,2022-04-27,49,1,7,1,6,1,49,Tốt
542,Yên Phong,2022-04-28,39,1,7,1,5,1,39,Tốt
543,Yên Phong,2022-04-29,41,0,0,0,0,0,41,Tốt
544,Yên Phong,2022-05-01,29,0,7,1,4,1,29,Tốt
545,Yên Phong,2022-05-02,40,1,7,1,7,1,40,Tốt
546,Yên Phong,2022-05-03,68,1,8,1,7,1,68,Vừa Phải
547,Yên Phong,2022-05-04,99,1,7,1,9,2,99,Vừa Phải
548,Yên Phong,2022-05-05,116,1,7,1,8,1,116,Không tốt cho người nhạy cảm
549,Yên Phong,2022-05-06,94,1,7,1,7,1,94,Vừa Phải
550,Yên Phong,2022-05-07,45,1,7,1,7,1,45,Tốt
551,Yên Phong,2022-05-08,28,1,7,1,6,1,28,Tốt
552,Yên Phong,2022-05-09,57,1,8,1,6,1,57,Vừa Phải
553,Yên Phong,2022-05-10,80,1,7,1,5,1,80,Vừa Phải
554,Yên Phong,2022-05-11,36,1,12,1,5,1,36,Tốt
555,Yên Phong,2022-05-12,17,1,7,1,4,1,17,Tốt
556,Yên Phong,2022-05-13,51,0,7,1,4,1,51,Vừa Phải
557,Yên Phong,2022-05-14,93,1,7,1,4,2,93,Vừa Phải
558,Yên Phong,2022-05-15,64,0,8,1,4,1,64,Vừa Phải
559,Yên Phong,2022-05-16,108,1,8,1,5,1,108,Không tốt cho người nhạy cảm
560,Yên Phong,2022-05-17,69,1,7,1,10,1,69,Vừa Phải
561,Yên Phong,2022-05-18,9,1,8,1,10,1,9,Tốt
562,Yên Phong,2022-05-19,16,1,7,1,8,1,16,Tốt
563,Yên Phong,2022-05-20,20,1,7,1,7,1,20,Tốt
564,Yên Phong,2022-05-21,28,1,7,1,4,1,28,Tốt
565,Yên Phong,2022-05-22,47,1,7,1,5,1,47,Tốt
566,Yên Phong,2022-05-23,70,1,8,1,4,1,70,Vừa Phải
567,Yên Phong,2022-05-24,131,1,8,1,4,1,131,Không tốt cho người nhạy cảm
568,Yên Phong,2022-05-25,158,1,7,1,5,1,158,Không tốt
569,Yên Phong,2022-05-26,221,1,7,1,5,1,221,Rất không tốt
570,Yên Phong,2022-05-27,179,1,7,0,5,1,179,Không tốt
571,Yên Phong,2022-05-28,179,1,7,0,5,1,179,Không tốt
572,Yên Phong,2022-05-29,201,1,7,0,5,1,201,Rất không tốt
573,Yên Phong,2022-05-30,152,1,7,0,5,1,152,Không tốt
574,Yên Phong,2022-05-31,110,1,8,0,4,1,110,Không tốt cho người nhạy cảm
575,Yên Phong,2022-06-01,80,0,0,0,0,0,80,Vừa Phải
576,Yên Phong,2022-06-21,78,4,8,1,2,1,78,Vừa Phải
577,Yên Phong,2022-06-22,76,1,8,1,2,1,76,Vừa Phải
578,Yên Phong,2022-06-23,124,0,8,0,1,1,124,Không tốt cho người nhạy cảm
579,Yên Phong,2022-06-24,95,6,8,0,3,1,95,Vừa Phải
580,Yên Phong,2022-06-25,91,0,8,0,7,1,91,Vừa Phải
581,Yên Phong,2022-07-04,88,0,0,0,0,2,88,Vừa Phải
582,Yên Phong,2022-07-05,75,1,0,0,0,1,75,Vừa Phải
583,Yên Phong,2022-07-12,72,0,5,0,7,0,72,Vừa Phải
584,Yên Phong,2022-07-13,88,0,7,1,7,0,88,Vừa Phải
585,Yên Phong,2022-07-14,153,1,5,1,13,1,153,Không tốt
586,Yên Phong,2022-07-15,0,1,3,1,14,1,0,Tốt
587,Yên Phong,2022-07-16,90,0,3,0,16,1,90,Vừa Phải
588,Yên Phong,2022-07-17,126,0,0,0,0,1,126,Không tốt cho người nhạy cảm
589,Yên Phong,2022-07-27,0,0,4,1,19,0,0,Tốt
590,Yên Phong,2022-07-28,15,1,3,1,16,1,15,Tốt
591,Yên Phong,2022-07-29,77,1,3,1,15,1,77,Vừa Phải
592,Yên Phong,2022-07-30,126,1,3,0,16,1,126,Không tốt cho người nhạy cảm
593,Yên Phong,2022-07-31,159,1,3,0,16,1,159,Không tốt
594,Yên Phong,2022-08-01,82,1,3,0,14,1,82,Vừa Phải
595,Yên Phong,2022-08-02,47,1,3,0,16,1,47,Tốt
596,Yên Phong,2022-08-03,157,1,3,0,16,1,157,Không tốt
597,Yên Phong,2022-08-04,140,1,4,0,15,1,140,Không tốt cho người nhạy cảm
598,Yên Phong,2022-08-05,87,1,4,0,15,1,87,Vừa Phải
599,Yên Phong,2022-08-06,25,1,4,0,17,1,25,Tốt
600,Yên Phong,2022-08-07,24,1,4,0,14,1,24,Tốt
601,Yên Phong,2022-08-08,71,1,5,0,13,1,71,Vừa Phải
602,Yên Phong,2022-08-09,112,0,3,0,13,1,112,Không tốt cho người nhạy cảm
603,Yên Phong,2022-08-10,136,1,6,0,11,1,136,Không tốt cho người nhạy cảm
604,Yên Phong,2022-08-11,176,0,6,0,14,1,176,Không tốt
605,Yên Phong,2022-08-12,160,1,6,0,14,1,160,Không tốt
606,Yên Phong,2022-08-13,174,1,5,0,17,1,174,Không tốt
607,Yên Phong,2022-08-14,113,1,5,0,15,1,113,Không tốt cho người nhạy cảm
608,Yên Phong,2022-08-15,103,1,4,0,16,1,103,Không tốt cho người nhạy cảm
609,Yên Phong,2022-08-16,117,1,3,0,18,1,117,Không tốt cho người nhạy cảm
610,Yên Phong,2022-08-17,87,1,3,0,17,1,87,Vừa Phải
611,Yên Phong,2022-08-18,110,1,7,0,14,1,110,Không tốt cho người nhạy cảm
612,Yên Phong,2022-08-19,118,51,7,1,9,1,118,Không tốt cho người nhạy cảm
613,Yên Phong,2022-08-20,108,55,7,1,9,1,108,Không tốt cho người nhạy cảm
614,Yên Phong,2022-08-21,52,30,7,1,11,1,52,Vừa Phải
615,Yên Phong,2022-08-22,15,25,7,0,10,1,15,Tốt
616,Yên Phong,2022-08-23,16,19,7,0,11,1,16,Tốt
617,Yên Phong,2022-08-24,58,20,7,0,10,1,58,Vừa Phải
618,Yên Phong,2022-08-25,108,22,0,0,0,2,108,Không tốt cho người nhạy cảm
619,Yên Phong,2022-09-24,144,0,8,0,11,0,144,Không tốt cho người nhạy cảm
620,Yên Phong,2022-09-25,104,66,16,1,13,2,104,Không tốt cho người nhạy cảm
621,Yên Phong,2022-09-26,76,79,19,1,14,2,76,Vừa Phải
622,Yên Phong,2022-09-27,70,89,13,1,14,1,70,Vừa Phải
623,Yên Phong,2022-09-28,81,79,13,1,14,2,81,Vừa Phải
624,Yên Phong,2022-09-29,77,58,11,1,14,1,77,Vừa Phải
625,Yên Phong,2022-09-30,56,53,9,1,15,1,56,Vừa Phải
626,Yên Phong,2022-10-01,57,63,10,1,16,1,57,Vừa Phải
627,Yên Phong,2022-10-02,68,76,12,1,14,1,68,Vừa Phải
628,Yên Phong,2022-10-03,0,62,12,0,15,1,0,Tốt
629,Yên Phong,2022-10-04,57,71,14,0,15,1,57,Vừa Phải
630,Yên Phong,2022-10-05,111,68,13,0,14,2,111,Không tốt cho người nhạy cảm
631,Yên Phong,2022-10-06,139,84,12,0,16,2,139,Không tốt cho người nhạy cảm
632,Yên Phong,2022-10-07,141,59,14,0,14,1,141,Không tốt cho người nhạy cảm
633,Yên Phong,2022-10-08,90,0,0,0,0,0,90,Vừa Phải
634,Yên Phong,2022-10-17,0,218,8,1,14,4,0,Tốt
635,Yên Phong,2022-10-18,321,105,15,1,16,2,321,Nguy hiểm
636,Yên Phong,2022-10-19,177,0,0,0,0,0,177,Không tốt
637,Yên Phong,2022-11-10,0,95,12,1,21,1,0,Tốt
638,Yên Phong,2022-11-11,152,114,13,1,22,2,152,Không tốt
639,Yên Phong,2022-11-12,187,91,12,1,20,2,187,Không tốt
640,Yên Phong,2022-11-13,151,119,13,1,19,2,151,Không tốt
641,Yên Phong,2022-11-14,199,112,11,0,21,1,199,Không tốt
642,Yên Phong,2022-11-15,174,96,13,0,21,1,174,Không tốt
643,Yên Phong,2022-11-16,158,100,11,0,20,1,158,Không tốt
644,Yên Phong,2022-11-17,165,93,10,1,20,1,165,Không tốt
645,Yên Phong,2022-11-18,155,92,10,1,22,1,155,Không tốt
646,Yên Phong,2022-11-19,147,53,8,1,19,1,147,Không tốt cho người nhạy cảm
647,Yên Phong,2022-11-20,85,0,0,0,0,0,85,Vừa Phải
648,Yên Phong,2022-11-22,0,62,7,1,17,1,0,Tốt
649,Yên Phong,2022-11-23,110,34,7,1,16,1,110,Không tốt cho người nhạy cảm
650,Yên Phong,2022-11-24,53,40,8,1,16,1,53,Vừa Phải
651,Yên Phong,2022-11-25,60,39,7,1,16,2,60,Vừa Phải
652,Yên Phong,2022-11-26,59,95,8,1,19,1,59,Vừa Phải
653,Yên Phong,2022-11-27,148,110,7,1,20,1,148,Không tốt cho người nhạy cảm
654,Yên Phong,2022-11-28,163,110,7,1,19,1,163,Không tốt
655,Yên Phong,2022-11-29,166,121,9,1,22,1,166,Không tốt
656,Yên Phong,2022-11-30,172,14,0,0,0,0,172,Không tốt
657,Yên Phong,2022-12-01,19,34,12,1,14,1,19,Tốt
658,Yên Phong,2022-12-02,40,60,12,1,16,1,40,Tốt
659,Yên Phong,2022-12-03,89,41,11,1,15,1,89,Vừa Phải
660,Yên Phong,2022-12-04,66,35,12,1,16,2,66,Vừa Phải
661,Yên Phong,2022-12-05,57,69,12,1,15,1,57,Vừa Phải
662,Yên Phong,2022-12-06,114,89,12,1,16,2,114,Không tốt cho người nhạy cảm
663,Yên Phong,2022-12-07,164,64,11,1,16,2,164,Không tốt
664,Yên Phong,2022-12-08,117,68,12,1,15,1,117,Không tốt cho người nhạy cảm
665,Yên Phong,2022-12-09,132,57,12,1,15,1,132,Không tốt cho người nhạy cảm
666,Yên Phong,2022-12-10,110,84,15,1,16,2,110,Không tốt cho người nhạy cảm
667,Yên Phong,2022-12-11,146,106,15,1,18,2,146,Không tốt cho người nhạy cảm
668,Yên Phong,2022-12-12,178,132,16,1,19,2,178,Không tốt
669,Yên Phong,2022-12-13,192,116,14,1,18,2,192,Không tốt
670,Yên Phong,2022-12-14,182,0,0,0,0,0,182,Không tốt
671,Yên Phong,2022-12-15,0,133,20,1,20,3,0,Tốt
672,Yên Phong,2022-12-16,217,79,13,1,16,1,217,Rất không tốt
673,Yên Phong,2022-12-17,121,61,13,0,14,1,121,Không tốt cho người nhạy cảm
674,Yên Phong,2022-12-18,82,0,0,0,0,0,82,Vừa Phải
675,Yên Phong,2022-12-20,0,115,8,0,23,2,0,Tốt
676,Yên Phong,2022-12-21,188,0,0,0,0,0,188,Không tốt
677,Yên Phong,2023-01-31,0,113,14,1,21,2,0,Tốt
678,Yên Phong,2023-02-01,187,95,12,1,20,2,187,Không tốt
679,Yên Phong,2023-02-02,168,0,0,0,0,0,168,Không tốt
680,Yên Phong,2023-03-07,0,127,7,1,27,1,0,Tốt
681,Yên Phong,2023-03-08,211,90,7,1,21,1,211,Rất không tốt
682,Yên Phong,2023-03-09,152,141,7,1,25,2,152,Không tốt
683,Yên Phong,2023-03-10,221,130,7,1,25,2,221,Rất không tốt
684,Yên Phong,2023-03-11,209,117,7,1,24,2,209,Rất không tốt
685,Yên Phong,2023-03-12,189,92,7,1,20,1,189,Không tốt
686,Yên Phong,2023-03-13,91,170,7,1,26,2,91,Vừa Phải
687,Yên Phong,2023-03-14,225,149,7,1,25,2,225,Rất không tốt
688,Yên Phong,2023-03-15,214,128,7,0,26,2,214,Rất không tốt
689,Yên Phong,2023-03-16,205,111,7,0,27,1,205,Rất không tốt
690,Yên Phong,2023-03-17,189,133,7,0,27,1,189,Không tốt
691,Yên Phong,2023-03-18,209,127,7,0,27,1,209,Rất không tốt
692,Yên Phong,2023-03-19,206,126,7,0,26,1,206,Rất không tốt
693,Yên Phong,2023-03-20,200,54,7,0,25,1,200,Không tốt
694,Yên Phong,2023-03-21,88,0,0,0,0,0,88,Vừa Phải
695,Yên Phong,2023-04-12,0,102,7,1,23,2,0,Tốt
696,Yên Phong,2023-04-13,178,222,7,1,22,2,178,Không tốt
697,Yên Phong,2023-04-14,307,0,0,0,0,0,307,Nguy hiểm
698,Yên Phong,2023-05-15,146,83,0,0,2,7,146,Không tốt cho người nhạy cảm
699,Yên Phong,2023-05-16,160,109,0,0,1,3,160,Không tốt
700,Yên Phong,2023-05-17,170,0,0,0,0,0,170,Không tốt
701,Yên Phong,2023-06-06,186,29,14,0,4,2,186,Không tốt
702,Yên Phong,2023-06-07,161,0,0,0,0,0,161,Không tốt
703,Yên Phong,2023-07-16,151,24,13,0,8,2,151,Không tốt
704,Yên Phong,2023-07-17,137,10,17,0,8,2,137,Không tốt cho người nhạy cảm
705,Yên Phong,2023-07-18,109,1,8,0,9,2,109,Không tốt cho người nhạy cảm
706,Yên Phong,2023-07-19,119,1,4,0,9,2,119,Không tốt cho người nhạy cảm
707,Yên Phong,2023-07-20,148,1,7,0,9,2,148,Không tốt cho người nhạy cảm
708,Yên Phong,2023-07-21,126,1,7,0,9,4,126,Không tốt cho người nhạy cảm
709,Yên Phong,2023-07-22,89,1,9,0,12,1,89,Vừa Phải
710,Yên Phong,2023-07-23,56,1,4,0,10,3,56,Vừa Phải
711,Yên Phong,2023-07-24,65,0,0,0,0,0,65,Vừa Phải
712,Yên Phong,2023-07-26,74,5,0,0,13,2,74,Vừa Phải
713,Yên Phong,2023-07-27,72,6,4,0,14,3,72,Vừa Phải
714,Yên Phong,2023-07-28,120,0,0,0,0,0,120,Không tốt cho người nhạy cảm
715,Yên Phong,2023-08-02,148,31,0,0,12,2,148,Không tốt cho người nhạy cảm
716,Yên Phong,2023-08-03,113,31,8,0,10,2,113,Không tốt cho người nhạy cảm
717,Yên Phong,2023-08-04,52,25,9,0,11,2,52,Vừa Phải
718,Yên Phong,2023-08-05,49,54,10,0,12,3,49,Tốt
719,Yên Phong,2023-08-06,39,49,11,0,12,3,39,Tốt
720,Yên Phong,2023-08-07,53,67,0,0,13,3,53,Vừa Phải
721,Yên Phong,2023-08-08,44,0,0,0,0,0,44,Tốt
722,Yên Phong,2023-08-23,55,44,5,0,16,4,55,Vừa Phải
723,Yên Phong,2023-08-24,56,39,6,0,15,11,56,Vừa Phải
724,Yên Phong,2023-08-25,207,50,2,0,15,28,207,Rất không tốt
725,Yên Phong,2023-08-26,201,54,2,0,15,40,201,Rất không tốt
726,Yên Phong,2023-08-27,120,20,2,0,15,42,120,Không tốt cho người nhạy cảm
727,Yên Phong,2023-08-28,96,22,1,0,15,42,96,Vừa Phải
728,Yên Phong,2023-08-29,171,33,1,0,16,43,171,Không tốt
729,Yên Phong,2023-08-30,134,0,0,0,0,0,134,Không tốt cho người nhạy cảm
730,Yên Phong,2023-09-05,129,38,2,0,20,40,129,Không tốt cho người nhạy cảm
731,Yên Phong,2023-09-06,123,56,6,0,18,43,123,Không tốt cho người nhạy cảm
732,Yên Phong,2023-09-07,0,29,5,0,18,40,0,Tốt
733,Yên Phong,2023-09-08,106,41,1,0,17,43,106,Không tốt cho người nhạy cảm
734,Yên Phong,2023-09-09,131,50,1,0,17,43,131,Không tốt cho người nhạy cảm
735,Yên Phong,2023-09-10,145,46,0,0,17,43,145,Không tốt cho người nhạy cảm
736,Yên Phong,2023-09-11,46,52,1,0,18,43,46,Tốt
737,Yên Phong,2023-09-12,40,0,0,0,0,0,40,Tốt
738,Yên Phong,2023-09-15,67,47,3,10,9,6,67,Vừa Phải
739,Yên Phong,2023-09-16,118,38,3,9,9,5,118,Không tốt cho người nhạy cảm
740,Yên Phong,2023-09-17,170,0,0,0,0,0,170,Không tốt
741,Yên Phong,2023-09-18,148,41,3,10,9,5,148,Không tốt cho người nhạy cảm
742,Yên Phong,2023-09-19,149,60,2,9,9,4,149,Không tốt cho người nhạy cảm
743,Yên Phong,2023-09-20,113,56,2,9,9,4,113,Không tốt cho người nhạy cảm
744,Yên Phong,2023-09-21,130,64,2,9,8,5,130,Không tốt cho người nhạy cảm
745,Yên Phong,2023-09-22,153,62,1,9,1,5,153,Không tốt
746,Yên Phong,2023-09-23,137,49,0,9,1,4,137,Không tốt cho người nhạy cảm
747,Yên Phong,2023-09-24,73,50,0,11,1,4,73,Vừa Phải
748,Yên Phong,2023-09-25,84,38,4,10,5,4,84,Vừa Phải
749,Yên Phong,2023-09-26,137,40,3,9,8,4,137,Không tốt cho người nhạy cảm
750,Yên Phong,2023-09-27,149,21,3,9,7,3,149,Không tốt cho người nhạy cảm
751,Yên Phong,2023-09-28,147,0,0,0,0,0,147,Không tốt cho người nhạy cảm
