,địa điểm trạm đo,date,pm25,pm10,o3,no2,so2,co,aqi
0,Phú Nhuận,2019-12-02,0,18,13,12,5,10,18
1,Phú Nhuận,2019-12-03,34,19,20,12,4,7,34
2,Phú Nhuận,2019-12-04,36,17,15,13,5,7,36
3,Phú Nhuận,2019-12-05,32,8,22,8,5,5,32
4,Phú Nhuận,2019-12-06,13,35,20,13,5,8,35
5,Phú Nhuận,2019-12-07,45,45,11,14,4,8,45
6,Phú Nhuận,2019-12-08,63,47,16,14,5,9,63
7,Phú Nhuận,2019-12-09,67,54,24,15,6,10,67
8,Phú Nhuận,2019-12-10,90,37,24,13,4,9,90
9,Phú Nhuận,2019-12-11,70,50,17,13,5,8,70
10,Phú Nhuận,2019-12-12,100,46,11,13,5,11,100
11,Phú Nhuận,2019-12-13,64,40,11,13,5,8,64
12,Phú Nhuận,2019-12-14,68,27,10,9,4,7,68
13,Phú Nhuận,2019-12-15,38,23,10,9,4,7,38
14,Phú Nhuận,2019-12-16,31,30,8,8,4,6,31
15,Phú Nhuận,2019-12-17,41,21,10,7,4,6,41
16,Phú Nhuận,2019-12-18,27,20,8,7,5,6,27
17,Phú Nhuận,2019-12-19,27,19,10,7,5,5,27
18,Phú Nhuận,2019-12-20,24,20,10,8,4,7,24
19,Phú Nhuận,2019-12-21,26,21,11,8,5,7,26
20,Phú Nhuận,2019-12-22,29,26,10,9,5,8,29
21,Phú Nhuận,2019-12-23,35,26,10,7,5,8,35
22,Phú Nhuận,2019-12-24,35,27,10,9,5,8,35
23,Phú Nhuận,2019-12-25,35,31,11,8,5,7,35
24,Phú Nhuận,2019-12-26,41,33,17,9,5,8,41
25,Phú Nhuận,2019-12-27,44,38,15,11,5,11,44
26,Phú Nhuận,2019-12-28,56,50,13,10,6,10,56
27,Phú Nhuận,2019-12-29,80,0,0,0,0,0,80
28,Phú Nhuận,2019-12-31,0,12,13,4,5,5,13
29,Phú Nhuận,2020-01-01,17,17,14,5,5,7,17
30,Phú Nhuận,2020-01-02,27,19,10,6,5,8,27
31,Phú Nhuận,2020-01-03,29,19,10,5,5,7,29
32,Phú Nhuận,2020-01-04,25,18,10,5,5,6,25
33,Phú Nhuận,2020-01-05,25,22,10,5,5,6,25
34,Phú Nhuận,2020-01-06,28,22,10,4,5,7,28
35,Phú Nhuận,2020-01-07,29,22,10,3,5,7,29
36,Phú Nhuận,2020-01-08,28,25,10,3,5,6,28
37,Phú Nhuận,2020-01-09,31,28,10,5,5,7,31
38,Phú Nhuận,2020-01-10,37,28,10,1,5,8,37
39,Phú Nhuận,2020-01-11,36,22,10,1,5,7,36
40,Phú Nhuận,2020-01-12,31,25,15,1,5,7,31
41,Phú Nhuận,2020-01-13,36,11,14,1,5,8,36
42,Phú Nhuận,2020-01-14,20,14,13,0,5,7,20
43,Phú Nhuận,2020-01-15,22,31,11,95,5,8,95
44,Phú Nhuận,2020-01-16,41,12,6,13,5,8,41
45,Phú Nhuận,2020-01-17,18,25,5,13,5,7,25
46,Phú Nhuận,2020-01-18,39,22,5,13,5,8,39
47,Phú Nhuận,2020-01-19,31,26,5,13,5,9,31
48,Phú Nhuận,2020-01-20,36,22,6,14,5,9,36
49,Phú Nhuận,2020-01-21,32,26,5,13,5,10,32
50,Phú Nhuận,2020-01-22,37,30,5,13,5,10,37
51,Phú Nhuận,2020-01-23,43,31,5,13,5,9,43
52,Phú Nhuận,2020-01-24,45,33,5,13,5,7,45
53,Phú Nhuận,2020-01-25,51,9,5,13,5,6,51
54,Phú Nhuận,2020-01-26,13,7,5,13,5,8,13
55,Phú Nhuận,2020-01-27,12,5,5,13,5,8,13
56,Phú Nhuận,2020-01-28,10,3,6,13,5,7,13
57,Phú Nhuận,2020-01-29,7,17,6,13,5,8,17
58,Phú Nhuận,2020-01-30,27,26,6,14,5,9,27
59,Phú Nhuận,2020-01-31,48,19,7,13,5,7,48
60,Phú Nhuận,2020-02-01,33,16,6,13,6,6,33
61,Phú Nhuận,2020-02-02,28,19,7,13,0,7,28
62,Phú Nhuận,2020-02-03,28,23,6,13,0,7,28
63,Phú Nhuận,2020-02-04,32,22,6,13,0,6,32
64,Phú Nhuận,2020-02-05,29,23,6,13,0,7,29
65,Phú Nhuận,2020-02-06,29,25,6,13,0,8,29
66,Phú Nhuận,2020-02-07,33,18,6,13,0,6,33
67,Phú Nhuận,2020-02-08,25,20,8,13,0,5,25
68,Phú Nhuận,2020-02-09,25,23,7,13,0,7,25
69,Phú Nhuận,2020-02-10,29,25,6,13,0,9,29
70,Phú Nhuận,2020-02-11,37,28,5,13,0,8,37
71,Phú Nhuận,2020-02-12,38,27,7,13,0,9,38
72,Phú Nhuận,2020-02-13,36,32,6,13,0,10,36
73,Phú Nhuận,2020-02-14,45,35,6,13,0,8,45
74,Phú Nhuận,2020-02-15,44,20,6,13,0,7,44
75,Phú Nhuận,2020-02-16,31,7,6,14,0,7,31
76,Phú Nhuận,2020-02-17,13,2,7,14,0,7,14
77,Phú Nhuận,2020-02-18,2,16,8,13,0,7,16
78,Phú Nhuận,2020-02-19,22,30,7,13,0,7,30
79,Phú Nhuận,2020-02-20,42,30,7,13,0,7,42
80,Phú Nhuận,2020-02-21,41,30,6,13,0,7,41
81,Phú Nhuận,2020-02-22,42,28,7,13,0,6,42
82,Phú Nhuận,2020-02-23,38,24,8,13,0,6,38
83,Phú Nhuận,2020-02-24,33,23,7,33,0,6,33
84,Phú Nhuận,2020-02-25,30,18,5,13,0,6,30
85,Phú Nhuận,2020-02-26,23,17,5,13,0,6,23
86,Phú Nhuận,2020-02-27,22,13,5,13,0,5,22
87,Phú Nhuận,2020-02-28,16,18,5,13,0,7,18
88,Phú Nhuận,2020-02-29,25,16,6,13,0,6,25
89,Phú Nhuận,2020-03-01,21,22,5,13,0,7,22
90,Phú Nhuận,2020-03-02,29,11,5,13,0,4,29
91,Phú Nhuận,2020-03-03,16,18,6,13,0,6,18
92,Phú Nhuận,2020-03-04,22,10,5,13,0,6,22
93,Phú Nhuận,2020-03-05,15,16,5,13,0,10,16
94,Phú Nhuận,2020-03-06,23,24,6,13,0,9,24
95,Phú Nhuận,2020-03-07,31,29,6,13,0,8,31
96,Phú Nhuận,2020-03-08,37,34,7,13,0,7,37
97,Phú Nhuận,2020-03-09,39,38,7,13,0,8,39
98,Phú Nhuận,2020-03-10,52,24,7,13,0,9,52
99,Phú Nhuận,2020-03-11,39,33,11,13,0,9,39
100,Phú Nhuận,2020-03-12,66,28,7,14,0,7,66
101,Phú Nhuận,2020-03-13,51,18,6,14,0,5,51
102,Phú Nhuận,2020-03-14,27,16,6,13,0,5,27
103,Phú Nhuận,2020-03-15,27,21,6,13,0,7,27
104,Phú Nhuận,2020-03-16,33,25,7,13,0,7,33
105,Phú Nhuận,2020-03-17,37,27,6,13,0,7,37
106,Phú Nhuận,2020-03-18,40,28,6,13,0,6,40
107,Phú Nhuận,2020-03-19,42,20,6,13,0,7,42
108,Phú Nhuận,2020-03-20,32,23,6,13,0,7,32
109,Phú Nhuận,2020-03-21,33,20,6,13,0,6,33
110,Phú Nhuận,2020-03-22,28,21,6,13,0,6,28
111,Phú Nhuận,2020-03-23,30,16,6,13,0,5,30
112,Phú Nhuận,2020-03-24,21,21,6,13,0,5,21
113,Phú Nhuận,2020-03-25,27,22,6,13,0,6,27
114,Phú Nhuận,2020-03-26,30,28,7,13,0,6,30
115,Phú Nhuận,2020-03-27,39,28,8,13,0,6,39
116,Phú Nhuận,2020-03-28,40,21,7,13,0,5,40
117,Phú Nhuận,2020-03-29,31,29,8,12,0,6,31
118,Phú Nhuận,2020-03-30,39,27,8,13,0,6,39
119,Phú Nhuận,2020-03-31,39,17,6,13,0,6,39
120,Phú Nhuận,2020-04-01,27,18,7,13,0,4,27
121,Phú Nhuận,2020-04-02,27,19,7,13,0,5,27
122,Phú Nhuận,2020-04-03,28,18,6,13,0,4,28
123,Phú Nhuận,2020-04-04,25,13,8,13,0,4,25
124,Phú Nhuận,2020-04-05,19,7,5,13,0,7,19
125,Phú Nhuận,2020-04-06,12,11,5,13,0,7,13
126,Phú Nhuận,2020-04-07,17,14,6,13,0,7,17
127,Phú Nhuận,2020-04-08,22,15,6,13,0,7,22
128,Phú Nhuận,2020-04-09,27,17,8,13,0,6,27
129,Phú Nhuận,2020-04-10,28,20,7,13,0,6,28
130,Phú Nhuận,2020-04-11,32,13,10,13,0,4,32
131,Phú Nhuận,2020-04-12,21,14,7,13,0,6,21
132,Phú Nhuận,2020-04-13,29,24,7,13,0,6,29
133,Phú Nhuận,2020-04-14,41,29,7,13,0,7,41
134,Phú Nhuận,2020-04-15,45,25,8,13,0,6,45
135,Phú Nhuận,2020-04-16,38,22,7,13,0,7,38
136,Phú Nhuận,2020-04-17,35,25,7,13,0,6,35
137,Phú Nhuận,2020-04-18,37,26,8,50,0,6,50
138,Phú Nhuận,2020-04-19,42,27,7,13,0,8,42
139,Phú Nhuận,2020-04-20,40,24,6,13,0,7,40
140,Phú Nhuận,2020-04-21,40,23,7,13,0,7,40
141,Phú Nhuận,2020-04-22,42,20,5,33,0,6,42
142,Phú Nhuận,2020-04-23,32,5,6,13,0,5,32
143,Phú Nhuận,2020-04-24,10,2,5,13,0,5,13
144,Phú Nhuận,2020-04-25,4,1,6,13,0,6,13
145,Phú Nhuận,2020-04-26,2,0,4,14,0,9,14
146,Phú Nhuận,2020-04-27,0,14,8,13,0,7,14
147,Phú Nhuận,2020-04-28,25,20,8,13,0,5,25
148,Phú Nhuận,2020-04-29,32,14,6,13,0,6,32
149,Phú Nhuận,2020-04-30,23,22,6,13,0,6,23
150,Phú Nhuận,2020-05-01,33,27,7,13,0,6,33
151,Phú Nhuận,2020-05-02,42,40,8,13,0,8,42
152,Phú Nhuận,2020-05-03,64,47,7,13,0,10,64
153,Phú Nhuận,2020-05-04,79,35,7,13,0,10,79
154,Phú Nhuận,2020-05-05,54,36,7,13,0,11,54
155,Phú Nhuận,2020-05-06,53,34,9,13,0,10,53
156,Phú Nhuận,2020-05-07,54,36,9,13,0,10,54
157,Phú Nhuận,2020-05-08,54,26,7,13,0,9,54
158,Phú Nhuận,2020-05-09,38,21,8,13,0,7,38
159,Phú Nhuận,2020-05-10,30,27,8,13,0,8,30
160,Phú Nhuận,2020-05-11,37,24,8,13,0,8,37
161,Phú Nhuận,2020-05-12,35,21,7,13,0,8,35
162,Phú Nhuận,2020-05-13,32,17,6,13,0,7,32
163,Phú Nhuận,2020-05-14,23,22,7,13,0,8,23
164,Phú Nhuận,2020-05-15,29,20,8,13,0,8,29
165,Phú Nhuận,2020-05-16,27,21,8,13,0,7,27
166,Phú Nhuận,2020-05-17,28,15,8,13,0,7,28
167,Phú Nhuận,2020-05-18,19,13,8,13,0,7,19
168,Phú Nhuận,2020-05-19,15,12,7,13,0,7,15
169,Phú Nhuận,2020-05-20,14,13,5,13,0,8,14
170,Phú Nhuận,2020-05-21,15,14,6,13,0,8,15
171,Phú Nhuận,2020-05-22,17,15,7,13,0,8,17
172,Phú Nhuận,2020-05-23,19,12,7,13,0,7,19
173,Phú Nhuận,2020-05-24,15,12,7,13,0,8,15
174,Phú Nhuận,2020-05-25,16,8,7,13,0,6,16
175,Phú Nhuận,2020-05-26,8,13,7,13,0,7,13
176,Phú Nhuận,2020-05-27,18,10,6,13,0,8,18
177,Phú Nhuận,2020-05-28,14,10,5,13,0,8,14
178,Phú Nhuận,2020-05-29,13,12,6,13,0,7,13
179,Phú Nhuận,2020-05-30,14,11,6,13,0,9,14
180,Phú Nhuận,2020-05-31,12,11,6,13,0,8,13
181,Phú Nhuận,2020-06-01,12,11,6,13,0,7,13
182,Phú Nhuận,2020-06-02,11,10,7,13,0,7,13
183,Phú Nhuận,2020-06-03,11,10,169,13,0,7,169
184,Phú Nhuận,2020-06-04,11,13,7,13,0,8,13
185,Phú Nhuận,2020-06-05,14,12,7,13,0,7,14
186,Phú Nhuận,2020-06-06,13,11,7,13,0,6,13
187,Phú Nhuận,2020-06-07,12,11,7,13,0,7,13
188,Phú Nhuận,2020-06-08,12,8,18,22,0,6,22
189,Phú Nhuận,2020-06-09,9,25,36,0,0,6,36
190,Phú Nhuận,2020-06-10,7,68,9,0,0,5,68
191,Phú Nhuận,2020-06-11,14,64,0,0,0,5,64
192,Phú Nhuận,2020-06-12,13,49,0,0,0,6,49
193,Phú Nhuận,2020-06-13,14,16,0,0,0,6,16
194,Phú Nhuận,2020-06-14,12,20,0,0,0,7,20
195,Phú Nhuận,2020-06-15,12,13,0,0,0,6,13
196,Phú Nhuận,2020-06-16,7,0,0,0,0,6,7
197,Phú Nhuận,2020-06-17,0,0,0,0,0,5,5
198,Phú Nhuận,2020-06-18,0,62,0,0,0,5,62
199,Phú Nhuận,2020-06-19,19,55,0,0,0,5,55
200,Phú Nhuận,2020-06-20,19,43,0,0,0,5,43
201,Phú Nhuận,2020-06-21,9,30,0,0,0,5,30
202,Phú Nhuận,2020-06-22,6,47,0,0,0,6,47
203,Phú Nhuận,2020-06-23,15,69,0,0,0,5,69
204,Phú Nhuận,2020-06-24,15,62,0,0,0,5,62
205,Phú Nhuận,2020-06-25,13,59,0,0,0,5,59
206,Phú Nhuận,2020-06-26,14,51,0,0,0,5,51
207,Phú Nhuận,2020-06-27,16,38,0,0,0,4,38
208,Phú Nhuận,2020-06-28,12,33,0,0,0,6,33
209,Phú Nhuận,2020-06-29,9,33,0,0,0,6,33
210,Phú Nhuận,2020-06-30,9,31,0,0,0,6,31
211,Phú Nhuận,2020-07-01,9,11,0,0,0,5,11
212,Phú Nhuận,2020-07-02,5,19,0,0,0,6,19
213,Phú Nhuận,2020-07-03,10,29,0,0,0,5,29
214,Phú Nhuận,2020-07-04,11,0,0,0,0,4,11
215,Phú Nhuận,2020-07-05,0,25,0,0,0,5,25
216,Phú Nhuận,2020-07-06,6,48,0,0,0,5,48
217,Phú Nhuận,2020-07-07,12,46,0,0,0,5,46
218,Phú Nhuận,2020-07-08,14,47,0,0,0,5,47
219,Phú Nhuận,2020-07-09,14,47,0,0,0,5,47
220,Phú Nhuận,2020-07-10,16,50,0,0,0,5,50
221,Phú Nhuận,2020-07-11,16,41,0,0,0,4,41
222,Phú Nhuận,2020-07-12,12,46,0,0,0,4,46
223,Phú Nhuận,2020-07-13,18,51,0,0,0,5,51
224,Phú Nhuận,2020-07-14,19,42,0,0,0,5,42
225,Phú Nhuận,2020-07-15,18,39,0,0,0,5,39
226,Phú Nhuận,2020-07-16,10,39,0,0,0,5,39
227,Phú Nhuận,2020-07-17,14,40,0,0,0,5,40
228,Phú Nhuận,2020-07-18,14,33,0,0,0,6,33
229,Phú Nhuận,2020-07-19,10,44,0,0,0,6,44
230,Phú Nhuận,2020-07-20,17,33,0,0,0,4,33
231,Phú Nhuận,2020-07-21,14,24,0,0,0,5,24
232,Phú Nhuận,2020-07-22,12,22,0,0,0,5,22
233,Phú Nhuận,2020-07-23,10,29,0,0,0,5,29
234,Phú Nhuận,2020-07-24,11,34,0,0,0,5,34
235,Phú Nhuận,2020-07-25,13,29,0,0,0,5,29
236,Phú Nhuận,2020-07-26,15,28,0,0,0,5,28
237,Phú Nhuận,2020-07-27,14,20,0,0,0,5,20
238,Phú Nhuận,2020-07-28,7,22,0,0,0,4,22
239,Phú Nhuận,2020-07-29,9,37,0,0,0,5,37
240,Phú Nhuận,2020-07-30,13,24,0,0,0,8,24
241,Phú Nhuận,2020-07-31,16,8,0,0,0,7,16
242,Phú Nhuận,2020-08-01,12,15,0,0,0,4,15
243,Phú Nhuận,2020-08-02,13,41,0,0,0,5,41
244,Phú Nhuận,2020-08-03,51,26,0,0,0,4,51
245,Phú Nhuận,2020-08-04,8,33,0,0,0,5,33
246,Phú Nhuận,2020-08-05,12,25,0,0,0,4,25
247,Phú Nhuận,2020-08-06,9,23,0,0,0,4,23
248,Phú Nhuận,2020-08-07,10,25,0,0,0,3,25
249,Phú Nhuận,2020-08-08,9,31,0,0,0,4,31
250,Phú Nhuận,2020-08-09,8,29,0,0,0,4,29
251,Phú Nhuận,2020-08-10,8,22,0,0,0,5,22
252,Phú Nhuận,2020-08-11,7,10,0,0,0,4,10
253,Phú Nhuận,2020-08-12,5,15,0,0,0,4,15
254,Phú Nhuận,2020-08-13,7,22,0,0,0,5,22
255,Phú Nhuận,2020-08-14,10,19,0,0,0,4,19
256,Phú Nhuận,2020-08-15,10,15,0,0,0,3,15
257,Phú Nhuận,2020-08-16,7,17,0,0,0,4,17
258,Phú Nhuận,2020-08-17,7,20,0,0,0,4,20
259,Phú Nhuận,2020-08-18,10,25,0,0,0,4,25
260,Phú Nhuận,2020-08-19,11,23,0,0,0,3,23
261,Phú Nhuận,2020-08-20,9,25,0,0,0,5,25
262,Phú Nhuận,2020-08-21,11,12,0,0,0,5,12
263,Phú Nhuận,2020-08-22,7,14,0,0,0,3,14
264,Phú Nhuận,2020-08-23,7,22,0,0,0,4,22
265,Phú Nhuận,2020-08-24,11,26,0,0,0,4,26
266,Phú Nhuận,2020-08-25,11,28,0,0,0,5,28
267,Phú Nhuận,2020-08-26,16,16,0,0,0,5,16
268,Phú Nhuận,2020-08-27,8,19,0,0,0,5,19
269,Phú Nhuận,2020-08-28,11,24,0,0,0,5,24
270,Phú Nhuận,2020-08-29,15,18,0,0,0,4,18
271,Phú Nhuận,2020-08-30,13,18,0,0,0,5,18
272,Phú Nhuận,2020-08-31,17,18,0,0,0,5,18
273,Phú Nhuận,2020-09-01,18,16,0,0,0,4,18
274,Phú Nhuận,2020-09-02,22,14,0,0,0,5,22
275,Phú Nhuận,2020-09-03,19,10,0,0,0,4,19
276,Phú Nhuận,2020-09-04,12,11,0,0,0,5,12
277,Phú Nhuận,2020-09-05,8,13,0,0,0,4,13
278,Phú Nhuận,2020-09-06,7,8,0,0,0,4,8
279,Phú Nhuận,2020-09-07,7,6,0,0,0,4,7
280,Phú Nhuận,2020-09-08,5,5,0,0,0,4,5
281,Phú Nhuận,2020-09-09,5,8,0,0,0,5,8
282,Phú Nhuận,2020-09-10,8,9,0,0,0,5,9
283,Phú Nhuận,2020-09-11,7,8,0,0,0,5,8
284,Phú Nhuận,2020-09-12,6,8,0,0,0,4,8
285,Phú Nhuận,2020-09-13,6,6,0,0,0,4,6
286,Phú Nhuận,2020-09-14,5,7,0,0,0,4,7
287,Phú Nhuận,2020-09-15,8,9,0,0,0,5,9
288,Phú Nhuận,2020-09-16,9,10,0,0,0,7,10
289,Phú Nhuận,2020-09-17,12,2,0,0,0,1,12
290,Phú Nhuận,2020-09-18,4,0,0,0,0,0,4
291,Phú Nhuận,2020-10-04,0,39,0,0,0,6,39
292,Phú Nhuận,2020-10-05,25,12,0,0,0,8,25
293,Phú Nhuận,2020-10-06,16,7,0,0,0,2,16
294,Phú Nhuận,2020-10-07,11,9,0,0,0,2,11
295,Phú Nhuận,2020-10-08,13,5,0,0,0,4,13
296,Phú Nhuận,2020-10-09,9,22,0,0,0,3,22
297,Phú Nhuận,2020-10-10,31,26,0,0,0,1,31
298,Phú Nhuận,2020-10-11,38,10,0,0,0,1,38
299,Phú Nhuận,2020-10-12,16,20,0,0,0,7,20
300,Phú Nhuận,2020-10-13,32,32,0,0,0,6,32
301,Phú Nhuận,2020-10-14,23,13,0,0,0,9,23
302,Phú Nhuận,2020-10-15,19,7,0,0,0,6,19
303,Phú Nhuận,2020-10-16,12,9,0,0,0,2,12
304,Phú Nhuận,2020-10-17,14,10,0,0,0,5,14
305,Phú Nhuận,2020-10-18,12,5,0,0,0,9,12
306,Phú Nhuận,2020-10-19,8,6,0,0,0,8,8
307,Phú Nhuận,2020-10-20,9,21,0,0,0,5,21
308,Phú Nhuận,2020-10-21,24,24,0,0,0,7,24
309,Phú Nhuận,2020-10-22,35,79,0,0,0,8,79
310,Phú Nhuận,2020-10-23,44,56,0,0,0,6,56
311,Phú Nhuận,2020-10-24,43,24,0,0,0,5,43
312,Phú Nhuận,2020-10-25,22,12,0,0,0,6,22
313,Phú Nhuận,2020-10-26,10,25,0,0,0,6,25
314,Phú Nhuận,2020-10-27,23,0,0,0,0,0,23
315,Phú Nhuận,2020-10-28,0,40,0,0,0,3,40
316,Phú Nhuận,2020-10-29,30,23,0,0,0,4,30
317,Phú Nhuận,2020-10-30,29,21,0,0,0,3,29
318,Phú Nhuận,2020-10-31,29,36,0,0,0,4,36
319,Phú Nhuận,2020-11-01,32,45,0,0,0,6,45
320,Phú Nhuận,2020-11-02,37,45,0,0,0,6,45
321,Phú Nhuận,2020-11-03,51,37,0,0,0,7,51
322,Phú Nhuận,2020-11-04,45,35,0,0,0,7,45
323,Phú Nhuận,2020-11-05,54,9,0,0,0,3,54
324,Phú Nhuận,2020-11-06,16,32,0,0,0,7,32
325,Phú Nhuận,2020-11-07,47,53,0,0,0,6,53
326,Phú Nhuận,2020-11-08,65,62,0,0,0,4,65
327,Phú Nhuận,2020-11-09,65,35,0,0,0,3,65
328,Phú Nhuận,2020-11-10,52,12,0,0,0,2,52
329,Phú Nhuận,2020-11-11,20,23,0,0,0,6,23
330,Phú Nhuận,2020-11-12,33,60,0,0,0,7,60
331,Phú Nhuận,2020-11-13,61,37,0,0,0,4,61
332,Phú Nhuận,2020-11-14,50,0,0,0,0,0,50
333,Phú Nhuận,2020-11-15,0,16,0,0,0,11,16
334,Phú Nhuận,2020-11-16,25,31,0,0,0,6,31
335,Phú Nhuận,2020-11-17,32,18,0,0,0,4,32
336,Phú Nhuận,2020-11-18,23,19,0,0,0,4,23
337,Phú Nhuận,2020-11-19,19,26,0,0,0,4,26
338,Phú Nhuận,2020-11-20,25,21,0,0,0,4,25
339,Phú Nhuận,2020-11-21,24,15,0,0,0,3,24
340,Phú Nhuận,2020-11-22,16,17,0,0,0,3,17
341,Phú Nhuận,2020-11-23,17,24,0,0,0,2,24
342,Phú Nhuận,2020-11-24,20,18,0,0,0,2,20
343,Phú Nhuận,2020-11-25,24,14,0,0,0,3,24
344,Phú Nhuận,2020-11-26,19,32,0,0,0,2,32
345,Phú Nhuận,2020-11-27,26,23,0,0,0,3,26
346,Phú Nhuận,2020-11-28,31,18,0,0,0,3,31
347,Phú Nhuận,2020-11-29,33,13,0,0,0,3,33
348,Phú Nhuận,2020-11-30,24,6,0,0,0,3,24
349,Phú Nhuận,2020-12-01,12,40,0,0,0,3,40
350,Phú Nhuận,2020-12-02,31,0,0,0,0,5,31
351,Phú Nhuận,2020-12-03,25,0,0,0,0,5,25
352,Phú Nhuận,2020-12-04,0,0,0,0,0,5,5
353,Phú Nhuận,2020-12-05,0,0,0,0,0,6,6
354,Phú Nhuận,2020-12-06,0,0,0,0,0,6,6
355,Phú Nhuận,2020-12-07,0,26,0,0,0,5,26
356,Phú Nhuận,2020-12-08,44,27,0,0,0,6,44
357,Phú Nhuận,2020-12-09,50,22,0,0,0,6,50
358,Phú Nhuận,2020-12-10,45,21,0,0,0,6,45
359,Phú Nhuận,2020-12-11,33,22,0,0,0,6,33
360,Phú Nhuận,2020-12-12,40,26,0,0,0,4,40
361,Phú Nhuận,2020-12-13,35,19,0,0,0,4,35
362,Phú Nhuận,2020-12-14,30,30,0,0,0,2,30
363,Phú Nhuận,2020-12-15,31,5,0,0,0,4,31
364,Phú Nhuận,2020-12-16,6,1,0,0,0,4,6
365,Phú Nhuận,2020-12-17,1,1,0,0,0,4,4
366,Phú Nhuận,2020-12-18,1,0,0,0,0,4,4
367,Phú Nhuận,2020-12-19,0,0,0,0,0,3,3
368,Phú Nhuận,2020-12-20,0,0,0,0,0,4,4
369,Phú Nhuận,2020-12-21,0,25,0,0,0,4,25
370,Phú Nhuận,2020-12-22,40,2,0,0,0,5,40
371,Phú Nhuận,2020-12-23,4,7,0,0,0,5,7
372,Phú Nhuận,2020-12-24,8,7,0,0,0,5,8
373,Phú Nhuận,2020-12-25,11,22,0,0,0,5,22
374,Phú Nhuận,2020-12-26,32,53,0,0,0,5,53
375,Phú Nhuận,2020-12-27,86,50,0,0,0,1,86
376,Phú Nhuận,2020-12-28,65,33,0,0,0,1,65
377,Phú Nhuận,2020-12-29,37,37,0,0,0,1,37
378,Phú Nhuận,2020-12-30,52,16,0,0,0,3,52
379,Phú Nhuận,2020-12-31,31,7,0,0,0,2,31
380,Phú Nhuận,2021-01-01,13,6,0,0,0,2,13
381,Phú Nhuận,2021-01-02,9,6,0,0,0,2,9
382,Phú Nhuận,2021-01-03,9,12,0,0,0,2,12
383,Phú Nhuận,2021-01-04,25,27,0,0,0,1,27
384,Phú Nhuận,2021-01-05,54,16,0,0,0,1,54
385,Phú Nhuận,2021-01-06,25,16,0,0,0,1,25
386,Phú Nhuận,2021-01-07,31,2,0,0,0,2,31
387,Phú Nhuận,2021-01-08,3,0,0,0,0,3,3
388,Phú Nhuận,2021-01-09,0,0,0,0,0,3,3
389,Phú Nhuận,2021-01-10,0,0,0,0,0,3,3
390,Phú Nhuận,2021-01-11,0,0,0,0,0,2,2
391,Phú Nhuận,2021-01-12,0,12,0,0,0,2,12
392,Phú Nhuận,2021-01-13,21,45,0,0,0,2,45
393,Phú Nhuận,2021-01-14,55,42,0,0,0,2,55
394,Phú Nhuận,2021-01-15,45,38,0,0,0,2,45
395,Phú Nhuận,2021-01-16,52,42,0,0,0,2,52
396,Phú Nhuận,2021-01-17,44,22,0,0,0,2,44
397,Phú Nhuận,2021-01-18,41,41,0,0,0,2,41
398,Phú Nhuận,2021-01-19,44,42,0,0,0,2,44
399,Phú Nhuận,2021-01-20,56,55,0,0,0,1,56
400,Phú Nhuận,2021-01-21,82,0,0,0,0,1,82
401,Phú Nhuận,2021-01-22,0,0,0,0,0,1,1
402,Phú Nhuận,2021-01-23,0,31,0,0,0,1,31
403,Phú Nhuận,2021-01-24,41,24,0,0,0,1,41
404,Phú Nhuận,2021-01-25,27,15,0,0,0,1,27
405,Phú Nhuận,2021-01-26,22,0,0,0,0,1,22
406,Phú Nhuận,2021-01-27,22,12,0,0,0,1,22
407,Phú Nhuận,2021-01-28,23,18,0,0,0,1,23
408,Phú Nhuận,2021-01-29,33,0,0,0,0,1,33
409,Phú Nhuận,2021-01-30,25,27,0,0,0,1,27
410,Phú Nhuận,2021-01-31,24,48,0,0,0,1,48
411,Phú Nhuận,2021-02-01,29,45,0,0,0,1,45
412,Phú Nhuận,2021-02-02,38,41,0,0,0,1,41
413,Phú Nhuận,2021-02-03,34,31,0,0,0,2,34
414,Phú Nhuận,2021-02-04,42,68,0,0,0,2,68
415,Phú Nhuận,2021-02-05,47,47,0,0,0,2,47
416,Phú Nhuận,2021-02-06,47,49,0,0,0,1,49
417,Phú Nhuận,2021-02-07,46,24,0,0,0,1,46
418,Phú Nhuận,2021-02-08,33,12,0,0,0,1,33
419,Phú Nhuận,2021-02-09,18,18,0,0,0,1,18
420,Phú Nhuận,2021-02-10,28,32,0,0,0,1,32
421,Phú Nhuận,2021-02-11,42,44,0,0,0,1,44
422,Phú Nhuận,2021-02-12,63,32,0,0,0,1,63
423,Phú Nhuận,2021-02-13,36,41,0,0,0,1,41
424,Phú Nhuận,2021-02-14,46,37,0,0,0,1,46
425,Phú Nhuận,2021-02-15,41,40,0,0,0,1,41
426,Phú Nhuận,2021-02-16,43,32,0,0,0,1,43
427,Phú Nhuận,2021-02-17,33,44,0,0,0,1,44
428,Phú Nhuận,2021-02-18,42,54,0,0,0,1,54
429,Phú Nhuận,2021-02-19,47,54,0,0,0,1,54
430,Phú Nhuận,2021-02-20,48,45,0,0,0,2,48
431,Phú Nhuận,2021-02-21,41,43,0,0,0,2,43
432,Phú Nhuận,2021-02-22,43,32,0,0,0,2,43
433,Phú Nhuận,2021-02-23,31,39,0,0,0,2,39
434,Phú Nhuận,2021-02-24,38,56,0,0,0,2,56
435,Phú Nhuận,2021-02-25,55,69,0,0,0,2,69
436,Phú Nhuận,2021-02-26,74,49,0,0,0,2,74
437,Phú Nhuận,2021-02-27,54,33,0,0,0,2,54
438,Phú Nhuận,2021-02-28,29,42,0,0,0,2,42
439,Phú Nhuận,2021-03-01,46,20,0,0,0,2,46
440,Phú Nhuận,2021-03-02,30,16,0,0,0,3,30
441,Phú Nhuận,2021-03-03,23,39,0,0,0,5,39
442,Phú Nhuận,2021-03-04,55,49,0,0,0,9,55
443,Phú Nhuận,2021-03-05,54,24,0,0,0,7,54
444,Phú Nhuận,2021-03-06,19,13,0,0,0,8,19
445,Phú Nhuận,2021-03-07,18,14,0,0,0,6,18
446,Phú Nhuận,2021-03-08,17,55,0,0,0,4,55
447,Phú Nhuận,2021-03-09,39,52,0,0,0,4,52
448,Phú Nhuận,2021-03-10,39,30,0,0,0,5,39
449,Phú Nhuận,2021-03-11,29,36,0,0,0,5,36
450,Phú Nhuận,2021-03-12,32,33,0,0,0,4,33
451,Phú Nhuận,2021-03-13,32,33,0,0,0,4,33
452,Phú Nhuận,2021-03-14,31,28,0,0,0,6,31
453,Phú Nhuận,2021-03-15,31,23,0,0,0,7,31
454,Phú Nhuận,2021-03-16,32,20,0,0,0,7,32
455,Phú Nhuận,2021-03-17,22,4,0,0,0,6,22
456,Phú Nhuận,2021-03-18,7,0,0,0,0,6,7
457,Phú Nhuận,2021-03-19,4,0,0,0,0,7,7
458,Phú Nhuận,2021-03-20,1,0,0,0,0,4,4
459,Phú Nhuận,2021-03-21,0,0,0,0,0,5,5
460,Phú Nhuận,2021-03-22,1,7,0,0,0,8,8
461,Phú Nhuận,2021-03-23,12,0,0,0,0,8,12
462,Phú Nhuận,2021-03-24,13,0,0,0,0,8,13
463,Phú Nhuận,2021-03-25,0,0,0,0,0,6,6
464,Phú Nhuận,2021-03-26,0,0,0,0,0,7,7
465,Phú Nhuận,2021-03-27,0,0,0,0,0,7,7
466,Phú Nhuận,2021-03-28,0,0,0,0,0,8,8
467,Phú Nhuận,2021-03-29,0,0,0,0,0,9,9
468,Phú Nhuận,2021-03-30,0,0,0,0,0,8,8
469,Phú Nhuận,2021-03-31,0,0,0,0,0,8,8
470,Phú Nhuận,2021-04-01,0,0,0,0,0,9,9
471,Phú Nhuận,2021-04-02,0,0,0,0,0,8,8
472,Phú Nhuận,2021-04-03,0,0,0,0,0,5,5
473,Phú Nhuận,2021-04-04,0,0,0,0,0,5,5
474,Phú Nhuận,2021-04-05,0,0,0,0,0,4,4
475,Phú Nhuận,2021-04-06,0,0,0,0,0,5,5
476,Phú Nhuận,2021-04-07,0,0,0,0,0,5,5
477,Phú Nhuận,2021-04-08,0,0,0,0,0,6,6
478,Phú Nhuận,2021-04-09,0,0,0,0,0,5,5
479,Phú Nhuận,2021-04-10,0,0,0,0,0,5,5
480,Phú Nhuận,2021-04-11,0,0,0,0,0,4,4
481,Phú Nhuận,2021-04-12,0,0,0,0,0,5,5
482,Phú Nhuận,2021-04-13,0,0,0,0,0,5,5
483,Phú Nhuận,2021-04-14,0,0,0,0,0,5,5
484,Phú Nhuận,2021-04-15,0,0,0,0,0,6,6
485,Phú Nhuận,2021-04-16,0,0,0,0,0,9,9
486,Phú Nhuận,2021-04-17,0,0,0,0,0,7,7
487,Phú Nhuận,2021-04-18,0,0,0,0,0,5,5
488,Phú Nhuận,2021-04-19,0,0,0,0,0,7,7
489,Phú Nhuận,2021-04-20,0,0,0,0,0,8,8
490,Phú Nhuận,2021-04-21,0,0,0,0,0,7,7
491,Phú Nhuận,2021-04-22,0,0,0,0,0,7,7
492,Phú Nhuận,2021-04-23,0,0,0,0,0,6,6
493,Phú Nhuận,2021-04-24,0,0,0,0,0,6,6
494,Phú Nhuận,2021-04-25,0,0,0,0,0,6,6
495,Phú Nhuận,2021-04-26,0,0,0,0,0,6,6
496,Phú Nhuận,2021-04-27,0,0,0,0,0,7,7
497,Phú Nhuận,2021-04-28,0,0,0,0,0,6,6
498,Phú Nhuận,2021-04-29,0,0,0,0,0,4,4
499,Phú Nhuận,2021-05-04,0,0,0,0,0,9,9
500,Phú Nhuận,2021-05-05,0,0,0,0,0,6,6
501,Phú Nhuận,2021-05-06,0,0,0,0,0,4,4
502,Phú Nhuận,2021-05-07,0,0,0,0,0,4,4
503,Phú Nhuận,2021-05-08,0,0,0,0,0,6,6
504,Phú Nhuận,2021-05-09,0,0,0,0,0,7,7
505,Phú Nhuận,2021-05-10,0,0,0,0,0,7,7
506,Phú Nhuận,2021-05-11,0,0,0,0,0,7,7
507,Phú Nhuận,2021-05-12,0,0,0,0,0,7,7
508,Phú Nhuận,2021-05-13,0,0,0,0,0,6,6
509,Phú Nhuận,2021-05-14,0,0,0,0,0,5,5
510,Phú Nhuận,2021-05-15,0,0,0,0,0,5,5
511,Phú Nhuận,2021-05-16,0,0,0,0,0,4,4
512,Phú Nhuận,2021-05-17,0,0,0,0,0,4,4
513,Phú Nhuận,2021-05-18,0,0,0,0,0,4,4
514,Phú Nhuận,2021-05-19,0,0,0,0,0,5,5
515,Phú Nhuận,2021-05-20,0,0,0,0,0,5,5
516,Phú Nhuận,2021-05-21,0,0,0,0,0,5,5
517,Phú Nhuận,2021-05-22,0,0,0,0,0,5,5
518,Phú Nhuận,2021-05-23,0,0,0,0,0,4,4
519,Phú Nhuận,2021-05-24,0,0,0,0,0,5,5
520,Phú Nhuận,2021-05-25,0,0,0,0,0,4,4
521,Phú Nhuận,2021-05-26,0,0,0,0,0,4,4
522,Phú Nhuận,2021-05-27,0,0,0,0,0,5,5
523,Phú Nhuận,2021-05-28,0,0,0,0,0,4,4
524,Phú Nhuận,2021-05-29,0,0,0,0,0,5,5
525,Phú Nhuận,2021-05-30,0,0,0,0,0,4,4
526,Phú Nhuận,2021-05-31,0,0,0,0,0,5,5
527,Phú Nhuận,2021-06-01,0,0,0,0,0,5,5
528,Phú Nhuận,2021-06-02,0,0,0,0,0,5,5
529,Phú Nhuận,2021-06-03,0,0,0,0,0,4,4
530,Phú Nhuận,2021-06-04,0,0,0,0,0,5,5
531,Phú Nhuận,2021-06-05,0,0,0,0,0,6,6
532,Phú Nhuận,2021-06-06,0,0,0,0,0,5,5
533,Phú Nhuận,2021-06-07,0,0,0,0,0,5,5
534,Phú Nhuận,2021-06-08,0,0,0,0,0,4,4
535,Phú Nhuận,2021-06-09,0,0,0,0,0,5,5
536,Phú Nhuận,2021-06-10,0,0,0,0,0,4,4
537,Phú Nhuận,2021-06-11,0,0,0,0,0,5,5
538,Phú Nhuận,2021-06-12,0,0,0,0,0,8,8
539,Phú Nhuận,2021-06-13,0,0,0,0,0,5,5
540,Phú Nhuận,2021-06-14,0,0,0,0,0,5,5
541,Phú Nhuận,2021-06-15,0,0,0,0,0,5,5
542,Phú Nhuận,2021-06-16,0,0,0,0,0,4,4
543,Phú Nhuận,2021-06-17,0,0,0,0,0,4,4
544,Phú Nhuận,2021-06-18,0,0,0,0,0,3,3
545,Phú Nhuận,2021-06-19,0,0,0,0,0,3,3
546,Phú Nhuận,2021-06-20,0,0,0,0,0,3,3
547,Phú Nhuận,2021-06-21,0,0,0,0,0,3,3
548,Phú Nhuận,2021-06-22,0,0,0,0,0,3,3
549,Phú Nhuận,2021-06-23,0,0,0,0,0,3,3
550,Phú Nhuận,2021-06-24,0,0,0,0,0,3,3
551,Phú Nhuận,2021-06-25,0,0,0,0,0,3,3
552,Phú Nhuận,2021-06-26,0,0,0,0,0,3,3
553,Phú Nhuận,2021-06-27,0,0,0,0,0,3,3
554,Phú Nhuận,2021-06-28,0,0,0,0,0,3,3
555,Phú Nhuận,2021-06-29,0,0,0,0,0,3,3
556,Phú Nhuận,2021-06-30,0,0,0,0,0,3,3
557,Phú Nhuận,2021-07-01,0,0,0,0,0,3,3
558,Phú Nhuận,2021-07-02,0,0,0,0,0,3,3
559,Phú Nhuận,2021-07-03,0,0,0,0,0,3,3
560,Phú Nhuận,2021-07-04,0,0,0,0,0,3,3
561,Phú Nhuận,2021-07-05,0,0,0,0,0,3,3
562,Phú Nhuận,2021-07-06,0,0,0,0,0,5,5
563,Phú Nhuận,2021-07-07,0,0,0,0,0,27,27
564,Phú Nhuận,2021-07-08,0,0,0,0,0,4,4
565,Phú Nhuận,2021-07-09,0,0,0,0,0,3,3
566,Phú Nhuận,2021-07-10,0,0,0,0,0,2,2
567,Phú Nhuận,2021-07-11,0,0,0,0,0,3,3
568,Phú Nhuận,2021-07-12,0,0,0,0,0,3,3
569,Phú Nhuận,2021-07-13,0,0,0,0,0,3,3
570,Phú Nhuận,2021-07-14,0,0,0,0,0,3,3
571,Phú Nhuận,2021-07-15,0,0,0,0,0,3,3
572,Phú Nhuận,2021-07-16,0,0,0,0,0,4,4
573,Phú Nhuận,2021-07-17,0,0,0,0,0,3,3
574,Phú Nhuận,2021-07-18,0,0,0,0,0,3,3
575,Phú Nhuận,2021-07-19,0,0,0,0,0,5,5
576,Phú Nhuận,2021-07-20,0,0,0,0,0,4,4
577,Phú Nhuận,2021-07-21,0,0,0,0,0,4,4
578,Phú Nhuận,2021-07-22,0,0,0,0,0,5,5
579,Phú Nhuận,2021-07-23,0,0,0,0,0,5,5
580,Phú Nhuận,2021-07-24,0,0,0,0,0,5,5
581,Phú Nhuận,2021-07-25,0,0,0,0,0,4,4
582,Phú Nhuận,2021-07-26,0,0,0,0,0,5,5
583,Phú Nhuận,2021-07-27,0,0,0,0,0,4,4
584,Phú Nhuận,2021-07-28,0,0,0,0,0,5,5
585,Phú Nhuận,2021-07-29,0,0,0,0,0,4,4
586,Phú Nhuận,2021-08-02,0,0,0,0,0,6,6
587,Phú Nhuận,2021-08-03,0,0,0,0,0,5,5
588,Phú Nhuận,2021-08-04,0,0,0,0,0,5,5
589,Phú Nhuận,2021-08-05,0,0,0,0,0,5,5
590,Phú Nhuận,2021-08-06,0,0,0,0,0,4,4
591,Phú Nhuận,2021-08-07,0,0,0,0,0,3,3
592,Phú Nhuận,2021-08-08,0,0,0,0,0,3,3
593,Phú Nhuận,2021-08-09,0,0,0,0,0,3,3
594,Phú Nhuận,2021-08-10,0,0,0,0,0,3,3
595,Phú Nhuận,2021-08-11,0,0,0,0,0,4,4
596,Phú Nhuận,2021-08-12,0,0,0,0,0,3,3
597,Phú Nhuận,2021-08-13,0,0,0,0,0,3,3
598,Phú Nhuận,2021-08-14,0,0,0,0,0,3,3
599,Phú Nhuận,2021-08-15,0,0,0,0,0,3,3
600,Phú Nhuận,2021-08-16,0,0,0,0,0,3,3
601,Phú Nhuận,2021-08-17,0,0,0,0,0,3,3
602,Phú Nhuận,2021-08-18,0,0,0,0,0,3,3
603,Phú Nhuận,2021-08-19,0,0,0,0,0,3,3
604,Phú Nhuận,2021-08-20,0,0,0,0,0,3,3
605,Phú Nhuận,2021-08-21,0,0,0,0,0,3,3
606,Phú Nhuận,2021-08-22,0,0,0,0,0,2,2
607,Phú Nhuận,2021-08-23,0,0,0,0,0,3,3
608,Phú Nhuận,2021-08-24,0,0,0,0,0,3,3
609,Phú Nhuận,2021-08-25,0,0,0,0,0,2,2
610,Phú Nhuận,2021-08-26,0,0,0,0,0,2,2
611,Phú Nhuận,2021-08-27,0,0,0,0,0,2,2
612,Phú Nhuận,2021-08-28,0,0,0,0,0,2,2
613,Phú Nhuận,2021-08-29,0,0,0,0,0,2,2
614,Phú Nhuận,2021-08-30,0,0,0,0,0,3,3
615,Phú Nhuận,2021-08-31,0,0,0,0,0,4,4
616,Phú Nhuận,2021-09-01,0,0,0,0,0,3,3
617,Phú Nhuận,2021-09-02,0,0,0,0,0,3,3
618,Phú Nhuận,2021-09-03,0,0,0,0,0,2,2
619,Phú Nhuận,2021-09-04,0,0,0,0,0,3,3
620,Phú Nhuận,2021-09-05,0,0,0,0,0,2,2
621,Phú Nhuận,2021-09-06,0,0,0,0,0,3,3
622,Phú Nhuận,2021-09-07,0,0,0,0,0,4,4
623,Phú Nhuận,2021-09-08,0,0,0,0,0,2,2
624,Phú Nhuận,2021-09-09,0,0,0,0,0,3,3
625,Phú Nhuận,2021-09-10,0,0,0,0,0,4,4
626,Phú Nhuận,2021-09-11,0,0,0,0,0,2,2
627,Phú Nhuận,2021-09-12,0,0,0,0,0,3,3
628,Phú Nhuận,2021-09-13,0,0,0,0,0,4,4
629,Phú Nhuận,2021-09-14,0,0,0,0,0,3,3
630,Phú Nhuận,2021-09-15,0,0,0,0,0,3,3
631,Phú Nhuận,2021-09-16,0,0,0,0,0,3,3
632,Phú Nhuận,2021-09-17,0,0,0,0,0,3,3
633,Phú Nhuận,2021-09-18,0,0,0,0,0,2,2
634,Phú Nhuận,2021-09-19,0,0,0,0,0,3,3
635,Phú Nhuận,2021-09-20,0,0,0,0,0,3,3
636,Phú Nhuận,2021-09-21,0,0,0,0,0,4,4
637,Phú Nhuận,2021-09-22,0,0,0,0,0,3,3
638,Phú Nhuận,2021-09-23,0,0,0,0,0,4,4
639,Phú Nhuận,2021-09-24,0,0,0,0,0,3,3
640,Phú Nhuận,2021-09-25,0,0,0,0,0,3,3
641,Phú Nhuận,2021-09-26,0,0,0,0,0,3,3
642,Phú Nhuận,2021-09-27,0,0,0,0,0,3,3
643,Phú Nhuận,2021-09-28,0,0,0,0,0,4,4
644,Phú Nhuận,2021-09-29,0,0,0,0,0,3,3
645,Phú Nhuận,2021-09-30,0,0,0,0,0,5,5
646,Phú Nhuận,2021-10-01,0,0,0,0,0,7,7
647,Phú Nhuận,2021-10-02,0,0,0,0,0,9,9
648,Phú Nhuận,2021-10-03,0,0,0,0,0,8,8
649,Phú Nhuận,2021-10-04,0,0,0,0,0,4,4
650,Phú Nhuận,2021-10-05,0,0,0,0,0,3,3
651,Phú Nhuận,2021-10-06,0,0,0,0,0,3,3
652,Phú Nhuận,2021-10-07,0,0,0,0,0,2,2
653,Phú Nhuận,2021-10-08,0,0,0,0,0,7,7
654,Phú Nhuận,2021-10-09,0,0,0,0,0,9,9
655,Phú Nhuận,2021-10-10,0,0,0,0,0,6,6
656,Phú Nhuận,2021-10-11,0,0,0,0,0,6,6
657,Phú Nhuận,2021-10-12,0,0,0,0,0,7,7
658,Phú Nhuận,2021-10-13,0,0,0,0,0,7,7
659,Phú Nhuận,2021-10-14,0,0,0,0,0,10,10
660,Phú Nhuận,2021-10-15,0,0,0,0,0,8,8
661,Phú Nhuận,2021-10-16,0,0,0,0,0,8,8
662,Phú Nhuận,2021-10-17,0,0,0,0,0,7,7
663,Phú Nhuận,2021-10-18,0,0,0,0,0,9,9
664,Phú Nhuận,2021-10-19,0,0,0,0,0,8,8
665,Phú Nhuận,2021-10-20,0,0,0,0,0,7,7
666,Phú Nhuận,2021-10-21,0,0,0,0,0,7,7
667,Phú Nhuận,2021-10-22,0,0,0,0,0,7,7
668,Phú Nhuận,2021-10-23,0,0,0,0,0,8,8
669,Phú Nhuận,2021-10-24,0,0,0,0,0,8,8
670,Phú Nhuận,2021-10-25,0,0,0,0,0,8,8
671,Phú Nhuận,2021-10-26,0,0,0,0,0,8,8
672,Phú Nhuận,2021-10-27,0,0,0,0,0,7,7
673,Phú Nhuận,2021-10-28,0,0,0,0,0,8,8
674,Phú Nhuận,2021-10-29,0,0,0,0,0,8,8
675,Phú Nhuận,2021-10-30,0,0,0,0,0,8,8
676,Phú Nhuận,2021-10-31,0,0,0,0,0,7,7
677,Phú Nhuận,2021-11-01,0,0,0,0,0,8,8
678,Phú Nhuận,2021-11-02,0,0,0,0,0,7,7
679,Phú Nhuận,2021-11-03,0,0,0,0,0,7,7
680,Phú Nhuận,2021-11-04,0,0,0,0,0,7,7
681,Phú Nhuận,2021-11-05,0,0,0,0,0,7,7
682,Phú Nhuận,2021-11-06,0,0,0,0,0,6,6
683,Phú Nhuận,2021-11-07,0,0,0,0,0,7,7
684,Phú Nhuận,2021-11-08,0,0,0,0,0,7,7
685,Phú Nhuận,2021-11-09,0,0,0,0,0,8,8
686,Phú Nhuận,2021-11-10,0,0,0,0,0,8,8
687,Phú Nhuận,2021-11-11,0,0,0,0,0,9,9
688,Phú Nhuận,2021-11-12,0,0,0,0,0,8,8
689,Phú Nhuận,2021-11-13,0,0,0,0,0,7,7
690,Phú Nhuận,2021-11-14,0,0,0,0,0,7,7
691,Phú Nhuận,2021-11-15,0,0,0,0,0,8,8
692,Phú Nhuận,2021-11-16,0,0,0,0,0,8,8
693,Phú Nhuận,2021-11-17,0,0,0,0,0,6,6
694,Phú Nhuận,2021-11-18,0,0,0,0,0,7,7
695,Phú Nhuận,2021-11-19,0,0,0,0,0,8,8
696,Phú Nhuận,2021-11-20,0,0,0,0,0,7,7
697,Phú Nhuận,2021-11-21,0,0,0,0,0,7,7
698,Phú Nhuận,2021-11-22,0,0,0,0,0,7,7
699,Phú Nhuận,2021-11-23,0,0,0,0,0,7,7
700,Phú Nhuận,2021-11-24,0,0,0,0,0,8,8
701,Phú Nhuận,2021-11-25,0,0,0,0,0,8,8
702,Phú Nhuận,2021-11-26,0,0,0,0,0,8,8
703,Phú Nhuận,2021-11-27,0,0,0,0,0,8,8
704,Phú Nhuận,2021-11-28,0,0,0,0,0,8,8
705,Phú Nhuận,2021-11-29,0,0,0,0,0,8,8
706,Phú Nhuận,2021-11-30,0,0,0,0,0,8,8
707,Phú Nhuận,2021-12-01,0,0,0,0,0,8,8
708,Phú Nhuận,2021-12-02,0,0,0,0,0,8,8
709,Phú Nhuận,2021-12-03,0,0,0,0,0,8,8
710,Phú Nhuận,2021-12-04,0,0,0,0,0,8,8
711,Phú Nhuận,2021-12-05,0,0,0,0,0,8,8
712,Phú Nhuận,2021-12-06,0,0,0,0,0,9,9
713,Phú Nhuận,2021-12-07,0,0,0,0,0,9,9
714,Phú Nhuận,2021-12-08,0,0,0,0,0,8,8
715,Phú Nhuận,2021-12-09,0,0,0,0,0,8,8
716,Phú Nhuận,2021-12-10,0,0,0,0,0,8,8
717,Phú Nhuận,2021-12-11,0,0,0,0,0,8,8
718,Phú Nhuận,2021-12-12,0,0,0,0,0,7,7
719,Phú Nhuận,2021-12-13,0,0,0,0,0,8,8
720,Phú Nhuận,2021-12-14,0,0,0,0,0,8,8
721,Phú Nhuận,2021-12-15,0,0,0,0,0,9,9
722,Phú Nhuận,2021-12-16,0,0,0,0,0,9,9
723,Phú Nhuận,2021-12-17,0,0,0,0,0,9,9
724,Phú Nhuận,2021-12-18,0,0,0,0,0,8,8
725,Phú Nhuận,2021-12-19,0,0,0,0,0,8,8
726,Phú Nhuận,2021-12-20,0,0,0,0,0,9,9
727,Phú Nhuận,2021-12-21,0,0,0,0,0,9,9
728,Phú Nhuận,2021-12-22,0,0,0,0,0,9,9
729,Phú Nhuận,2021-12-23,0,1,0,0,0,8,8
730,Phú Nhuận,2021-12-24,2,0,0,0,0,9,9
731,Phú Nhuận,2021-12-25,0,0,0,0,0,8,8
732,Phú Nhuận,2021-12-26,0,0,0,0,0,8,8
733,Phú Nhuận,2021-12-27,0,0,0,0,0,8,8
734,Phú Nhuận,2021-12-28,0,0,0,0,0,9,9
735,Phú Nhuận,2021-12-29,0,0,0,0,0,9,9
736,Phú Nhuận,2021-12-30,0,0,0,0,0,9,9
737,Phú Nhuận,2021-12-31,0,0,0,0,0,10,10
738,Phú Nhuận,2022-01-01,1,1,0,0,0,8,8
739,Phú Nhuận,2022-01-02,1,2,0,0,0,8,8
740,Phú Nhuận,2022-01-03,3,4,0,0,0,9,9
741,Phú Nhuận,2022-01-04,9,6,0,0,0,9,9
742,Phú Nhuận,2022-01-05,12,4,0,0,0,8,12
743,Phú Nhuận,2022-01-06,9,6,0,0,0,8,9
744,Phú Nhuận,2022-01-07,11,11,0,0,0,9,11
745,Phú Nhuận,2022-01-08,22,16,0,0,0,8,22
746,Phú Nhuận,2022-01-09,22,27,0,0,0,8,27
747,Phú Nhuận,2022-01-10,24,16,0,0,0,8,24
748,Phú Nhuận,2022-01-11,23,14,0,0,0,9,23
749,Phú Nhuận,2022-01-12,24,40,0,0,0,9,40
750,Phú Nhuận,2022-01-13,53,35,0,0,0,9,53
751,Phú Nhuận,2022-01-14,44,49,0,0,0,8,49
752,Phú Nhuận,2022-01-15,64,0,0,0,0,8,64
753,Phú Nhuận,2022-01-16,36,0,0,0,0,8,36
754,Phú Nhuận,2022-01-17,0,0,0,0,0,8,8
755,Phú Nhuận,2022-01-18,0,0,0,0,0,9,9
756,Phú Nhuận,2022-01-19,0,0,0,0,0,9,9
757,Phú Nhuận,2022-01-20,0,0,0,0,0,9,9
758,Phú Nhuận,2022-01-21,0,0,0,0,0,9,9
759,Phú Nhuận,2022-01-22,0,0,0,0,0,9,9
760,Phú Nhuận,2022-01-23,0,0,0,0,0,9,9
761,Phú Nhuận,2022-01-24,0,0,0,0,0,9,9
762,Phú Nhuận,2022-01-25,0,0,0,0,0,7,7
763,Phú Nhuận,2022-01-26,0,1,0,0,0,8,8
764,Phú Nhuận,2022-01-27,1,1,0,0,0,8,8
765,Phú Nhuận,2022-01-28,1,0,0,0,0,8,8
766,Phú Nhuận,2022-01-29,1,0,0,0,0,8,8
767,Phú Nhuận,2022-01-30,1,0,0,0,0,0,1
768,Phú Nhuận,2022-02-09,0,0,0,0,0,8,8
769,Phú Nhuận,2022-02-10,0,0,0,0,0,10,10
770,Phú Nhuận,2022-02-11,0,2,0,0,0,8,8
771,Phú Nhuận,2022-02-12,3,0,0,0,0,8,8
772,Phú Nhuận,2022-02-13,0,0,0,0,0,9,9
773,Phú Nhuận,2022-02-14,0,0,0,0,0,7,7
774,Phú Nhuận,2022-02-15,0,0,0,0,0,10,10
775,Phú Nhuận,2022-02-16,0,0,0,0,0,11,11
776,Phú Nhuận,2022-02-17,1,0,0,0,0,11,11
777,Phú Nhuận,2022-02-18,0,0,0,0,0,9,9
778,Phú Nhuận,2022-02-19,0,0,0,0,0,9,9
779,Phú Nhuận,2022-02-20,0,0,0,0,0,8,8
780,Phú Nhuận,2022-02-21,0,0,0,0,0,9,9
781,Phú Nhuận,2022-02-22,0,0,0,0,0,8,8
782,Phú Nhuận,2022-02-23,0,0,0,0,0,8,8
783,Phú Nhuận,2022-02-24,0,0,0,0,0,9,9
784,Phú Nhuận,2022-02-26,0,0,0,0,0,9,9
785,Phú Nhuận,2022-02-27,0,0,0,0,0,10,10
786,Phú Nhuận,2022-02-28,0,0,0,0,0,9,9
787,Phú Nhuận,2022-03-01,0,0,0,0,0,8,8
788,Phú Nhuận,2022-03-02,0,0,0,0,0,8,8
789,Phú Nhuận,2022-03-03,0,0,0,0,0,8,8
790,Phú Nhuận,2022-03-04,0,0,0,0,0,8,8
791,Phú Nhuận,2022-03-05,0,0,0,0,0,8,8
792,Phú Nhuận,2022-03-06,0,0,0,0,0,8,8
793,Phú Nhuận,2022-03-07,0,0,0,0,0,8,8
794,Phú Nhuận,2022-03-08,0,0,0,0,0,8,8
795,Phú Nhuận,2022-03-09,0,0,0,0,0,8,8
796,Phú Nhuận,2022-03-10,0,0,0,0,0,8,8
797,Phú Nhuận,2022-03-11,0,0,0,0,0,7,7
798,Phú Nhuận,2022-03-12,0,0,0,0,0,7,7
799,Phú Nhuận,2022-03-13,0,0,0,0,0,8,8
800,Phú Nhuận,2022-03-14,0,0,0,0,0,7,7
801,Phú Nhuận,2022-03-15,0,0,0,0,0,8,8
802,Phú Nhuận,2022-03-16,0,0,0,0,0,9,9
803,Phú Nhuận,2022-03-17,0,0,0,0,0,9,9
804,Phú Nhuận,2022-03-18,0,0,0,0,0,8,8
805,Phú Nhuận,2022-03-19,0,0,0,0,0,8,8
806,Phú Nhuận,2022-03-20,0,0,0,0,0,8,8
807,Phú Nhuận,2022-03-21,0,0,0,0,0,8,8
808,Phú Nhuận,2022-03-22,0,0,0,0,0,8,8
809,Phú Nhuận,2022-03-23,0,0,0,0,0,8,8
810,Phú Nhuận,2022-03-24,0,0,0,0,0,7,7
811,Phú Nhuận,2022-03-25,0,99,0,0,0,6,99
812,Phú Nhuận,2022-03-26,26,0,0,0,0,7,26
813,Phú Nhuận,2022-03-27,0,0,0,0,0,8,8
814,Phú Nhuận,2022-03-28,0,0,0,0,0,9,9
815,Phú Nhuận,2022-03-29,0,0,0,0,0,9,9
816,Phú Nhuận,2022-03-30,0,0,0,0,0,7,7
817,Phú Nhuận,2022-03-31,0,0,0,0,0,7,7
818,Phú Nhuận,2022-04-01,0,0,0,0,0,8,8
819,Phú Nhuận,2022-04-02,0,0,0,0,0,8,8
820,Phú Nhuận,2022-04-04,0,0,0,0,0,9,9
821,Phú Nhuận,2022-04-05,0,0,0,0,0,9,9
822,Phú Nhuận,2022-04-06,0,0,0,0,0,8,8
823,Phú Nhuận,2022-04-07,0,0,0,0,0,9,9
824,Phú Nhuận,2022-04-08,0,0,0,0,0,9,9
825,Phú Nhuận,2022-04-09,0,0,0,0,0,8,8
826,Phú Nhuận,2022-04-10,0,0,0,0,0,8,8
827,Phú Nhuận,2022-04-11,0,0,0,0,0,7,7
828,Phú Nhuận,2022-04-12,0,0,0,0,0,8,8
829,Phú Nhuận,2022-04-13,0,0,0,0,0,8,8
830,Phú Nhuận,2022-04-14,0,0,0,0,0,8,8
831,Phú Nhuận,2022-04-15,0,0,0,0,0,7,7
832,Phú Nhuận,2022-04-16,0,0,0,0,0,7,7
833,Phú Nhuận,2022-04-17,0,0,0,0,0,6,6
834,Phú Nhuận,2022-04-18,0,0,0,0,0,6,6
835,Phú Nhuận,2022-04-19,0,0,0,0,0,8,8
836,Phú Nhuận,2022-04-20,0,0,0,0,0,8,8
837,Phú Nhuận,2022-04-21,0,0,0,0,0,9,9
838,Phú Nhuận,2022-04-22,0,0,0,0,0,9,9
839,Phú Nhuận,2022-04-23,0,0,0,0,0,7,7
840,Phú Nhuận,2022-04-24,0,0,0,0,0,7,7
841,Phú Nhuận,2022-04-25,0,0,0,0,0,7,7
842,Phú Nhuận,2022-04-26,0,0,0,0,0,7,7
843,Phú Nhuận,2022-04-27,0,0,0,0,0,7,7
844,Phú Nhuận,2022-04-28,0,0,0,0,0,7,7
845,Phú Nhuận,2022-04-29,0,0,0,0,0,6,6
846,Phú Nhuận,2022-04-30,0,0,0,0,0,7,7
847,Phú Nhuận,2022-05-01,0,0,0,0,0,7,7
848,Phú Nhuận,2022-05-02,0,0,0,0,0,7,7
849,Phú Nhuận,2022-05-03,0,0,0,0,0,8,8
850,Phú Nhuận,2022-05-04,0,0,0,0,0,10,10
851,Phú Nhuận,2022-05-05,0,0,0,0,0,9,9
852,Phú Nhuận,2022-05-06,0,0,0,0,0,9,9
853,Phú Nhuận,2022-05-07,0,0,0,0,0,7,7
854,Phú Nhuận,2022-05-08,0,0,0,0,0,7,7
855,Phú Nhuận,2022-05-09,0,0,0,0,0,8,8
856,Phú Nhuận,2022-05-10,0,0,0,0,0,7,7
857,Phú Nhuận,2022-05-11,0,0,0,0,0,7,7
858,Phú Nhuận,2022-05-12,0,0,0,0,0,7,7
859,Phú Nhuận,2022-05-13,0,0,0,0,0,7,7
860,Phú Nhuận,2022-05-14,0,0,0,0,0,7,7
861,Phú Nhuận,2022-05-15,0,0,0,0,0,7,7
862,Phú Nhuận,2022-05-16,0,0,0,0,0,7,7
863,Phú Nhuận,2022-05-17,0,0,0,0,0,11,11
864,Phú Nhuận,2022-05-18,0,0,0,0,0,12,12
865,Phú Nhuận,2022-05-19,0,0,0,0,0,11,11
866,Phú Nhuận,2022-05-20,0,0,0,0,0,10,10
867,Phú Nhuận,2022-05-21,0,0,0,0,0,9,9
868,Phú Nhuận,2022-05-22,0,0,0,0,0,9,9
869,Phú Nhuận,2022-05-23,0,0,0,0,0,10,10
870,Phú Nhuận,2022-05-24,0,0,0,0,0,10,10
871,Phú Nhuận,2022-05-25,0,0,0,0,0,9,9
872,Phú Nhuận,2022-05-26,0,0,0,0,0,9,9
873,Phú Nhuận,2022-05-27,0,0,0,0,0,9,9
874,Phú Nhuận,2022-05-28,0,0,0,0,0,9,9
875,Phú Nhuận,2022-05-29,0,0,0,0,0,9,9
876,Phú Nhuận,2022-05-30,0,0,0,0,0,9,9
877,Phú Nhuận,2022-05-31,0,0,0,0,0,10,10
878,Phú Nhuận,2022-06-01,0,0,0,0,0,9,9
879,Phú Nhuận,2022-06-02,0,0,0,0,0,9,9
880,Phú Nhuận,2022-06-03,0,0,0,0,0,9,9
881,Phú Nhuận,2022-06-04,0,0,0,0,0,9,9
882,Phú Nhuận,2022-06-05,0,0,0,0,0,9,9
883,Phú Nhuận,2022-06-06,0,0,0,0,0,9,9
884,Phú Nhuận,2022-06-07,0,0,0,0,0,9,9
885,Phú Nhuận,2022-06-08,0,0,0,0,0,10,10
886,Phú Nhuận,2022-06-09,0,0,0,0,0,9,9
887,Phú Nhuận,2022-06-10,0,0,0,0,0,9,9
888,Phú Nhuận,2022-06-11,0,0,0,0,0,9,9
889,Phú Nhuận,2022-06-12,0,0,0,0,0,9,9
890,Phú Nhuận,2022-06-13,0,0,0,0,0,9,9
891,Phú Nhuận,2022-06-14,0,0,0,0,0,9,9
892,Phú Nhuận,2022-06-15,0,0,0,0,0,9,9
893,Phú Nhuận,2022-06-16,0,0,0,0,0,9,9
894,Phú Nhuận,2022-06-17,0,0,0,0,0,6,6
895,Phú Nhuận,2022-06-18,0,0,0,0,0,6,6
896,Phú Nhuận,2022-06-19,0,0,0,0,0,5,5
897,Phú Nhuận,2022-06-20,0,0,0,0,0,5,5
898,Phú Nhuận,2022-06-21,0,0,0,0,0,5,5
899,Phú Nhuận,2022-06-22,0,0,0,0,0,6,6
900,Phú Nhuận,2022-06-23,0,0,0,0,0,6,6
901,Phú Nhuận,2022-06-24,0,0,0,0,0,6,6
902,Phú Nhuận,2022-06-25,0,0,0,0,0,6,6
903,Phú Nhuận,2022-06-26,0,0,0,0,0,6,6
904,Phú Nhuận,2022-06-27,0,0,0,0,0,6,6
905,Phú Nhuận,2022-06-28,0,0,0,0,0,6,6
906,Phú Nhuận,2022-06-29,0,0,0,0,0,5,5
907,Phú Nhuận,2022-06-30,0,0,0,0,0,5,5
908,Phú Nhuận,2022-07-01,0,0,0,0,0,7,7
909,Phú Nhuận,2022-07-02,0,0,0,0,0,6,6
910,Phú Nhuận,2022-07-03,0,0,0,0,0,6,6
911,Phú Nhuận,2022-07-04,0,0,0,0,0,6,6
912,Phú Nhuận,2022-07-05,0,0,0,0,0,6,6
913,Phú Nhuận,2022-07-06,0,0,0,0,0,6,6
914,Phú Nhuận,2022-07-07,0,0,0,0,0,6,6
915,Phú Nhuận,2022-07-08,0,0,0,0,0,6,6
916,Phú Nhuận,2022-07-09,0,0,0,0,0,5,5
917,Phú Nhuận,2022-07-10,0,0,0,0,0,7,7
918,Phú Nhuận,2022-07-11,0,0,0,0,0,7,7
919,Phú Nhuận,2022-07-12,0,0,0,0,0,6,6
920,Phú Nhuận,2022-07-13,0,0,0,0,0,7,7
921,Phú Nhuận,2022-07-14,0,0,0,0,0,6,6
922,Phú Nhuận,2022-07-15,0,0,0,0,0,6,6
923,Phú Nhuận,2022-07-16,0,0,0,0,0,6,6
924,Phú Nhuận,2022-07-17,0,0,0,0,0,6,6
925,Phú Nhuận,2022-07-18,0,0,0,0,0,7,7
926,Phú Nhuận,2022-07-19,0,0,0,0,0,6,6
927,Phú Nhuận,2022-07-20,0,0,0,0,0,6,6
928,Phú Nhuận,2022-07-21,0,0,0,0,0,7,7
929,Phú Nhuận,2022-07-22,0,0,0,0,0,6,6
930,Phú Nhuận,2022-07-23,0,0,0,0,0,7,7
931,Phú Nhuận,2022-07-24,0,0,0,0,0,6,6
932,Phú Nhuận,2022-07-25,0,0,0,0,0,7,7
933,Phú Nhuận,2022-07-26,0,0,0,0,0,6,6
934,Phú Nhuận,2022-07-27,0,0,0,0,0,7,7
935,Phú Nhuận,2022-07-28,0,0,0,0,0,7,7
936,Phú Nhuận,2022-07-29,0,0,0,0,0,7,7
937,Phú Nhuận,2022-07-30,0,0,0,0,0,6,6
938,Phú Nhuận,2022-07-31,0,0,0,0,0,6,6
939,Phú Nhuận,2022-08-01,0,0,0,0,0,7,7
940,Phú Nhuận,2022-08-02,0,0,0,0,0,6,6
941,Phú Nhuận,2022-08-03,0,0,0,0,0,7,7
942,Phú Nhuận,2022-08-04,0,0,0,0,0,7,7
943,Phú Nhuận,2022-08-05,0,0,0,0,0,7,7
944,Phú Nhuận,2022-08-06,0,0,0,0,0,7,7
945,Phú Nhuận,2022-08-07,0,0,0,0,0,6,6
946,Phú Nhuận,2022-08-08,0,0,0,0,0,9,9
947,Phú Nhuận,2022-08-09,0,0,0,0,0,9,9
948,Phú Nhuận,2022-08-10,0,0,0,0,0,8,8
949,Phú Nhuận,2022-08-11,0,0,0,0,0,8,8
950,Phú Nhuận,2022-08-12,0,0,0,0,0,8,8
951,Phú Nhuận,2022-08-13,0,0,0,0,0,6,6
952,Phú Nhuận,2022-08-14,0,0,0,0,0,7,7
953,Phú Nhuận,2022-08-15,0,0,0,0,0,7,7
954,Phú Nhuận,2022-08-16,0,0,0,0,0,7,7
955,Phú Nhuận,2022-08-17,0,0,0,0,0,7,7
956,Phú Nhuận,2022-08-18,0,0,0,0,0,7,7
957,Phú Nhuận,2022-08-19,0,0,0,0,0,7,7
958,Phú Nhuận,2022-08-20,0,0,0,0,0,8,8
959,Phú Nhuận,2022-08-21,0,0,0,0,0,7,7
960,Phú Nhuận,2022-08-22,0,0,0,0,0,6,6
961,Phú Nhuận,2022-08-23,0,0,0,0,0,6,6
962,Phú Nhuận,2022-08-24,0,0,0,0,0,7,7
963,Phú Nhuận,2022-08-25,0,0,0,0,0,7,7
964,Phú Nhuận,2022-08-26,0,0,0,0,0,7,7
965,Phú Nhuận,2022-08-27,0,0,0,0,0,6,6
966,Phú Nhuận,2022-08-28,0,0,0,0,0,6,6
967,Phú Nhuận,2022-08-29,0,0,0,0,0,6,6
968,Phú Nhuận,2022-08-30,0,0,0,0,0,6,6
969,Phú Nhuận,2022-08-31,0,0,0,0,0,7,7
970,Phú Nhuận,2022-09-01,0,0,0,0,0,6,6
971,Phú Nhuận,2022-09-02,0,0,0,0,0,7,7
972,Phú Nhuận,2022-09-03,0,0,0,0,0,7,7
973,Phú Nhuận,2022-09-04,0,0,0,0,0,6,6
974,Phú Nhuận,2022-09-05,0,0,0,0,0,7,7
975,Phú Nhuận,2022-09-06,0,0,0,0,0,7,7
976,Phú Nhuận,2022-09-07,0,0,0,0,0,10,10
977,Phú Nhuận,2022-09-08,0,0,0,0,0,7,7
978,Phú Nhuận,2022-09-09,0,0,0,0,0,8,8
979,Phú Nhuận,2022-09-10,0,0,0,0,0,8,8
980,Phú Nhuận,2022-09-11,0,0,0,0,0,7,7
981,Phú Nhuận,2022-09-12,0,0,0,0,0,7,7
982,Phú Nhuận,2022-09-13,0,0,0,0,0,7,7
983,Phú Nhuận,2022-09-14,0,0,0,0,0,8,8
984,Phú Nhuận,2022-09-15,0,0,0,0,0,7,7
985,Phú Nhuận,2022-09-16,0,0,0,0,0,7,7
986,Phú Nhuận,2022-09-17,0,0,0,0,0,7,7
987,Phú Nhuận,2022-09-18,0,0,0,0,0,7,7
988,Phú Nhuận,2022-09-19,0,0,0,0,0,7,7
989,Phú Nhuận,2022-09-20,0,0,0,0,0,7,7
990,Phú Nhuận,2022-09-21,0,0,0,0,0,7,7
991,Phú Nhuận,2022-09-22,0,0,0,0,0,8,8
992,Phú Nhuận,2022-09-23,0,0,0,0,0,9,9
993,Phú Nhuận,2022-09-24,0,0,0,0,0,7,7
994,Phú Nhuận,2022-09-25,0,0,0,0,0,9,9
995,Phú Nhuận,2022-09-26,0,0,0,0,0,9,9
996,Phú Nhuận,2022-09-27,0,0,0,0,0,8,8
997,Phú Nhuận,2022-09-28,0,0,0,0,0,10,10
998,Phú Nhuận,2022-09-29,0,0,0,0,0,7,7
999,Phú Nhuận,2022-09-30,0,0,0,0,0,7,7
1000,Phú Nhuận,2022-10-01,0,0,0,0,0,6,6
1001,Phú Nhuận,2022-10-02,0,0,0,0,0,5,5
1002,Phú Nhuận,2022-10-03,0,0,0,0,0,5,5
1003,Phú Nhuận,2022-10-04,0,0,0,0,0,7,7
1004,Phú Nhuận,2022-10-05,0,0,0,0,0,6,6
1005,Phú Nhuận,2022-10-06,0,0,0,0,0,9,9
1006,Phú Nhuận,2022-10-07,0,0,0,0,0,6,6
1007,Phú Nhuận,2022-10-08,0,0,0,0,0,6,6
1008,Phú Nhuận,2022-10-09,0,0,0,0,0,7,7
1009,Phú Nhuận,2022-10-10,0,0,0,0,0,4,4
1010,Phú Nhuận,2022-10-11,0,0,0,0,0,6,6
1011,Phú Nhuận,2022-10-12,0,0,0,0,0,7,7
1012,Phú Nhuận,2022-10-13,0,0,0,0,0,5,5
1013,Phú Nhuận,2022-10-14,0,0,0,0,0,5,5
1014,Phú Nhuận,2022-10-15,0,0,0,0,0,4,4
1015,Phú Nhuận,2022-10-16,0,0,0,0,0,5,5
1016,Phú Nhuận,2022-10-17,0,0,0,0,0,6,6
1017,Phú Nhuận,2022-10-18,0,0,0,0,0,5,5
1018,Phú Nhuận,2022-10-19,0,0,0,0,0,7,7
1019,Phú Nhuận,2022-10-20,0,0,0,0,0,9,9
1020,Phú Nhuận,2022-10-21,0,0,0,0,0,7,7
1021,Phú Nhuận,2022-10-22,0,0,0,0,0,8,8
1022,Phú Nhuận,2022-10-23,0,0,0,0,0,7,7
1023,Phú Nhuận,2022-10-24,0,0,0,0,0,6,6
1024,Phú Nhuận,2022-10-25,0,0,0,0,0,7,7
1025,Phú Nhuận,2022-10-26,0,0,0,0,0,4,4
1026,Phú Nhuận,2022-10-27,0,0,0,0,0,6,6
1027,Phú Nhuận,2022-10-28,0,0,0,0,0,5,5
1028,Phú Nhuận,2022-10-29,0,0,0,0,0,5,5
1029,Phú Nhuận,2022-10-30,0,0,0,0,0,6,6
1030,Phú Nhuận,2022-10-31,0,0,0,0,0,5,5
1031,Phú Nhuận,2022-11-01,0,0,0,0,0,5,5
1032,Phú Nhuận,2022-11-02,0,0,0,0,0,6,6
1033,Phú Nhuận,2022-11-03,0,0,0,0,0,7,7
1034,Phú Nhuận,2022-11-04,0,0,0,0,0,8,8
1035,Phú Nhuận,2022-11-05,0,0,0,0,0,8,8
1036,Phú Nhuận,2022-11-06,0,0,0,0,0,7,7
1037,Phú Nhuận,2022-11-07,0,0,0,0,0,7,7
1038,Phú Nhuận,2022-11-08,0,0,0,0,0,7,7
1039,Phú Nhuận,2022-11-09,0,0,0,0,0,7,7
1040,Phú Nhuận,2022-11-10,0,0,0,0,0,8,8
1041,Phú Nhuận,2022-11-11,0,0,0,0,0,8,8
1042,Phú Nhuận,2022-11-12,0,0,0,0,0,9,9
1043,Phú Nhuận,2022-11-13,0,0,0,0,0,7,7
1044,Phú Nhuận,2022-11-14,0,0,0,0,0,6,6
1045,Phú Nhuận,2022-11-15,0,0,0,0,0,6,6
1046,Phú Nhuận,2022-11-16,0,0,0,0,0,6,6
1047,Phú Nhuận,2022-11-17,0,0,0,0,0,6,6
1048,Phú Nhuận,2022-11-18,0,0,0,0,0,6,6
1049,Phú Nhuận,2022-11-19,0,0,0,0,0,6,6
1050,Phú Nhuận,2022-11-20,0,0,0,0,0,5,5
1051,Phú Nhuận,2022-11-21,0,0,0,0,0,7,7
1052,Phú Nhuận,2023-04-01,0,500,2,9,5,8,500
1053,Phú Nhuận,2023-04-02,500,27,3,11,7,7,500
1054,Phú Nhuận,2023-04-03,35,33,3,10,10,8,35
1055,Phú Nhuận,2023-04-04,49,35,3,10,10,7,49
1056,Phú Nhuận,2023-04-05,53,36,2,10,10,7,53
1057,Phú Nhuận,2023-04-06,54,20,1,10,10,5,54
1058,Phú Nhuận,2023-04-07,30,19,1,10,10,6,30
1059,Phú Nhuận,2023-04-08,28,13,2,10,10,6,28
1060,Phú Nhuận,2023-04-09,18,26,2,10,10,7,26
1061,Phú Nhuận,2023-04-10,38,41,2,10,10,7,41
1062,Phú Nhuận,2023-04-11,60,35,1,10,10,7,60
1063,Phú Nhuận,2023-04-12,52,29,1,10,10,6,52
1064,Phú Nhuận,2023-04-13,42,36,1,10,10,7,42
1065,Phú Nhuận,2023-04-14,54,20,1,10,10,7,54
1066,Phú Nhuận,2023-04-15,30,29,1,10,10,7,30
1067,Phú Nhuận,2023-04-16,43,37,1,10,10,7,43
1068,Phú Nhuận,2023-04-17,55,39,1,10,10,6,55
1069,Phú Nhuận,2023-04-18,58,44,2,9,14,7,58
1070,Phú Nhuận,2023-04-19,69,47,1,9,10,8,69
1071,Phú Nhuận,2023-04-20,74,36,1,9,10,7,74
1072,Phú Nhuận,2023-04-21,55,27,1,10,10,7,55
1073,Phú Nhuận,2023-04-22,37,36,1,10,10,8,37
1074,Phú Nhuận,2023-04-23,49,20,1,10,10,7,49
1075,Phú Nhuận,2023-04-24,28,19,1,10,10,8,28
1076,Phú Nhuận,2023-04-25,28,17,1,10,10,6,28
1077,Phú Nhuận,2023-04-26,25,17,1,10,10,8,25
1078,Phú Nhuận,2023-04-27,24,20,1,10,10,8,24
1079,Phú Nhuận,2023-04-28,28,23,1,10,10,7,28
1080,Phú Nhuận,2023-04-29,33,12,1,10,10,8,33
1081,Phú Nhuận,2023-04-30,18,22,1,10,10,8,22
1082,Phú Nhuận,2023-05-01,26,17,1,10,10,7,26
1083,Phú Nhuận,2023-05-02,23,21,1,10,10,7,23
1084,Phú Nhuận,2023-05-03,30,28,1,10,10,7,30
1085,Phú Nhuận,2023-05-04,40,34,2,10,10,7,40
1086,Phú Nhuận,2023-05-05,50,37,2,10,10,7,50
1087,Phú Nhuận,2023-05-06,55,42,3,10,10,8,55
1088,Phú Nhuận,2023-05-07,69,23,2,10,10,7,69
1089,Phú Nhuận,2023-05-08,32,24,1,10,10,8,32
1090,Phú Nhuận,2023-05-09,35,29,1,12,10,7,35
1091,Phú Nhuận,2023-05-10,43,16,1,10,10,3,43
1092,Phú Nhuận,2023-05-11,23,7,1,10,10,3,23
1093,Phú Nhuận,2023-05-12,10,10,1,10,10,4,10
1094,Phú Nhuận,2023-05-13,14,19,2,10,10,3,19
1095,Phú Nhuận,2023-05-14,28,24,1,10,10,3,28
1096,Phú Nhuận,2023-05-15,35,24,1,10,10,2,35
1097,Phú Nhuận,2023-05-16,36,36,2,10,10,3,36
1098,Phú Nhuận,2023-05-17,56,40,2,10,10,3,56
1099,Phú Nhuận,2023-05-18,64,32,3,10,10,3,64
1100,Phú Nhuận,2023-05-19,45,25,2,10,10,1,45
1101,Phú Nhuận,2023-05-20,34,22,3,10,10,2,34
1102,Phú Nhuận,2023-05-21,31,18,2,10,10,3,31
1103,Phú Nhuận,2023-05-22,23,11,2,10,10,5,23
1104,Phú Nhuận,2023-05-23,13,15,1,10,10,8,15
1105,Phú Nhuận,2023-05-24,19,12,1,10,10,8,19
1106,Phú Nhuận,2023-05-25,15,11,1,10,10,8,15
1107,Phú Nhuận,2023-05-26,14,12,1,10,10,8,14
1108,Phú Nhuận,2023-05-27,13,9,1,10,10,6,13
1109,Phú Nhuận,2023-05-28,11,9,1,10,10,7,11
1110,Phú Nhuận,2023-05-29,12,10,1,10,10,7,12
1111,Phú Nhuận,2023-05-30,12,12,1,10,10,7,12
1112,Phú Nhuận,2023-05-31,14,12,2,10,10,7,14
1113,Phú Nhuận,2023-06-01,13,12,2,10,10,7,13
1114,Phú Nhuận,2023-06-02,14,12,1,10,10,7,14
1115,Phú Nhuận,2023-06-03,15,16,2,10,10,7,16
1116,Phú Nhuận,2023-06-04,19,13,1,10,10,7,19
1117,Phú Nhuận,2023-06-05,15,9,1,10,10,7,15
1118,Phú Nhuận,2023-06-06,12,7,1,10,10,8,12
1119,Phú Nhuận,2023-06-07,9,9,1,10,10,7,10
1120,Phú Nhuận,2023-06-08,10,11,1,10,10,7,11
1121,Phú Nhuận,2023-06-09,14,10,1,10,10,7,14
1122,Phú Nhuận,2023-06-10,12,10,1,10,10,7,12
1123,Phú Nhuận,2023-06-11,12,10,1,10,10,6,12
1124,Phú Nhuận,2023-06-12,12,13,1,10,10,7,13
1125,Phú Nhuận,2023-06-13,15,12,1,10,10,6,15
1126,Phú Nhuận,2023-06-14,14,8,1,10,10,6,14
1127,Phú Nhuận,2023-06-15,8,8,1,10,10,6,10
1128,Phú Nhuận,2023-06-16,8,7,1,10,10,6,10
1129,Phú Nhuận,2023-06-17,8,6,1,10,10,6,10
1130,Phú Nhuận,2023-06-18,7,6,1,10,10,6,10
1131,Phú Nhuận,2023-06-19,7,7,1,10,10,6,10
1132,Phú Nhuận,2023-06-20,8,8,1,10,10,6,10
1133,Phú Nhuận,2023-06-21,9,9,500,10,10,6,500
1134,Phú Nhuận,2023-06-22,10,10,1,10,10,5,10
1135,Phú Nhuận,2023-06-23,11,10,1,10,10,6,11
1136,Phú Nhuận,2023-06-24,11,9,1,10,10,6,11
1137,Phú Nhuận,2023-06-25,12,9,1,10,10,5,12
1138,Phú Nhuận,2023-06-26,11,8,1,10,10,2,11
1139,Phú Nhuận,2023-06-27,9,10,1,10,10,2,10
1140,Phú Nhuận,2023-06-28,13,11,1,10,10,2,13
1141,Phú Nhuận,2023-06-29,12,8,1,10,10,1,12
1142,Phú Nhuận,2023-06-30,9,11,1,10,10,2,11
1143,Phú Nhuận,2023-07-01,11,0,0,0,0,0,11
1144,Phú Nhuận,2023-07-02,0,6,1,10,10,1,10
1145,Phú Nhuận,2023-07-03,6,6,1,10,10,2,10
1146,Phú Nhuận,2023-07-04,7,7,1,10,10,1,10
1147,Phú Nhuận,2023-07-05,8,7,2,10,10,1,10
1148,Phú Nhuận,2023-07-06,8,10,2,10,10,1,10
1149,Phú Nhuận,2023-07-07,11,10,2,10,10,2,11
1150,Phú Nhuận,2023-07-08,11,8,2,10,10,2,11
1151,Phú Nhuận,2023-07-09,9,8,1,10,10,1,10
1152,Phú Nhuận,2023-07-10,9,10,1,10,10,2,10
1153,Phú Nhuận,2023-07-11,11,9,2,10,10,2,11
1154,Phú Nhuận,2023-07-12,10,10,2,10,10,1,10
1155,Phú Nhuận,2023-07-13,11,12,2,10,10,2,12
1156,Phú Nhuận,2023-07-14,14,11,1,9,10,2,14
1157,Phú Nhuận,2023-07-15,12,9,1,9,10,1,12
1158,Phú Nhuận,2023-07-16,10,10,1,8,10,2,10
1159,Phú Nhuận,2023-07-17,12,12,0,9,10,1,12
1160,Phú Nhuận,2023-07-18,13,9,1,9,10,2,13
1161,Phú Nhuận,2023-07-19,11,7,500,9,10,2,500
1162,Phú Nhuận,2023-07-20,8,8,500,9,10,1,500
1163,Phú Nhuận,2023-07-21,11,8,0,9,10,1,11
1164,Phú Nhuận,2023-07-22,10,7,0,8,10,1,10
1165,Phú Nhuận,2023-07-23,9,6,0,9,10,2,10
1166,Phú Nhuận,2023-07-24,8,6,0,8,10,2,10
1167,Phú Nhuận,2023-07-25,8,6,0,9,10,2,10
1168,Phú Nhuận,2023-07-26,8,11,0,9,10,2,11
1169,Phú Nhuận,2023-07-27,12,10,0,9,10,2,12
1170,Phú Nhuận,2023-07-28,10,11,250,9,10,2,250
1171,Phú Nhuận,2023-07-29,11,7,0,9,10,2,11
1172,Phú Nhuận,2023-07-30,8,11,0,9,10,2,11
1173,Phú Nhuận,2023-07-31,13,12,0,8,10,3,13
1174,Phú Nhuận,2023-08-01,14,14,0,8,10,3,14
1175,Phú Nhuận,2023-08-02,17,12,0,9,10,3,17
1176,Phú Nhuận,2023-08-03,16,12,0,8,10,3,16
1177,Phú Nhuận,2023-08-04,14,12,0,9,10,2,14
1178,Phú Nhuận,2023-08-05,13,13,0,9,10,2,13
1179,Phú Nhuận,2023-08-06,13,11,0,9,10,2,13
1180,Phú Nhuận,2023-08-07,12,11,0,9,10,2,12
1181,Phú Nhuận,2023-08-08,12,14,0,9,10,2,14
1182,Phú Nhuận,2023-08-09,16,14,1,10,10,2,16
1183,Phú Nhuận,2023-08-10,15,16,1,11,10,2,16
1184,Phú Nhuận,2023-08-11,18,16,0,11,10,2,18
1185,Phú Nhuận,2023-08-12,17,15,3,11,10,1,17
1186,Phú Nhuận,2023-08-13,17,17,1,11,11,2,17
1187,Phú Nhuận,2023-08-14,19,14,1,11,11,2,19
1188,Phú Nhuận,2023-08-15,16,12,1,11,11,2,16
1189,Phú Nhuận,2023-08-16,15,8,1,11,10,2,15
1190,Phú Nhuận,2023-08-17,9,9,1,11,10,2,11
1191,Phú Nhuận,2023-08-18,11,11,1,11,11,2,11
1192,Phú Nhuận,2023-08-19,13,10,1,11,11,1,13
1193,Phú Nhuận,2023-08-20,12,8,1,11,10,2,12
1194,Phú Nhuận,2023-08-21,11,8,500,11,10,2,500
1195,Phú Nhuận,2023-08-22,9,8,1,11,10,1,11
1196,Phú Nhuận,2023-08-23,9,12,1,10,10,2,12
1197,Phú Nhuận,2023-08-24,14,10,1,11,10,1,14
1198,Phú Nhuận,2023-08-25,12,10,1,11,11,2,12
1199,Phú Nhuận,2023-08-26,12,10,1,11,11,2,12
1200,Phú Nhuận,2023-08-27,12,10,1,11,10,2,12
1201,Phú Nhuận,2023-08-28,11,12,1,11,10,2,12
1202,Phú Nhuận,2023-08-29,17,12,2,10,10,2,17
1203,Phú Nhuận,2023-08-30,17,15,1,10,10,4,17
1204,Phú Nhuận,2023-08-31,22,18,4,11,10,3,22
1205,Phú Nhuận,2023-09-01,26,25,3,11,11,3,26
1206,Phú Nhuận,2023-09-02,36,0,0,0,0,0,36
1207,Phú Nhuận,2023-09-07,0,5,0,11,10,5,11
1208,Phú Nhuận,2023-09-08,6,6,0,11,10,6,11
1209,Phú Nhuận,2023-09-09,8,6,0,11,10,7,11
1210,Phú Nhuận,2023-09-10,7,6,0,11,10,8,11
1211,Phú Nhuận,2023-09-11,8,8,6,11,11,8,11
1212,Phú Nhuận,2023-09-12,9,8,0,11,10,9,11
1213,Phú Nhuận,2023-09-13,9,8,0,11,10,10,11
1214,Phú Nhuận,2023-09-14,11,6,4,11,10,8,11
1215,Phú Nhuận,2023-09-15,8,4,500,11,10,9,500
1216,Phú Nhuận,2023-09-16,6,7,0,10,10,10,10
1217,Phú Nhuận,2023-09-17,11,7,1,11,10,7,11
1218,Phú Nhuận,2023-09-18,10,6,1,11,10,7,11
1219,Phú Nhuận,2023-09-19,7,8,2,11,11,7,11
1220,Phú Nhuận,2023-09-20,11,9,1,11,10,6,11
1221,Phú Nhuận,2023-09-21,12,8,1,11,10,7,12
1222,Phú Nhuận,2023-09-22,10,8,1,11,10,7,11
1223,Phú Nhuận,2023-09-23,10,6,1,11,10,9,11
1224,Phú Nhuận,2023-09-24,9,3,1,10,10,8,10
1225,Phú Nhuận,2023-09-25,5,5,1,11,10,6,11
1226,Phú Nhuận,2023-09-26,7,5,1,11,10,8,11
1227,Phú Nhuận,2023-09-27,7,6,1,11,10,10,11
1228,Phú Nhuận,2023-09-28,8,6,179,11,10,9,179
1229,Phú Nhuận,2023-09-29,7,6,1,11,10,8,11
1230,Phú Nhuận,2023-09-30,8,7,1,11,10,7,11
1231,Phú Nhuận,2023-10-01,10,10,1,11,10,7,11
1232,Phú Nhuận,2023-10-02,14,9,0,11,10,11,14
1233,Phú Nhuận,2023-10-03,14,6,0,10,10,11,14
1234,Phú Nhuận,2023-10-04,8,8,1,11,10,7,11
1235,Phú Nhuận,2023-10-05,10,11,1,11,10,9,11
1236,Phú Nhuận,2023-10-06,15,4,1,11,10,7,15
1237,Phú Nhuận,2023-10-07,5,6,1,11,10,7,11
1238,Phú Nhuận,2023-10-08,9,11,1,10,10,9,11
1239,Phú Nhuận,2023-10-09,17,10,1,10,10,11,17
1240,Phú Nhuận,2023-10-10,14,3,1,10,10,9,14
1241,Phú Nhuận,2023-10-11,5,4,1,10,10,11,11
1242,Phú Nhuận,2023-10-12,7,4,1,10,10,10,10
1243,Phú Nhuận,2023-10-13,7,6,1,10,10,8,10
1244,Phú Nhuận,2023-10-14,10,11,1,10,10,8,11
1245,Phú Nhuận,2023-10-15,17,25,2,10,10,7,25
1246,Phú Nhuận,2023-10-16,37,24,3,10,10,2,37
1247,Phú Nhuận,2023-10-17,36,7,2,10,10,2,36
1248,Phú Nhuận,2023-10-18,10,7,1,10,10,0,10
1249,Phú Nhuận,2023-10-19,10,0,0,0,0,0,10
